14	那是一只有恶意的兔子。	That was an evil bunny.
17	我不知道我有没有时间。	I don't know if I have the time.
27	我会尽量不打扰你复习。	I will try not to interrupt you while you are studying.
37	我从来没喜欢过生物学。	I never liked biology.
39	大部份的人觉得我疯了。	Most people think I'm crazy.
47	如果我可以像那样的话...	If I could be like that...
61	不要再把我当成“正常”人！	Stop seeing me as a "normal" person!
62	所有被发明的都是真的。	All that which is invented, is true.
64	宇宙毫无疑问是无限的。	There's no doubt that the universe is infinite.
66	然而，相反的理论往往也是真的。	And yet, the contrary is always true as well.
70	从来就没有徒劳的爱情。	Love is never wasted.
72	没有欲望就等于拥有。	Not wanting is the same as having.
7166	我已经看过这部电影了。	I have seen the film before.
136238	我收到了请帖。	I received an invitation.
332420	我收到了一张请帖。	I received an invitation.
332428	在英国的时候，我经常看参考书。	While in England I often consulted the guidebook.
332429	我弟弟会经常彻夜不睡。	My brother will often sit up all night.
332430	你不得不制造一些借口。	You'll have to manufacture some kind of excuse.
332438	请把它充入我的账户。	Please add it to my account.
332441	他们是热爱和平的人。	They are peace-loving people.
332450	我是网球俱乐部的会员。	I belong to a tennis club.
332452	据说山上的天气变化很快。	It is said that the weather on the mountain changes easily.
332466	我觉得这个网站的概念非常好。	I really like the concept of this website.
332472	等她回来的时候问问她。	Ask her when she comes back.
332485	温度计往往低于零度。	Thermometers often go below zero.
332486	要完成实验，三个月太短了。	Three months is too short a time to finish the experiment.
332499	他的医生建议他戒烟。	His doctor advised him to quit smoking.
332513	他寻找一切可能的逃生途径。	He looked for every possible means of escape.
332524	外交谈判帮助结束了冲突。	Diplomatic dialogue helped put an end to the conflict.
332536	让我们来澄清一下这个问题。	Let's clear up this problem.
332541	照这样的情况，很抱歉，我不能接受你的盛情邀请。	As such is the case, I am sorry I can't accept your kind invitation.
332544	老师给我们布置了家庭作业。	The teacher gave us homework.
332548	你走了，我们都会想你的。	We shall all miss you when you go away.
332552	由于火车延误，我迟到了。	I was late as a result of the train delay.
332554	这种款式的帽子现在很流行。	This style of hat is now in fashion.
332561	我无法相信自己的眼睛。	I can't believe my eyes.
332563	你考虑周到，没有打扰我们。	You were considerate not to disturb us.
332570	他的努力没有成果。	Nothing has resulted from his efforts.
332582	请帮我找一下我的钱包。	Please find me my wallet.
332587	这本书有精美的插图。	This book is beautifully illustrated.
332588	她和她妹妹一样亲切。	She is no less kind than her sister is.
332594	他给我讲述了他的一生。	He told me the story of his life.
332595	事故耽误了我们半小时。	An accident delayed us for half an hour.
332596	这种秘密总有一天会被揭露的。	Such secrets are always eventually revealed.
332612	诚信是一种重要的美德。	Honesty is a capital virtue.
332613	鲍勃第一个到达终点线。	Bob reached the finish line first.
332617	她不喜欢我说话的方式。	She doesn't like the way I speak.
332618	他请求她给予优待。	He asked her to give him preferential treatment.
332619	能不能请你把盐递给我？	Could you pass me the salt, please?
332632	我听到这个消息很吃惊。	I was surprised at the news.
332633	她一直和她的兄弟争吵。	She was always quarreling with her brothers.
332640	月球是地球唯一的卫星。	The moon is the earth's only satellite.
332654	写下你名字的大写字母。	Write your name in capital letters.
332656	我对外籍员工没有偏见。	I don't have a prejudice against foreign workers.
332666	所有迹象表明她好起来了。	All the signs are that she is getting better.
332668	建筑物在地震中摇晃。	The buildings shook in the earthquake.
332673	谁来为风险投资提供资金？	Who will provide capital for the venture?
332676	他的政权必定会崩溃。	His regime is bound to collapse.
332677	小偷迅速地窜入了人群。	The thief whipped out into the crowd.
332683	接受对方的准则就是给予他权力。	Accepting the other's norms is submitting to the other's power.
332690	孩子们应该每天喝牛奶。	Children should drink milk every day.
332695	除非雨停了，我们才会出去。	We won't go out unless it stops raining.
332700	我已经受够了这个计划。	I've had enough of this program.
332702	我发现他在花园里干活。	I found him working in the garden.
332703	毕加索是个有名的艺术家。	Picasso is a famous artist.
332708	生活很困难，但我更坚强。	Life is hard, but I am harder.
332710	这一消息证实了我的怀疑。	The news confirmed my suspicions.
332735	这些食物看起来很好吃。	The food looks very delicious.
332752	我买了一盏古老的灯。	I bought an ancient lamp.
332765	他简单地阐述了他的理由。	He gave his reasons in brief.
332774	这房子里似乎在办派对。	There appears to be a party in that house.
332777	我们必须保持家庭传统。	We must keep up the family traditions.
332779	一个神圣的仪式在庄严的庙宇中举行。	A sacred ritual took place in the magnificent temple.
332785	天冷得足以让湖结冰。	The weather was so cold that the lake froze over.
332789	今晚我将在朋友家过夜。	I will put up at my friend's tonight.
332795	你会发现难以满足她。	You'll find it difficult to meet her requirements.
332797	我尊敬长辈。	I respect elderly people.
332799	他们的合同在这个月底到期。	Their contract is to run out at the end of this month.
332813	她没有辜负我们的期望。	She lived up to our expectations.
332828	她原谅了男孩的粗鲁。	She forgave the boy for his rudeness.
332832	你会代替我去派对吗？	Will you go to the party instead of me?
332842	一些人通过阅读来放松。	Some people relax by reading.
332844	有了坚定的目标，你会做得很好。	With a firm goal in mind, you will do well.
332850	我小时候常常独自玩耍。	I used to play alone when I was a child.
332851	这是去牛津大学的车吗？	Is this the bus to Oxford?
332853	你觉得这件毛衣怎么样？	What do you think of this sweater?
332859	在这儿等到他回来为止。	Wait here till he comes back.
332864	爸爸今天很不耐烦。	Dad's in an impatient mood today.
332868	听到这个让我感觉热血沸腾。	It made my blood boil to hear that.
332869	许多人在工业城市工作。	Many people work in industrial towns.
332880	要掌握法语一点都不容易。	It's not easy to master French at all.
332891	她给客人看了她的宝宝。	She showed the visitor her baby.
332900	你的学校在这个城市吗？	Is your school in this town?
332905	她现在正待在她叔叔家。	She is now staying at her uncle's house.
332907	我身负一个重要的任务。	I am charged with an important mission.
332909	好习惯是从小养成的。	Good habits should be cultivated in childhood.
332912	我开门的时候弄坏了锁。	In opening the door, I broke the lock.
332919	国际货币基金组织不考虑再借款给该国。	The IMF ruled out any new loans to that country.
332924	你乘飞机还是乘火车去？	Are you going by air or by train?
332929	奈良是个非常古老的城市。	Nara is a very old city.
332931	她认为计划很好，但不可行。	She thought the plan was fine but impractical.
332932	我们为表演者鼓掌。	We gave the performer a round of applause.
332940	他的故事一部分是真的。	Part of his story is true.
332942	史密斯夫妇现在分居了。	Mr. and Mrs. Smith live apart from each other now.
332946	他受邀做俱乐部的主席。	He was invited to be the chairman of the club.
332947	知足常乐。	Happy is the man who is contented.
332968	控制一个班级需要你做老师的所有技能。	To control a class calls for all your skills as a teacher.
332983	他一直很担心他的女儿。	He's always worrying about his daughter.
332988	我很钦佩他的才干。	I feel admiration for his talent.
332994	退休后他的收入少了一半。	His income was diminished by half after retirement.
332997	她太放任她的孩子们了。	She lets her children have their own way too much.
332999	年轻人应该尊敬老人。	The young should respect the old.
333000	他不打算买一个摄像机。	He isn't going to buy a camera.
333001	他在城市里一直受到噪音或者其他的干扰。	He was always annoyed in the city by noises of one sort or another.
333002	他们的旅行因为火车延期了。	Their journey was delayed because of the train.
333007	我头撞到了门，肿了一块。	I bumped my head against the door and got a lump.
333010	我们在下个加油站停一下。	Let's stop at the next gas station.
333013	舞台上有着名音乐家吗？	Are there any famous musicians on the stage?
333030	火车因大雪被耽搁了。	The train was delayed because of heavy snowfall.
333042	这辆车保养起来很贵。	It is expensive running this car.
333102	没有水，我们无法生存。	Without water, we cannot exist.
333114	所有苹果树都被砍倒了。	All the apple trees were cut down.
333125	大好的前途摆在他面前。	A brilliant future lay before him.
333126	这个房间里有个电视机。	There is a television in this room.
333146	花园被木栅栏围了起来。	The garden was surrounded by a wooden fence.
333147	这将是你最后一次被欺骗了。	This will be the last time you're deceived.
333152	字典上写的不总是对的。	What a dictionary says is not always right.
333172	她非常周到和耐心。	She is very thoughtful and patient.
333182	她忙着编织。	She was busy with her knitting.
333186	我妹妹嫁给了一个医生。	My sister married a doctor.
333194	他半夜打了个电话给我。	He gave me a ring at midnight.
333195	他的性情古怪。	He's a strange character.
333199	他们有他们自己的文化。	They had a culture of their own.
333200	凡人皆有得意时。	Every dog has his day.
333212	水沸腾后变为蒸汽。	Water turns into steam when it is boiled.
333214	我听到这个消息很惊讶。	I was very surprised to hear the news.
333217	这些天我的视力正在变差。	My vision is getting worse these days.
333226	想吃多少饼干就吃多少。	Take as many cookies as you want.
333227	狗的嗅觉灵敏。	Dogs have a keen sense of smell.
333234	一个丑男人敲了我的门。	An ugly man knocked on my door.
333239	万一你生病了，吃这个药。	Take this medicine in case you get sick.
333278	他们一直爬到悬崖顶上。	They climbed to the top of a cliff.
333296	我能用一下你的字典吗？	Can I use your dictionary for a minute?
333303	我尽量留着胃吃甜点。	I'm trying to save room for dessert.
333311	我们走开的时候，房子被盗窃了。	Our house was robbed while we were away.
333312	音乐是人类共通的语言。	Music is a common speech for humanity.
333313	他们就快从香港抵达了。	They are arriving here soon from Hong Kong.
333331	他怎么敢拆我的信！	How dare he open my letters!
333335	尽量试着用好你的时间。	Try to make the most of your time.
333362	东京是一个很大的城市。	Tokyo is a big city.
333374	番茄容易遭受很多病害。	The tomato is subject to a number of diseases.
333382	你昨天早上在打网球吗？	Were you playing tennis yesterday morning?
333383	我能用一下你的铅笔吗？	Can I borrow your pencil for a bit?
333390	我听了，但什么也没听到。	I listened, but I didn't hear anything.
333432	学生不该忽略自己的身份。	A student should not lose sight of his own identity.
333436	这本书谁想要就给谁吧。	Let's give the book to whoever wants it.
333468	他英勇的行为带给了他光荣。	His acts of courage brought him glory.
333469	她不但漂亮，而且聪明。	She is as clever as she is beautiful.
333497	我听说他打麻将很厉害。	I hear he is good at mahjong.
333503	她坚持认为那是我的错。	She insisted that it was my fault.
333507	你必须从失败中吸取教训。	You must learn from mistakes.
333509	睡过头不是迟到的理由。	Over-sleeping is no excuse for being late.
333510	我也听过一个类似的故事。	I also heard a similar story.
333532	他年轻的时候穷困潦倒。	He was terribly poor when he was young.
333537	总统拒绝回答那个问题。	The president refused to respond to that question.
333542	我希望将来成为一名牙医。	I wish to become a dentist in the future.
333565	他听到消息后失去了理智。	He went mad when he heard the story.
333569	好的，但我们先吃晚饭吧。	Sure, but let's eat dinner first.
333584	在这个城市，白人和黑人间的争端愈演愈烈。	The conflict between blacks and whites in the city became worse.
333587	这个国家的政府压迫人民。	The government of this country oppresses its people.
333588	我们去年遇到了赤字。	We went into the red last year.
333590	观察鸟类是个很好的业余爱好。	Bird watching is a nice hobby.
333593	谁的老师是从英国来的?	Whose teacher is coming from the United Kingdom?
333615	他说的词典图书馆没有.	The dictionary he talked about isn't available in the library.
333632	你有几个姐姐,几个哥哥?	How many sisters and brothers do you have?
333660	不要隐瞒你对此的想法。	Don't conceal what you feel about it.
333661	她对谁都很和蔼可亲。	She is gracious to everyone.
333663	我已经吃饱了，谢谢。	I'm already full, thank you.
333672	让我来给你举个例子吧。	Let me give you an example.
333675	他在他班里学习最努力。	He works hardest in his class.
333676	谁都知道知足常乐。	Everybody knows that happiness is in contentment.
333705	全班同学每周出席一次。	The whole class is present once a week.
333709	她养各种不同的宠物。	She kept various kinds of pets.
333710	不要再让这种事发生了！	Don't let that happen again!
333713	他跟她说这样的话真是太残忍了。	It is cruel of him to say such things to her.
333751	那条新裙子让她很满意。	She was satisfied with the new dress.
333752	是谁教她怎么说英语的？	Who taught her how to speak English?
333763	摄像机对我而言是必需品。	The camera was essential for me.
333766	你今天早上喂过狗了吗？	Did you feed the dog this morning?
333774	达芬奇比别人高瞻远瞩。	Da Vinci could see farther than others.
333775	我们每周在这儿聚一次。	We gather here once a week.
333781	我在洗澡的时候，电话响了。	The phone rang while I was taking a shower.
333785	她开始对生态学感兴趣，是受到他的影响。	It was through his influence that she became interested in ecology.
333786	无可否认她非常有能力。	There is no denying that she is very efficient.
333799	把你的课本翻到第十页。	And open your textbook at page ten.
333820	披头士的发型引起了轰动。	The hair style of the Beatles created a sensation.
333834	节日和考试碰巧在同一天。	The date of the festival coincides with that of the exam.
333841	你尤其不该空腹喝酒。	You should especially not drink on an empty stomach.
333844	首先，我要听听双方的意见。	First, I should hear both sides.
333846	你回来之前我已经走了。	I had already left before you returned.
333856	我父亲一直很冷静。	My father is always cool.
333859	他喜欢打猎。	He likes hunting.
333917	该事件播下了战争的种子。	The incident sowed the seeds of the war.
333944	是在这点上我们的意见有分歧。	It is on this point that our opinions differ.
333947	金窝银窝不如自己的狗窝。	Be it ever so humble, there's no place like home.
333966	爱尔兰和英格兰被海分割。	A sea separates Ireland and England.
333972	他又高又胖，还总是很忙。	He is tall, fat and always busy.
333977	你能告诉我这是什么吗？	Can you tell me what this is?
333998	那个男孩否认偷了自行车。	The boy denied having stolen the bicycle.
334033	整个国家被大雪复盖了。	The whole country was covered in snow.
334052	他好心地把我送到医院。	He was kind enough to take me to the hospital.
334064	有些植物无法适应寒冷。	Some plants cannot adapt themselves to the cold.
334067	你认为他适合这个职位吗？	Do you think he is good for the position?
334069	不要哭得像个孩子似的。	Don't cry like a child!
334074	走着去火车站要多久？	How long does it take to walk to the station?
334082	她喜欢为她的家人做饭。	She likes cooking for her family.
334097	我想知道这句话的意思。	I wonder what this phrase means.
334102	水结冰后成为固体。	Water becomes solid when it freezes.
334104	我叔叔给了我一份礼物。	My uncle gave me a present.
334122	谁是你最喜爱的电视明星？	Who's your favourite TV star?
334130	英国首都伦敦在泰晤士河畔。	London, the capital of England, is on the Thames.
334155	我认为考试破坏教育。	I think exams ruin education.
334159	没有什么是不劳而获的。	Nothing is achieved without effort.
334160	没有你我无法做到，谢谢。	I couldn't have done it without you. Thank you.
334174	据说《哈姆雷特》是写出来的最有意思的剧本。	It is said that "Hamlet" is the most interesting play ever written.
334205	自我怀疑是聪明的第一标志。	To have doubts about oneself is the first sign of intelligence.
334208	许多房屋被洪水冲走了。	A lot of houses were washed away by the flood.
334209	他不是歌手，但是个演员。	He is not a singer, but an actor.
334211	你喜欢棒球到什么程度？	To what degree are you interested in baseball?
334228	我爸爸年轻的时候一定很英俊。	My father must have been handsome in his youth.
334238	我爸爸会在这周末回家。	My father will come home at the end of this week.
334239	我父亲是一名外科专家。	My father is an expert surgeon.
334240	爸爸出去了，但妈妈在家。	Father is out, but Mother is at home.
334243	我爸爸经常去美国出差。	My father often goes to America on business.
334254	玛丽不穷，相反，她相当富裕。	Mary is not poor. On the contrary, she is quite rich.
334255	虽然他很有钱，但他不幸福。	Even though he has a lot of money, he's not happy.
334260	他考试拿了满分是真的。	It is true that he got full marks on the test.
334280	他曾经被授予金牌。	He's been awarded a gold medal once.
334283	他的容貌改变了许多。	He's changed a lot in his looks.
334298	很快，城市就被士兵占领了。	The city was soon occupied by the soldiers.
334304	你的新电脑运行得好吗？	Does your new computer run well?
334320	消息一点一点地传开了。	The news spread little by little.
334328	当它运转了，他们才看起来放心了。	They looked relieved only when it was in motion.
334333	人们说爱情是盲目的。	They say love is blind.
334378	这里的夏天很潮湿，另外，冬天很干燥。	It gets very humid here in the summer. In the winter, on the other hand, it gets very dry.
334379	她拒绝了我的资助。	She turned down the subsidy that I offered.
334402	我们刚好有时间吃早饭。	We just have enough time to eat breakfast.
334419	他们惊得目瞪口呆。	They were left speechless.
334430	你真走运，因为他没咬你。	You're lucky because he didn't bite you.
334432	从马德里来的人都很怪。	People from Madrid are weird.
334450	德国人很狡猾。	The Germans are very crafty.
334451	把扑克牌放在橡木桌上。	Place the deck of cards on the oaken table.
334454	黑麦被称为贫穷的谷物。	Rye was called the grain of poverty.
334477	“这正是我在找的。”他喊道。	"This is what I was looking for!" he exclaimed.
334494	“滚石不生苔”是一句谚语。	"A rolling stone gathers no moss" is a proverb.
334497	我从没见过那么大的西瓜！	I've never seen such a giant watermelon!
334530	昨晚我的自行车被偷了。	I had my bicycle stolen last night.
334540	这个消息让她很伤心。	The news made her sad.
334546	我从来没感觉那么好过。	Never have I felt better.
334554	我做事该果断。	I should stop procrastinating.
334577	他以优异的成绩毕业于剑桥大学。	He graduated from Cambridge with honors.
334579	他来这里的目的是什么？	For what purpose did he come here?
334581	你已经去过夏威夷了吗？	Have you ever been to Hawaii?
334595	你会去访问其他国家吗？	Are you going to visit any other countries?
334596	我爱的那个男孩不爱我。	The boy I love doesn't love me.
334598	她在睡眠中安详地去世了。	She passed away peacefully in her sleep.
334607	邻居看见信箱不是空的。	The neighbours see that the mailbox hasn't been emptied.
334614	“酒水免费吗？”“仅女士而已。”	"Are the drinks free?" "Only for ladies."
334615	我老板把艰巨的任务指派给了我。	My boss assigned the hard job to me.
334619	这鸟你们用英语怎么称呼？	What do you call this bird in English?
334648	我希望我们能保持联系。	I hope we stay in touch.
334661	我爸爸已经戒烟戒酒了。	My father has already given up smoking and drinking.
334667	英语不容易，但很有意思。	English is not easy, but it is interesting.
334680	你不能喝海水，因为它太咸了。	You can't drink seawater because it is too salty.
334691	吸烟影响了他的肺部。	Smoking has affected his lungs.
334695	他看见色彩鲜艳的鸟、花朵和树叶。	He saw brightly-colored birds, flowers and leaves.
334732	旅行社的利润猛涨。	Travel agencies' profits soared.
334734	就像你们知道的那样，毅力是成功的关键。	Perseverance, as you know, is the key to success.
334742	地球的外形和橙子相似。	The globe is similar in shape to an orange.
334763	他狼吞虎咽地吃了一顿。	He devoured his meal.
334771	我厌烦了他的长篇大论。	I got bored with his long talk.
334772	领主对他的臣民有绝对权力。	The lord held absolute power over his subjects.
334788	我从英国订了好几本书。	I ordered several books from England.
334789	演出什么时候开始？	What time does the play begin?
334791	美国的自然资源很丰富。	The United States is abundant in natural resources.
334833	我能看一眼那本杂志吗？	Can I have a look at the magazine?
334835	他们指责我没有信守诺言。	They accused me of having broken my promise.
334839	两个侦探跟着嫌疑人。	Two detectives followed the suspect.
334865	她对当下的流行很敏感。	She is sensitive to current fashions.
334888	你的行为完全合法。	Your conduct is perfectly legal.
334903	年轻的时候你应该开拓你的思想。	You should enrich your mind when young.
334912	得了！你弄得她不自在了！	Stop it! You're making her feel uncomfortable!
334913	忍耐是有限度的。	Patience has its limits.
334923	你怎么在太空里找到食物？	How do you find food in outer space?
334925	我在想你今天会不会来。	I was wondering if you were going to show up today.
334929	你喜欢什么风格的音乐？	What kind of music do you like?
334980	他看上去是个十足的绅士。	He looks every inch a gentleman.
334983	这个学校的学生很友好。	The students of this school are kind.
334993	每隔四年，奥运会举行一次。	The Olympic Games take place at intervals of four years.
334994	奥林匹克的起源是什么？	What are the origins of the Olympics?
334997	油是从橄榄中提炼出来的。	Oil is extracted from olives.
335007	请来两杯茶和一杯咖啡。	Please can we have two teas and one coffee.
335023	伦敦有很多漂亮的公园。	There are many beautiful parks in London.
335027	我妈妈英语说得不太好。	My mom doesn't speak English very well.
335037	你觉得我之前在做什么？	What do you think I've been doing?
335046	我做得好到不能再好了。	I can't do any better.
335055	我生平难得做了一件好事...却是没用的。	For once in my life I'm doing a good deed... And it is useless.
335080	他是个很安静的人，头顶有点秃。	He's a quiet man, a little bald on top.
335103	您能教我下国际象棋吗？	Can you teach me to play chess?
335107	他终于完成了他的目标。	In the end he achieved his objective.
335125	不要对批评太敏感了。	Don't be too sensitive to criticism.
335127	他说的话根本毫无意义。	The things he says are not the least bit important.
335130	火车什么时候到横滨？	What time does this train reach Yokohama?
335140	你是中国人还是日本人？	Are you Chinese or Japanese?
335170	这些焰火真壮观！	These fireworks are spectacular!
335171	去年夏天，我们在桥上看焰火看得很过瘾。	We enjoyed watching the fireworks on a bridge last summer.
335256	这很可能意味着战争。	In all likelihood, this means war.
335259	战争不会使任何人幸福。	War doesn't make anybody happy.
335267	她在夜校上自卫术课程。	She took night classes in the art of self-defense.
335271	猫在黑暗中都是灰色的。	All cats are grey in the dark.
335272	尽管很忙，她还是来送我了。	Though very busy, she came to see me off.
335275	你做任何事都要尽全力。	Do your best in anything you do.
335277	这对夫妇生了个儿子。	The couple had a son.
335279	我看见那儿有个很美的瀑布。	I saw a wonderful fall there.
335308	我能借用你的剪刀吗？	Can I borrow your scissors?
335318	她听到那个消息后惊呆了。	She was amazed to hear the news.
335324	互联网是一种无法估量的信息资源。	The Internet is an invaluable source of information.
335326	我在想我今天该干什么。	I wonder what I should do today.
335328	他为我做了详细说明。	He explained it to me in detail.
335345	今晚我们有充分的时间。	We have plenty of time tonight.
335359	无论怎样，都很讨厌，不是吗？	In any case, it's troublesome, isn't it?
335361	事故由一个简单的错误产生。	The accident arose from a simple mistake.
335367	很少学生知道他的名字。	Few students knew his name.
335382	他们的婚礼将在明天举行。	Their wedding will be tomorrow.
335384	父亲绝不会赞成我结婚。	Father will never approve of my marriage.
335422	你怎么敢这样跟我说话！	How dare you speak to me like that!
335485	犯人趁着夜晚逃走了。	The prisoner escaped under cover of night.
335491	我为什么一定要那么做？	Why do I have to do that?
335495	这个照相机是德国制造的。	This camera was made in Germany.
335508	他就是那样脱离危险的。	That is how he got out of danger.
335512	我希望您快就会好起来。	I hope you'll soon get well.
335519	你自己小心，玩得开心点！	Take care of yourself, and have a good time!
335528	这间房照不到很多阳光。	This room does not get much sun.
335537	我无法再忍受那噪音了。	I can't put up with that noise any longer.
335611	这个梯子是否足够坚固以承受我的重量？	Is this ladder strong enough to bear my weight?
335619	这些问题对我们毫无效果。	These issues have no effect on us.
335626	由于天气变差，出发延迟了。	With the weather getting worse, the departure was put off.
335713	别指望别人来为你考虑！	Don't expect others to think for you!
335822	法律有很多不明确的地方。	The law is full of ambiguities.
335838	我会战斗到最后一口气。	I will fight to the last breath.
335855	这条裙子你穿着很合身。	The dress fits you very well.
335857	他们进攻了敌人。	They attacked the enemy.
335859	第一次攻击错过了目标。	The first attack missed the target.
335861	敌人对我们发起了攻击。	The enemy launched an attack on us.
335870	耐心有时候是最有效的武器。	Patience is sometimes the most effective weapon.
335874	这些工具是用来造房子的。	These tools are used for building a house.
335879	我们被暴风雨袭击了。	We were caught in a storm.
335883	公司很快就要倒闭了。	The company's going to go bankrupt really soon.
335891	昨天我第一次打了网球。	I played tennis yesterday for the first time.
335938	他有能力比我做得更好。	He is able to do it better than I am.
336074	堤坝保护了城市免受洪灾。	The bank secured the city from a flood.
336076	他经济上依靠他的太太。	He relies on his wife financially.
336086	我新家的客厅很宽敞。	The living room in my new house is very large.
336092	他学英语，但他也学德语。	He studies English, but he's also studying German.
336093	狗不安地看着他的主人。	The dog nervously looks at the master.
336106	我天黑之前到达了村庄。	I arrived at the village before dark.
336109	我没有抓到他演讲的重点。	I didn't get the point of his speech.
336113	我想知道天会不会变晴。	I wonder if it will be sunny outside.
336188	据说这个区域埋着财宝。	It is said that treasure is buried in this area.
336191	说法语对他来说很自然。	It comes natural to him to speak French.
336246	万一有紧急情况，联系我的代理人。	In case of an emergency, get in touch with my agent.
336251	很不幸，我没来得及听他的演讲。	Unfortunately I was not in time for his speech.
336275	他是个城市规划的专家。	He is an expert in the area of city planning.
336424	我们老师确实很讲究礼节，不是吗？	Our teacher really stands on ceremony, doesn't she?
336433	判决对政府不利。	The judgement went against the government.
336435	她热泪盈眶。	Tears filled her eyes.
336451	他有点活泼。	He is rather an active person.
336463	您怎么让屋子暖起来？	How do you heat the house?
336466	那个责任对他是个负担。	That responsibility is a burden to him.
336480	这蛋糕吃起来不同一般。	The cake tastes divine!
336500	谣言最后被证明是假的。	The rumor turned out to be false.
336581	这是建立在猜测的基础上。	It is founded on supposition.
336591	你知道怎么操作电脑吗？	Do you know how to operate a computer?
336602	这正是问题的关键。	That's the point.
336623	体育场挤满了棒球迷。	The stadium was flooded with baseball fans.
336626	除了英语，他还会说法语。	In addition to English, he can speak French.
336634	你不和我一起喝点茶吗？	Won't you have some tea with me?
336650	自从他离开去法国，已经有两个月了。	Two months have passed since he left for France.
336661	她对自己的才能很自豪。	She is very proud of her talent.
336678	你必需马上去那儿。	It is necessary for you to go there immediately.
336680	这可能是真的，可能不是。	It may or may not be true.
336684	这些数字总数不符。	These figures don't add up.
336696	有些人只追求快乐。	Some people pursue only pleasure.
336699	我的字典里没有这个词。	The word is not in my dictionary.
336718	你该上床了。把收音机关了。	It is time you went to bed. Turn off the radio.
336722	恶魔摧毁了广岛和长崎。	The devil destroyed Hiroshima and Nagasaki.
336728	我说服他放弃了这个主意。	I talked him out of the idea.
336852	这种杂志对年轻人有害。	This kind of magazine can do harm to young people.
336853	我的演讲稿就是依据这个理论写的。	This is the ideology to which my speech is written.
336854	你认为你会到哪儿度假？	Where do you suppose you'll spend your vacation?
336856	我们必须始终为灾害做好准备。	We must always be prepared for disasters.
336862	那个溺水的男人抓紧了绳子。	The drowning man grasped at the rope.
336863	塑料代替了许多传统的原料。	Plastics have taken the place of many conventional materials.
336888	宝宝还不会使用勺子。	The baby cannot use a spoon yet.
336892	我相信你很快就能复原。	I believe you'll get over it soon.
336903	她进了她的房间换裙子。	She went into her room to change her dress.
336910	她流泪看着信。	She wept reading the letter.
336926	公开表示你对某人的爱。	Publicly express your love for someone.
336937	你的言行必须一致。	Your words must correspond with your actions.
336953	大雨使河水泛滥。	The rivers were flooded by the heavy rain.
336957	这些书架上没有很多书。	There are not many books on these shelves.
336965	他怎么在这样的贫困中谋生？	How did he make his living in such poverty?
337229	地球的表面约有三分之一是陆地。	About one third of the earth's surface is land.
337238	暴风雨带来了许多损害。	The storm brought about much damage.
337250	还剩下多少块三明治？	How many sandwiches are there left?
337287	他在手上贴了一块胶布。	He put a Band-Aid on his hand.
337294	我们始终都有死的一天。	We shall all die some day.
337305	很多家园被洪水冲走了。	Many homes were washed away by the flood.
337403	这个引擎耗用最多的油。	This engine consumes the most oil.
337890	车头的挡风玻璃被砸至粉碎。	The front windshield of a car was smashed to pieces.
337898	请告诉我巴士站在哪里。	Please tell me where the bus stop is.
337981	代我问候你妈妈。	Say hello to your mum for me.
338384	今晚正在下倾盆大雨。	It's raining cats and dogs tonight.
338410	为什么这个月房东还不来收房租？	Why hasn't the landlord come to collect rent this month?
338634	他不知道该怎么做，于是便找我帮忙。	Not knowing what to do, he asked me for help.
338646	我去飞机场为他送行了。	I have been to the airport to see him off.
338795	我每天早上都去买东西。	I go shopping every morning.
338828	代我问候你妹妹。	Say hello to your sister for me.
338939	地球上有很多国家和文化。	There are many countries and many cultures on Earth.
338949	我本金和利息都没了。	I have lost both principal and interest.
338956	青年人总爱挑战极端。	Young people are apt to go to extremes.
338964	这张照片是最近拍的吗？	This a recent photo?
338971	世界所有人都渴望和平。	All the world desires peace.
338972	他想把这些衬衫洗干净。	He wants these shirts washed.
338985	你要改善一下你的英语。	You have to polish your English.
339175	他把全副心神放在学业上。	He applied himself to his study.
339232	他哥哥是个有名的足球员。	His brother is a famous soccer player.
339233	好好把握这个机会。	Make good use of this opportunity.
339286	我们必须从财政方面考虑一下这个计划。	We must consider the financial aspects of this project.
339289	你的灵魂已坠进了地狱。	Your soul has been condemned to hell.
339292	海盗把财宝藏进了地底。	The pirates buried their treasure in the ground.
339300	这靴是用皮革做的。	These boots are made of leather.
339438	我们必须放弃这个计划。	We have to abandon the plan.
339440	我得了胃肿瘤，必须动手术切除。	I got a stomach tumor and had to have it operated on.
339441	昨晚的火灾被断定为由纵火引起的。	The fire that broke out last night was judged to be caused by arson.
339459	我无法容忍她的行为。	I cannot put up with her behavior.
339461	我们实行了那个计划。	We carried out that plan.
339469	母亲以前很喜欢打网球。	My mother used to be into tennis.
339481	乡村生活比都市生活健康。	Country life is healthier than city life.
339501	他连再见也不说就走了。	He departed without so much as saying good bye.
339601	他们想栽培新品种的米来增加粮食生产。	They want to increase food production by growing new kinds of rice.
339885	我现在很忙，没空和你玩。	I am busy now and can't play with you.
339903	他的文章写得完美无瑕。	His composition leaves nothing to be desired.
339932	计划的总开支为一亿円。	The total expense for the project amounts to one hundred million yen.
339938	我很高兴能和他们会面。	I am very pleased to meet them.
340090	我造了一架模型飞机。	I made a model plane.
340095	现在不止要男女薪金平等，而且还要平均分配家务。	It is time not only to equalize men's and women's wages, but also to equalize responsibility for housework.
340120	聋哑的人用手语说话。	Deaf-mute people talk using sign language.
340122	你怎么这么匆匆忙忙的？	Why are you in such a hurry?
340124	我不得不放弃我的计划。	I had to give up my plan.
340134	许个愿，然后吹熄蜡烛吧。	Make a wish and blow out the candles.
340145	她的魅力难以用笔墨形容。	Her charm is beyond description.
340146	在他的裁判下，真相终于大白。	The truth finally came out at his trial.
340148	钢琴走调了，音色很难听。	The piano was out of tune; it sounded very bad.
340166	小事聪明，大事糊涂。	Penny wise, pound foolish.
340178	「被告人」一词是法律用语。	"The accused" is a legal term.
340489	你是美国人还是法国人？	Are you American or French?
340493	她的专业是法国的文学	She majors in French literature.
340496	好奇会吃苦头的。	Curiosity killed the cat.
340637	她所说的话是不真实的。	What she said wasn't true.
340642	请把你的行李放在这秤上。	Please put your baggage on this scale.
340643	这牛奶有特殊的气味。	This milk has a peculiar smell.
341930	你那么做真是太过荒谬了.	It's absurd of you to do that.
341934	这个典礼有多正式?	How formal is this ceremony?
341935	这些橘子已经腐烂了.	These oranges have gone bad.
342196	别忘了明天六时来接我。	Don't forget to pick me up at 6 o'clock tomorrow.
342433	我们感觉到地面在摇晃。	We felt the ground trembling.
342434	我最关心的是你的安全。	My primary concern is your safety.
342684	基本上我赞同你的意见。	Basically, I agree with your opinion.
342689	他被数字征服了。	He was overcome by numbers.
342697	我认为没有必要游说他。	I don't see any point in persuading him.
342709	我要改变我的饮食吗？	Do I have to change my diet?
342711	绣球在六月开花。	The hydrangea blooms in June.
342714	不遵守承诺是可耻的。	It is a shame not to keep your promise.
342840	富士山是日本最高的山。	Mt. Fuji is the highest mountain in Japan.
342850	我必须更新我的护照。	I must renew my passport.
343101	她在中午打了电话给我。	She called me in the afternoon.
343103	这个计划必须保持秘密。	This plan requires secrecy.
343161	她单独一人在公寓里住。	She lives in an apartment alone.
343199	数艘游艇在远方的海洋并列航行。	Several yachts were sailing side by side far out at sea.
343206	我相信这条鱼是淡水鱼。	I believe this fish is a freshwater fish.
343216	他是有钱人家的儿子。	He is the son of a wealthy family.
343242	他告诉了我他要去美国。	He told me he was going to America.
343294	铁和氧都是化学元素。	Iron and oxygen are elements.
343316	是的，他几乎和我一样高。	Yes, he's almost as tall as I am.
343329	每个机场都有英文指示。	Information is given in English at every airport.
343355	昨晚他希望他去了剧场。	He wishes he had gone to the theater last night.
343356	你可以随便用我的车。	My car is at your disposal.
343376	这次校庆时，他将第一次做主角。	He will play the leading role for the first time in the next school festival.
343382	我忽然想起了我死去的妈妈。	I suddenly thought of my dead mother.
343409	这个地方的气氛很神秘。	This place has a mysterious atmosphere to it.
343416	今天早上他收到好多信。	He received a good many letters this morning.
343425	她穿着一条很难看的裙子。	She was wearing an ugly dress.
343427	问他会不会来参加会议。	Ask him if he will attend the meeting.
343450	日本米市场禁止进口。	Japan's rice market is closed to imports.
343677	我的鼻子没办法呼吸了。	I can't breathe through my nose.
343706	他对自己的孩子很严格。	He was severe with his children.
343709	我想开个储蓄帐户。	I'd like to open a savings account.
343734	他迅速瞥了一眼杂志。	He took a quick look at the magazine.
343799	我抓不到句子的确切含义。	I can't get at the exact meaning of the sentence.
343800	这是个很难解决的问题。	This is a difficult problem to solve.
343858	顺便问一句，你今晚有空吗？	By the way, are you free tonight?
343925	她的眼睛闪烁着喜悦的光芒。	Her eyes were shining with joy.
343934	日本自然资源贫乏。	Japan is poor in natural resources.
343936	尤其是要有耐心。	Above all, be patient.
343944	我觉得这本书很有意思。	I found the book interesting.
343956	他旅行期间，写了旅游日记。	He kept a diary during the trip.
343965	感谢你请我来参加派对。	Thank you for inviting me to the party.
343967	从前有个美丽的公主。	Once upon a time, there was a beautiful princess.
343972	他被人发现倒在厨房的地板上，不省人事。	He was discovered unconscious on the floor of the kitchen.
343979	他被证实是个理想丈夫。	He proved to be an ideal husband.
343984	我希望下周不要再生病了。	I hope I won't still be ill next week.
343996	他继承了他父亲的事业。	He took over his father's business.
344131	我们不能分辨那对双胞胎。	We could not tell the twins one from the other.
344134	我喝不下这么甜的咖啡。	I can't drink coffee as sweet as this.
344169	女性永远只能扮演次要角色吗？	Must the woman always play the secondary role?
344206	她一小时前离开了医院。	She left the hospital an hour ago.
344226	你没锁好门，真不小心呢。	It was careless of you to leave the door unlocked.
344231	更糟的是天开始下雨了。	To make matters worse, it began to rain.
344236	你可以给我一些建议吗？	Could you give me some advice?
344245	讨论的重点是失业问题。	In the discussion the accent was on unemployment.
344403	教授不明白我说了甚么。	The professor was unable to comprehend what I meant.
344404	我们随着她的音乐起舞吧。	Let's dance to her song.
344405	他把我从头到脚打量了一番。	He stared at me from head to foot.
344417	那房子是我出生的地方。	That house is the place where I was born.
344419	一个国家的风俗习惯反映了它的文化。	The manners and customs of a country reflect its culture.
344502	你会在这里逗留多久？	How long will you stay here?
344511	她决心要辞职离开公司。	She is determined to leave the company.
344518	我忍不住要说出我的疑惑。	I cannot forbear expressing my doubts.
344585	我以为你喜欢学习新事物。	I thought you liked to learn new things.
344707	从他脸上的神情来看，他似乎是成功了。	Judging from the look on his face, it seems that he has succeeded.
344715	预期今年稻米会丰收。	This year promises a good harvest of rice.
344832	他是典型的日本人。	He is a typical Japanese.
344833	日本人是勤奋的国民。	The Japanese are an industrious people.
344834	日本人是勤劳的民族。	The Japanese are an industrious people.
344858	浓雾使道路很难看清。	The thick fog made it hard to see the road.
344874	他过马路时差点被车撞。	He was nearly hit by the car while crossing the street.
344919	他喜欢运动，也喜欢音乐。	He likes sports as well as music.
344942	你什么时候出发最方便？	When will it suit you to start?
344947	两条街道互相平行。	The two streets run parallel to one another.
344952	你一定要活在当下，不能总是留恋过去。	You must live in the present, not in the past.
344953	他的埋怨没有尽头。	There is no end to his complaining.
344956	世界人口有上升的趋势。	The world's population tends to increase.
344960	我开始了一个人的生活。	I began living by myself.
344968	只有学习才能获得知识。	Knowledge can only be obtained by study.
344984	可以的话你也一起来吧。	Come along with us if you like.
344986	太好了。没有一个人缺席。	Good. No absentees.
345058	谁也没注意到熊的出现。	No one noticed the bear's appearance.
345092	一朝被蛇咬，十年怕井绳。	Once bitten, twice shy.
345275	老人采取了傲慢的态度。	The old man assumed an impudent attitude.
345277	这些苹果宜于烹饪。	These apples are good cookers.
345279	他的技术是公认的。	Everyone recognized his skill.
345281	我很害怕老师会说些甚么。	I am afraid of what the teacher will say.
345283	我们被那景象吓了一跳。	We were surprised at the sight.
345284	我很荣幸能见到你。	I am honored to meet you.
345308	汤姆正考虑应聘薪酬更高的工作。	Tom is thinking about applying for a better-paying job.
345335	汤姆还在依赖他父母吗?	Does Tom still rely on his parents?
345459	这是世界上最长的大桥。	This is longer than any other bridge in the world.
345637	他把情感藏进了心底，装出热心的样子。	He hid his emotions and pretended to be enthusiastic.
345669	她请求他们脱掉鞋子。	She asked them to take their shoes off.
345674	三个男孩合共只有两元。	The three boys had only two dollars among them.
345681	我们听到远处老虎的怒吼。	We heard tigers roaring in the distance.
345683	他们离弃了自己的国家。	They abandoned their country.
345694	她很关心孩子的营养问题。	She is careful about her child's nutrition.
345695	这座村没有空气污染。	This village is free from air pollution.
345698	出席的学生不下五百人。	No fewer than five hundred students were present.
345702	他把全部精力放到实验中了。	All his energies were devoted to the experiment.
345703	没有什么和时间一样珍贵。	Nothing is so precious as time.
345795	千万不要忘记带教科书。	You must not forget your schoolbooks.
345822	他是我哥哥，不是我爸爸。	He is my brother, not my father.
345834	我怎能忘记那些日子呢？	How can I forget those days?
345849	对猴子来说，爬树很容易。	It is easy for a monkey to climb a tree.
345851	我永远不会忘记那景象。	Never shall I forget the sight.
345869	如果我忘记了请提醒我。	In case I forget, please remind me.
345877	她瘦得只剩皮包骨了。	She is all skin and bone.
345945	农村好像要大规模发展了。	It seems the rural area will be developed on a large scale.
345987	一朵白云在蓝天上飘。	A white cloud is floating in the blue sky.
345991	她一个月写一次信给我。	She writes to me once a month.
346070	我想要有我自己的房间。	I want to have my own room.
346078	冬天我总是需要多加条被子。	I always need an extra blanket in the wintertime.
346087	我去那个派对纯粹是为了交际。	I attended the party just to be sociable.
346112	这碗汤大咸了，喝不下。	This soup is too salty to eat.
346114	从这里可以见到那座塔。	The tower can be seen from here.
346123	鸟儿从我的视线中消失了。	The bird vanished from view.
346126	我从没见过那么壮丽的日落景色。	I never saw such a splendid sunset.
346132	您知道这个词的意思吗？	Do you know the meaning of this word?
346146	我们在户外度过了一整天。	We spent the day in the open air.
346147	数月后，牠们回到了北极的繁殖地。	A few months later they return to their breeding grounds in the Arctic.
346148	他那样做有甚么动机？	What was his motive for doing it?
346151	我以为他一定会考试合格。	I took it for granted that he would pass the exam.
346152	母亲为我们准备了午餐。	Mother prepared us lunch.
346170	这句句子的文法是对的。	This sentence is grammatically correct.
346175	他的意见大体上说是对的。	His opinion is generally correct.
346177	戴眼镜应该能纠正你的视力。	Wearing glasses should correct your vision.
346178	如果我拼错了的话，请你纠正。	Correct my spelling if it's wrong.
346184	我保证这些资料是无误的。	I guarantee that this information is correct.
346197	你的答案不对。再试试看。	Your answer isn't correct. Try again.
346200	这个符号代表答案正确。	The sign means that the answer is correct.
346201	我不肯定这是不是对的。	I'm not sure if this is correct.
346202	她是一位品行端正的女士。	She is a very correct lady.
346206	我对他的第一印象果然没有错。	My first impression of him proved to be correct.
346207	噪音妨碍了我的学习。	Noises interfered with my studying.
346454	这儿有张德国的大地图。	Here's a big map of Germany.
346463	是什么风把你吹来了啊？	What has brought you here?
346472	她确实很漂亮，但她很自私。	It is true that she is pretty, but she is selfish.
346489	我遇见了以前的班主任时，他问候了我的父母。	When I met my former teacher, he inquired after my parents.
346669	祖父的年龄比我大五倍。	My grandfather is five times as old as I am.
346672	这餐厅的服务一点效率也没有。	The service in this restaurant is none too fast.
346683	我觉得他的死有点可疑。	I have a suspicion about his death.
346699	你的行为是绝对可耻的。	Your conduct is absolutely shameful.
346702	龙是人幻想出来的动物。	A dragon is a creature of fancy.
346708	刚才和你说话的人是谁？	Who is the man that you were talking with?
346710	他自称为金融专家。	He claimed to be an expert in finance.
346726	行与行之间多留些空间。	Leave more space between the lines.
346747	你想要待多久就待多久。	You can stay as long as you like.
346751	房子被大火烧成了灰烬。	The fire reduced the house to ashes.
346771	他很聪明，而且他很帅。	He's very smart, and he's handsome too.
346791	我的两个姐妹都结婚了。	Both of my sisters are married.
346800	他是个很棒的网球选手。	He's an excellent tennis player.
346804	“您想买什么？”“我想买条狗。”	"What would you like to buy?" "I would like to buy a dog."
346807	食物和被子被送到难民手中。	Food and quilts were delivered to the refugees.
346808	我和我的邻居关系很好。	I'm on good terms with the neighbors.
346811	您能把地图传真给我吗？	Could you send me a map by facsimile?
346849	火自然熄灭了。	The fire went out by itself.
346857	你真冷酷无情。	You have no heart.
346866	他胡乱把书本放在架上。	He put the books on the shelf out of order.
346878	你的项目需要一大笔钱。	Your project needs a large amount of money.
346887	我想去欧洲的某个地方。	I want to go somewhere in Europe.
346888	那些旧法都被废除了。	Those old laws were all done away with.
346889	他不仅仅是一国之君。	He was more than a king.
346893	我的父亲是患癌症死的。	My father died of cancer.
346894	王子在森林中迷了路。	The prince was lost in the woods.
346909	他的外表欺骗了我。	His appearance deceived me.
346912	她认罪不认罪都没关系。	It doesn't matter whether she admits her guilt or not.
346918	你必须在星期日前完成。	It is imperative for you to finish by Sunday.
346924	我喜欢抒情诗多于史诗。	I like lyric better than epic.
346925	我想安装一台电话。	I want to have a telephone installed.
346927	他一拿了信就去了纽约。	He went to New York as soon as he got the letter.
346929	她叫我们不要制造噪音。	She told us not to make a noise.
346940	很多年轻人去了打仗。	Many young men went to war.
347028	他接手了他父亲的公司。	He has taken over his father's business.
347090	她用数字的形式写了日期。	She wrote the date in numeric form.
347100	美国妇女没有选举权。	American women didn't have the right to vote.
347111	她的地址死活想不起来。	I can't for the life of me remember her address.
347122	望着天花板发呆,还不如读一读小说。	You might as well read a novel instead of staring at the ceiling.
347150	他昨天逝世了。	He died yesterday.
347166	我爱她爱得要命。	I love her so much I could die.
347190	你们全都是胆小鬼	You're all cowards.
347210	她的事你再也不必担心。	You don't have to worry about her anymore.
347322	洋子回避我提出的问题。	Yoko avoided answering my question.
347407	我提醒他要去会见总裁。	I reminded him of his interview with the president.
347413	我们在公园里跑来跑去。	We ran around the park.
347417	这个秋季有很多台风。	We have had lots of typhoons this fall.
347426	事故差点让他丢了性命。	The accident almost cost him his life.
347586	关键不在穿什么，而是怎么穿。	It's not what you wear, it's how you wear it.
347712	不幸降临到他的头上。	A misfortune befell him.
347719	城里最好的是哪间酒店？	Which is the best hotel in the town?
347722	让我看一下你买的东西。	Show me what you bought.
347814	看，这是我的名片。	Look, this is my business card.
348031	至于我, 我没有什么更多要说的。	As for me, there is nothing more I want to say.
348033	女孩总是跟随在母亲背后。	The girl was always following her mother.
348038	他觉得被社会遗弃了。	He felt alienated from society.
348045	她衣衫单薄，恐会着凉。	She wore such thin clothes that she might well catch a cold.
348049	我姐姐对网球着迷。	My sister is crazy about tennis.
348114	将费用记在我的账上。	Charge this bill to me.
348130	人是由灵魂和肉身组成的。	Man consists of soul and body.
348160	我发现了一件惊人的事！	I've found something amazing!
348170	我刚想到了一个好主意。	A good idea occurred to me just then.
348181	他以前是个柔弱的小孩。	He was a weak and delicate child.
348186	我听到远处传来狗叫声。	I heard a dog barking in the distance.
348187	我听到了远处的狗叫声。	I heard a dog barking in the distance.
348195	他的哥哥上个月去世了。	His brother passed away last month.
348196	他们一边唱歌一边走路。	They went along the street singing the song.
348284	男人老不老,自己心中有数;女人老不老,别人一目了然.	A man is as old as he feels and a woman as old as she looks.
348387	他失恋了，所以便尝试自杀。	He tried to kill himself because he lost her love.
348388	花园里有些漂亮的花朵。	There are pretty flowers in the garden.
348394	我们怎样才能停止战争？	How can we abolish war?
348395	我们用筷子，不用刀叉。	We use chopsticks in place of knives and forks.
348397	我偶然发现了那本书。	I found the book by accident.
348400	他对收集昆虫很有兴趣。	He has an interest in collecting insects.
348403	这本词典是我自己选的。	I chose this dictionary of my own accord.
348404	波本威士忌是用玉米做的。	Bourbon is made from corn.
348423	我开始怀疑他陈述的准确性。	I began to doubt the accuracy of his statement.
348457	英国人大体上说都是保守的。	Englishmen are, on the whole, conservative.
348460	你们分了这三个苹果吧。	Divide these apples between you three.
348466	这些苹果你们三个人分。	Divide these apples between you three.
348487	应该做什么，我和他的见解不同。	My view was different from his as to what should be done.
348581	火势以扇形迅速蔓延。	The fire spread out in a fan-shape.
348582	你真是个吝啬鬼！	What a miser you are!
348616	孩子的成长快得令人吃惊。	Children grow up so quickly.
348887	请看那座红屋顶的房子。	Please look at that red-roofed house.
348888	一领到工资就把钱还给你。	I'll pay you back once I receive my salary.
348906	日本充满惊奇。	Japan is full of surprises!
348933	我的工作是照顾那婴儿。	My job is taking care of the baby.
348938	你跟随他的指示做就行了。	All you have to do is follow his advice.
349269	蜡烛自然熄灭。	The candle went out by itself.
349282	她是一个非常美的女人。	She is a woman of great beauty.
349289	还有一周就放暑假了。	The summer vacation is only a week away.
349294	选择朋友要慎重。	You should choose your friends very carefully.
349295	选择朋友一定要十分谨慎。	You should choose your friends very carefully.
349515	我们坐在房间的正中间。	We sat in the center of the room.
349517	日本有很多美丽的景色。	Japan is rich in beautiful scenery.
349547	每年有几百万人死于饥饿。	Millions of people starve to death every year.
349548	我无法压抑心中的怒火。	I couldn't keep my anger down.
349551	他是个机智的人。	He is a quick-witted man.
349552	他是一个脑子灵活的人。	He is a quick-witted man.
349556	我打算描写我们的公园和山。	I am going to write about our parks and mountains.
349560	他们从事癌症研究工作。	They are engaged in cancer research.
349666	他的梦想最终实现了。	His dream has come true at last.
349707	他赚的薪水是我的两倍。	He earns twice as much as me.
349708	他拿的薪水是我的一倍。	He earns twice as much as me.
349714	这种荒谬的迷信已不复存在了。	Such a ridiculous superstition no longer exists.
349721	雾在十时左右开始散了。	The fog began to disappear around ten o'clock.
349724	她是个和蔼可亲的人。	She is good-natured.
349729	他触犯会规，被踢出了俱乐部。	He was excluded from the club for infractions of the rules.
349732	你对这场比赛有甚么感想？	How did you feel about the game?
349746	我在七时十五分吃晚饭。	I have my supper at a quarter past seven.
349747	田径运动会因天雨关系取消了。	The track meet was called off on account of the heavy rain.
349754	近年的游客数量大幅增加。	The number of tourists has increased greatly in recent years.
349762	我们必须知道事情的真相。	We have to get at the truth of the matter.
349764	请耐心等候检查的结果。	Please wait until we get the results of the examination.
349770	每个母亲都疼爱自己的孩子。	Every mother has affection for her child.
349871	我应该不能再见到他了。	There is little chance of my meeting him again.
349874	今天的最低气温是三度。	Today's minimum temperature was 3 °C.
349938	我能用旅行支票付吗？	Can I pay with a travelers check?
350057	我挣扎着挤出地铁。	I struggled to get out of the subway.
350504	你为甚么不随遇而安呢？	Why can't you take things just as they are?
350518	他们正在调查这件事。	They are inquiring into the matter.
350651	你右边袜子倒转穿了。	You have your right sock on wrong side out.
350655	你的计划一定会成功的。	Your plan is sure to succeed.
350656	有人说电视上的卡通本身是有教育意义的。	Some people say that cartoons on television are educational in themselves.
350668	你对我的个性还不太清楚。	There are a lot of things you don't know about my personality.
350679	你终于成功找到工作了。	You finally succeeded in getting a job.
350692	他到底躲在甚么地方呢？	I wonder where he is hiding.
351047	这本小说使无数女孩流下了眼泪。	The fiction reduced girls to tears.
351052	他的感冒一定是好了。	He must have gotten over his cold.
351054	他们的冲突终于平息了。	Finally, the discord between them came to an end.
351235	为了调查物价，成立了一个委员会。	A committee was constituted to investigate prices.
351247	请不要这样打断我说话。	Please don't cut me off like that.
351252	洗衣机是个绝妙的发明。	The washing machine is a wonderful invention.
351253	他冷酷的性格使朋友们一个一个地疏远了他。	His coolness has alienated his friends.
351835	这房间内严禁吸烟。	Smoking is not allowed in this room.
352038	在这条河里游泳很危险。	It is dangerous to bathe in this river.
352049	他错过了最后一班火车。	He missed the last train.
352066	您介不介意我把灯关了？	Do you mind if I turn off the light?
352068	我们今晚出去吃怎么样？	How about dining out tonight?
352620	他到了四时以后才有空。	He wouldn't be available until four.
352621	你们学校真好，还帮你们报销来回的机票。	Your school is so kind to reimburse you for the return airfare.
353218	这里近几天都在下大雨。	It's been pouring here for the last few days.
353219	也就是说，他根本不想做。	In other words, he doesn't want to do it.
353474	以他的薪水不会很富裕。	He won't get fat on his salary.
353493	听天气预报说今晚有雨。	The weather forecast said tonight it will rain.
353519	以我的角度来看，他是对的。	The way I see it, he is right.
353576	除了雾我什么都看不见。	I could see nothing but fog.
353583	这个项目我大致了解。	I know about this project for the most part.
353597	我的建议源于我的经验。	My advice is predicated on my experience.
353610	我舅舅给我买的这本书。	My uncle bought me this book.
353622	我感觉我被强制帮助她。	I feel like I am being forced to help her.
354117	我想要更便宜点的双人间。	I would like a less expensive double room.
354490	水井是可以取水的地方。	A well is a place where you can get water.
354507	她推迟了去墨西哥的行程。	She put off going to Mexico.
354508	她很少去像那样的地方。	She seldom goes to that sort of place.
354560	他是多么幸运的人啊！	What a lucky person he is!
355108	这份工作在我能力范围之外.	This job is beyond my ability.
357167	他在攒钱上大学。	He's saving up to go to college.
357946	我喜欢花，比如说，玫瑰。	I like flowers, such as roses.
358138	宇宙是怎样形成的？	How was the universe formed?
358141	你去国外是玩儿还是出差？	Did you go abroad for pleasure or on business?
358177	我觉得他的画有点奇怪。	His paintings seem strange to me.
358186	讲日语对我来说很简单。	It's really easy for me to speak Japanese.
358493	这本护照的有用期限为五年。	This passport is valid for five years.
358816	我忙于应付期末考试。	I was busy studying for the term exam.
358973	水泥会在数个小时内凝固。	The cement will set in a couple of hours.
358976	农民们如常在忙着播种。	As usual the peasants are busy scattering grain seeds.
358991	照片使我忆起了很多往事。	The picture brought back a lot of memories.
359004	它和这个问题有点关系。	It has some bearing on this problem.
359006	丰田公司宣布将会在今年裁员一千人。	Toyota Corporation announced that it would cut 1,000 positions this year.
359010	这条围巾摸起来又软又滑。	This scarf feels soft and smooth.
360131	在教养上，他们可以说是和野蛮人差不多。	In culture, they are on the same plane as savages.
360667	粗心大意的人很容易犯错。	A careless person is apt to make mistakes.
360687	我们要面对许多的困难。	We have to cope with hosts of difficulties.
361681	他们把船命名为「五月花号」。	They named the ship the Mayflower.
361699	祖父常常边看报纸边点头。	My grandfather often nods over his newspaper.
361757	婴儿不懂得分是非黑白。	A baby has no knowledge of good and evil.
361865	你有没有看那本厚厚的书？	Did you read that thick book?
362351	他将会继承大笔的遗产。	He will come into a large fortune.
362352	我打赌今晚天气会很好。	I bet it's fine tonight.
362360	他戴着帽子在那里站着。	He stood there with his hat on.
362361	我们把活动延期了。	We postponed the event.
363516	你可以去游泳或者钓鱼。	You may go swimming or fishing.
363553	她和一个有钱人订了婚。	She is engaged to a rich man.
363565	我突然想不起她的名字。	I can't recall her name at the moment.
363885	博物馆周一到周五开门。	The museum is open from Monday to Friday.
363978	我们本该考虑一下行程。	We should have taken the schedule into consideration.
363988	猎人们用坚韧的绳网把野生动物捉住了。	The hunters captured the wild animal with a strong rope net.
363991	文字处理软件和电脑不同的是，它只有一个用途。	Compared to a computer, a word processor has a single purpose.
363992	乌云逐渐布满了整个天空。	The sky has gradually clouded over.
364000	你动作快点就能赶上他。	If you hurry, you'll catch up with him.
364007	约翰喜欢和朋友交换邮票。	John likes to trade stamps with his friends.
364352	过马路前先左右看一看。	Look both ways before you cross the street.
364837	英国人很尊重法序和秩序。	The British have a lot of respect for law and order.
364838	我来到这里以后，一直过着单调乏味的生活。	Life has been so flat since I came here.
364840	不要把那件事告诉别人。	Don't tell anybody about the matter.
364843	你可以随时用我的词典。	You may always use my dictionary.
364845	你的鞋子和衣服不合衬。	Your shoes do not go with the suit.
364848	小男孩在森林中迷路了。	The boy lost his way in the forest.
364917	我觉得这钻石戒指太奢侈了。	This diamond ring is too extravagant for me.
364920	因此，天气一点也不热。	So, it isn't hot at all.
364945	预言被实验结果推翻了。	The prediction was falsified by the result.
364996	我当然有资格这么说啦。	I am certainly entitled to speak like this.
365791	物价一直在稳定上升。	Prices have been rising steadily.
365792	狐狸躲在了空心树里面。	The fox hid in the hollow tree.
365880	她的脸上总是挂着开朗的微笑。	She is always bright and smiling.
365914	他天生拥有完美的智慧。	He is gifted with perfect wisdom.
365915	他四处寻找避雨的地方。	He sought shelter from the rain.
366518	你叔叔给你阿姨剪头发。	Your uncle gives your aunt a haircut.
366821	他们也许正在公园里玩。	They may be playing in the park.
366822	她勉强能自己煮晚餐吃。	She was able to cook herself dinner, after a fashion.
366829	恐怕咖啡已经喝完了。	I'm afraid there isn't any coffee left.
366830	母亲无意中握住了椅子。	Unconsciously my mom took hold of the chair.
366885	在这件事上，我无法赞同你。	I cannot agree with you on the matter.
366908	月亮已从地平线升起了。	The moon was above the horizon.
366912	他做事总是从容不迫的。	He always takes his time in everything that he does.
366914	我决心要推行这个计划。	I am determined to carry out this plan.
366919	他们明天就乘飞机走了。	They are going off by plane tomorrow.
367909	他是个很难相处的男人。	He is a man hard to get on with.
368140	他的作文有很多文法错误。	He made many grammatical mistakes in his composition.
368546	我编译这个程序有些困难。	I'm having some problems compiling this software.
368746	看来他曾经是个有钱人。	He seemed to have been rich.
368750	我用三块钱买了那本书。	I paid 3 dollars for the book.
369129	我们视他为重要人物。	We regard him as an important man.
371150	英语是很多国家通用的语言。	English is spoken in a lot of countries.
371160	你虽然考试不及格，但也不必自卑。	You needn't be ashamed because you failed the exam.
371740	她来到的时候我会通知你。	I'll let you know when she arrives.
371742	听说他又开始找工作了。	I hear he's just begun looking for another job.
372123	请回到你们各自的座位。	Go to your respective seats.
372134	那个目标是无法达成的。	That aim is impossible to attain.
372183	这个国家的气候很温和。	This country has a mild climate.
372209	恐怕你要加班了。	I'm afraid you have to work overtime.
372356	我女儿打算在六月结婚。	My daughter is to get married in June.
372372	我突然肚痛得要命。	All of a sudden, I felt a sharp pain in my stomach.
373158	你至少该说声”谢谢“吧。	You might at least say "thank you."
373184	他会在三个小时内回来。	He will return within 3 hours.
373189	请你不要不敲门就进来。	Please do not enter the room without knocking.
373196	你要吃多点含膳食纤维的食物。	You need to eat more fiber.
373197	他只不过是个自私自利的人。	He is nothing more than an egoist.
373205	我把你认成布朗太太了。	I took you for Mrs. Brown.
373283	不好意思，你刚才说甚么？	I'm sorry, but I didn't catch what you said.
373284	可以借你的电话用用吗？	May I use your phone?
373387	那个国家拥有丰富的矿物资源。	That country is rich in mineral resources.
373395	经济繁荣稳定，是每个政府都想达到的目标。	A stable economy is the aim of every government.
373397	可以把新地址告诉我吗？	Please let me know your new address.
373398	如果你喜欢，就送给你吧。	You may have it for the asking.
373462	打消这种幼稚的念头吧。	Get rid of those kinds of naive ideas.
373470	详细叙述一下这起事故吧。	Describe that accident in detail.
373474	你不该让他们等那么久。	You shouldn't keep them waiting so long.
374674	这下搞得你今天累死了！	You've tired yourself out today!
374838	哎哟，撞到你了，对不起！	Ah, I hit you, sorry!
374848	没关系，送你到电梯口。	No worries, I will send you to the elevator.
375255	他在回家途中出了意外。	He had an accident on his way home.
375257	这把刀不够锋利。	This knife won't cut well.
375288	尽管下着雨，他还是出去了。	He went out in spite of the rain.
375306	不是每个人都是老实的。	Not everyone is honest.
375328	他被那个女人吸引住了。	He was attracted to the woman.
375332	确保亲自填写注册表格。	Be sure to fill out the registration form in person.
375372	人是唯一会说话的动物。	Man is the only animal that can speak.
375381	不用说，健康比财富重要。	Needless to say, health is above wealth.
375389	暴风雨后，大海恢复了平静。	After the storm, the sea was quiet again.
375392	这个沙拉有柠檬的味道。	This salad tastes of lemon.
375444	艾美莉晚餐吃了豆腐。	Emily ate tofu at dinner.
375978	我们没注意到她的悲伤。	We didn't notice her sorrow.
377728	水是由氢和氧组成的。	Water consists of hydrogen and oxygen.
379101	你是怎么称呼你父亲的呢？	What do you call your father?
379584	一天一苹果，医生远离我。	An apple a day keeps the doctor away.
379591	他在枪每时每刻有子弹。	He keeps this gun loaded.
380553	男女搭配，干活不累。	When man and woman unite, work is no longer as tiring.
380588	我吃不起这么贵的餐馆。	I can't afford to eat in such an expensive restaurant.
380682	这不是普通话，而是上海话。	This isn't Mandarin, it's Shanghainese.
380683	我宁可死，也不想看见你哭。	I'd rather die than see you cry.
380686	与其喝可乐，倒不如喝香槟。	Instead of drinking cola, why not drink champagne?
380687	与其知道你要走，我宁肯你没有回来过。	I would rather that you never returned than know that you wanted to leave.
380720	树木排出氧气，吸收二氧化碳。	Trees give off oxygen and absorb carbon dioxide.
380725	两个男人在街上打架。	Two men were fighting on the street.
380726	这雨没有要停的迹象。	The rain shows no sign of stopping.
380727	企业第一季度收益大幅增长。	Corporate earnings in the first quarter improved sharply.
380729	我一个人住在这幢房子里。	I live in this house by myself.
380732	保罗的成功是一个神话。	Paul's success was a myth.
380735	丈夫去世时她十分绝望。	She was in despair when her husband died.
380863	我们庆祝了他的生日。	We celebrated his birthday.
380920	叶子慢慢的飘落下来。	The leaves slowly fell.
381010	你这么漂亮，况且又这么聪明，怎么可能没人追你呢？	You're beautiful and intelligent, how is it possible that no man is chasing after you?
381119	由于天气恶劣，飞机延误了。	Due to bad weather, the plane was late.
381909	哪怕没有人陪我，我也要去看这部电影。	Even if no one goes with me, I still want to see this movie.
381931	刚才桌子上有一本书吗？	Was there a book on the desk a moment ago?
382207	约翰昨天出发去了法国。	John left for France yesterday.
382212	一、二、三、四、五、六、七、八、九、十。	One, two, three, four, five, six, seven, eight, nine, ten.
382995	还有五分钟就到十点了。	It's five minutes to ten.
383001	请问，这位女士是什么人？	Excuse me, who is this woman?
383291	她只是一个平凡的小女孩。	She is just an ordinary girl.
385101	你回家乡去住多少天？	How many days are you going to be visiting your hometown?
385291	很多人觉得有教才有学，但其实这个观念是错的。	One of the great superstitions about education is that learning is the result of teaching.
385533	我把你的烟灰缸打破了。	I broke your ashtray.
385581	这不是标准的英式读法。	That's not standard English pronunciation.
385588	那条裙子看起来很昂贵。	That dress seems to be very expensive.
385601	一旦养成了坏习惯，就很难改回来了。	A bad habit, once formed, is difficult to get rid of.
385959	我的喉咙好像被火烧一样。	My throat burns.
386568	他的演说赢得了观众热烈的掌声。	The audience clapped loudly after his speech.
386584	别太操心了，不然会掉头发的。	Don't worry too much, or you'll go bald.
386860	这个箱子里装满了苹果。	This box is filled with apples.
387108	这间房子要维修了。	This house must be done up.
387605	他对日文只是略懂皮毛。	He has only a superficial knowledge of Japanese.
387615	我真是哭笑不得了。	I don't know whether to cry or to laugh.
387700	我无法容忍他的行为。	I can't take his behaviour.
387710	他新近皈依的天主教徒。	He is a recent convert to Catholicism.
387761	整晚一会下雨，一会停雨。	It was raining on and off all night long.
387836	有个朋友正在大堂等我。	I have a friend waiting for me in the lobby.
387962	有人在这张沙发上睡过。	Somebody has been sleeping on this sofa.
389053	这位女士是不是推销员？	Is this lady a saleswoman?
389054	不是的，他是我们的业务主管。	No, he's our business manager.
389351	我弟弟在车祸中受了伤。	My brother was injured in the car accident.
389376	警察正在检查他们的包。	The police are checking their bags.
389396	我不知道该说什么来安慰你。	I don't know what to say to make you feel better.
389414	他选每个词都深思熟虑。	He chose every word with care.
389424	我们应该不惜代价避免战争。	We must avoid war at all cost.
389426	你觉得这威士忌怎么样？	How do you like this whisky?
389471	瑞士人是说甚么语言的？	What language do they speak in Switzerland?
389516	我们被一大群蜜蜂攻击。	We were attacked by swarms of bees.
389806	这种科技的优势是什么？	What is the advantage of this technology?
389816	我们男人习惯等女人了。	We men are used to waiting on women.
389819	我们需要一辆救护车。	We need an ambulance.
389835	博览会将举行六个月。	The exposition will be held for six months.
389929	蔬果对平衡饮食必不可少。	Fruits and vegetables are essential to a balanced diet.
389931	大标题今天早上吸引了我的注意。	The headline caught my eye this morning.
389946	他写文章写得很主观。	His writing is very subjective.
390434	这是一个产苹果的地区。	Apples are produced in this district.
390850	日本的人口密度很高。	Japan has a high population density.
390880	我恐怕您打错电话了。	I'm afraid you have the wrong number.
391112	在第二排房子的第三家。	It's at the third home in the second row of houses.
391196	你到这儿拐弯角上去坐地铁。	Turn here to get on the subway.
391592	我打算下个星期去欧洲。	I'm planning to leave for Europe next week.
392232	在哪儿我能找到牙膏？	Where can I find toothpaste?
392233	不能根据服装来判断一个人。	You can't judge a person based on clothing.
392237	我从你的表情猜到你有好消息。	I perceive by your face that you have good news.
392250	我弄断了我吉他的一根弦。	I broke a string on my guitar.
392260	这个球是那个男孩的宝贝。	The ball is that boy's prized possession.
392268	无论如何，都不关你的事。	In any case, it's none of your business.
392272	没有你的话，我的生命就毁灭了。	Life's a ruin without you.
392293	拜托您，请给我一张签证。	I beg you, give me a visa.
392320	客观的历史存在吗？	Does objective history exist?
392674	目前我的邮件有点问题。	I'm having problems with e-mail right now.
392925	大家都在聚精会神地听着。	Everyone was listening very carefully.
393370	只要你微笑，我就会快乐。	If you smile, I'll be happy.
393399	这个问题暂时放在一边。	That problem has been shelved for the time being.
393700	你固然是错了，但也不能怪你。	On the one hand, you are wrong, but on the other hand, I can't blame you for that.
393914	这个盒子没那个盒子大。	This box is not as big as that one.
394093	我们还是不要再见面了。	It would be better for both of us not to see each other anymore.
394095	这里附近有没有邮政局？	Is there a post office around here?
394127	他是个无可救药的家伙。	He's a hopeless case.
394249	我不可以借这本书给你。	I cannot lend this book to you.
394912	麻烦你把音量调低一点。	Turn down the volume, please.
395073	不要践踏草地。	Don't trample on the grass.
395528	我经常忘记别人的名字。	I always have trouble remembering names.
395551	谁也不知道他是否爱她。	No one knows if he loves her or not.
395649	菜单上有各种各样的菜色。	There was a great variety of dishes on the menu.
395891	我们匆忙地去火车站了。	We hurried to the train station.
395923	我们昨天试了一下，果然是很好。	We tried it out yesterday; as expected, it was really good.
396389	他超速驾驶，被警察逮捕了。	The policeman arrested him for speeding.
396754	一滴滴水能聚成湖泊。	Drop by drop, the water can conglomerate into a lake.
397001	约翰在台上唱了甚么歌？	What did John sing on the stage?
397020	手脏的时候千万不要揉眼睛。	Never rub your eyes with dirty hands.
397085	那台机器可以发很多电。	The machine generates a lot of electricity.
397099	平等是由宪法保障的。	Equality is guaranteed by the Constitution.
397106	她是由她的祖母带大的。	She was brought up by her grandmother.
397121	他是我唯一信任的朋友。	He's the only friend I trust.
397129	老实说，我被我妈妈骂了。	To tell you the truth, I've been scolded by my mom.
397367	有一家便利店在马路斜对面。	There's a convenience store diagonally across the street.
397448	你有没有收据？	Have you a receipt?
397539	他继承了他父亲的财产。	He succeeded to his father's property.
397546	你怎么定义“幸福”？	How would you define "happiness"?
397889	新郎现在在一家公司工作，新娘是我们的老师。	The groom works for a company now, and the bride is our teacher.
397953	老师说：“咱们现在就出发。”	The teacher said: "Let's set off right now."
397987	大家听了，都很高兴，觉得这个婚礼又新颖又有意义。	Everyone listened and was very happy, thinking this wedding was both original and meaningful.
397989	十几棵树很快就种好了。	About a dozen trees had soon been planted.
398231	冰冻三尺，非一日之寒。	Rome wasn't built in a day.
398682	希望我的愿望能够实现。	I hope I can get my wish fulfilled.
399221	你的眼睛为什么那么大？	Why are your eyes so big?
399366	对我来说，质量不如数量。	I put quantity after quality.
399896	“你喜欢蛇吗？”“当然不喜欢。”	"Do you like snakes?" "Of course not."
400006	我和往常一样起得很早。	I got up early as usual.
400041	他主动帮他妈妈做家务。	He takes the initiative in helping his mother do the housework.
400068	天气预报一点也不可靠。	The weather forecast is not reliable at all.
400174	死了妻子的人叫做鰥夫。	A man whose wife is dead is called a widower.
400240	那边的报纸，你给他送去。	Send that newspaper to him.
400259	你钱或者信用卡带来没有？	Did you bring cash or your credit card with you?
400338	把架子上的灰尘擦一下。	Clean the dust off the shelf.
400344	一块圆桌玻璃被打碎了。	The glass round table was smashed.
400365	你看这两张照片哪张好？	Look at these two photographs - which one is better?
400401	我为什么一定要知道呢？	Why must I know about it?
400405	请问怎样打电话到日本？	How can I make a telephone call to Japan?
400440	爱因斯坦是个数学天才。	Einstein was a mathematical genius.
400613	社会不是在进步，而是在退步。	Social conditions are going backward rather than forward.
400615	总统不由自主地笑了起来。	The president laughed in spite of himself.
400819	咖啡师们该创造一个情景喜剧。	Baristas need to make a sitcom.
400980	我去和朋友喝了杯啤酒。	I went to drink a beer with friends.
401000	他比以前学得更努力了。	He studies much harder than before.
401013	酒的消费每年都在上升。	Alcohol consumption is increasing every year.
401118	我的头发很容易打卷。	My hair curls easily.
401123	那天我丢了我的照相机。	I lost my camera the other day.
401742	他的名字我记得很清楚。	I remember that man's name very well.
401840	他只不过是有点小聪明。	Although he may be clever, he is not wise.
402310	这里附近有没有加油站？	Is there a gas station around here?
402503	对我来说没甚么分别。	It's the same to me.
402926	她的气色看起来比以前好。	She looks better than before.
402984	你有没有看完整本书？	Did you read the whole book?
403331	我在一间贸易公司工作。	I'm working for a trading firm.
403613	公共汽车上发生什么了？	What happened on the bus?
403625	这件事让我真的很感动。	I was really moved by this.
403762	他赢了冠军就自吹自擂了起来。	He boasted of having won the first prize.
403775	你去那个超级市场，几乎甚么日用品都买得到。	If you go to that supermarket, you can buy most things you use in your daily life.
404340	自由的本质就是数学。	The essence of liberty is mathematics.
404450	她看不起这个小伙子。	She scorned the boy.
404459	他是美国大使馆的外交官。	He is a diplomat at the American Embassy.
405132	我弟弟的房间总是很乱。	My brother's room is always a mess.
405263	今天很凉快。	It's cool today.
405480	伊宁的苹果种类非常多。	Ghulja has very many kinds of apples.
405750	俄罗斯面临着严重的财政困难。	Russia is facing great financial difficulties.
405772	金属冷却的时候会收缩。	Metals contract when they cool.
405778	她独自一人去了墨西哥。	She went to Mexico by herself.
406314	他对他的行为感到后悔。	He is regretting his action.
406351	足球是我最喜欢的运动。	Soccer is my favorite sport.
406451	透过薄雾，我隐约看见了我的未来。	In looking through the mist, I caught a glimpse of my future.
406455	有朋自远方来，不亦乐乎？	When a friend comes from afar, is that not delightful?
406618	我这个学期的成绩很差。	I got terrible grades this term.
406735	不要插手我的私生活。	Don't pry into my private life.
407337	吉尔吉斯斯坦的情况十分混乱。	The situation in Kyrgyzstan is a real mess.
408160	我的妻子是乌鲁木齐人。	My wife is a native of Ürümqi.
408246	他很富有，但活得像个乞丐。	He is rich yet he lives like a beggar.
408259	所有你能做的就是等待。	All you can do is to wait.
408260	所有的客人都被她的好客感动了。	All the guests were touched by her hospitality.
408485	我们学校离公园非常近。	Our school is very close to the park.
408814	他和他朋友坐在长凳上。	He and his friend sat on the bench.
408826	他一看见警察就逃走了。	As soon as he saw a policeman, he ran away.
408827	从整体看，计划似乎很好。	As a whole, the plan seems to be good.
408846	世界上有很多不同的民族。	There are a lot of different peoples in the world.
408899	其中一个学生今天没来。	One of the students didn't come today.
408957	每个人都有第二次机会	Everybody gets a second chance.
409208	单凭力量不能保证取胜。	Relying on strength alone cannot guarantee victory.
410462	一名伟大的战士威力显着，无需抵死奋战。	A great warrior radiates strength. He doesn't have to fight to the death.
410568	他一步一步地拾级而上。	He went up the steps slowly.
410572	不同的国家有不同的习俗。	Each country has its own customs.
410653	读书可以学会很多生字。	Many words are acquired through reading.
410667	我没吃早餐，所以肚子很饿。	I am hungry because I did not eat breakfast.
410729	他是市长的候选人之一。	He is one of the candidates running for mayor.
410811	他没法生火，只好把鱼生吃。	As he had no way of making fire, he ate the fish raw.
410839	你应该更注意你说的话。	You should pay more attention to what you say.
410844	刹车的功能是使车停下。	The function of the brake is to stop the car.
410859	他的故事可能是真的吗?	Can his story be true?
410893	我小睡后就感到精力充沛。	A little nap and, just like that, I'm as fresh as a daisy.
411190	另外一队轻视了我们。	The other team took us lightly.
412035	波士顿的鸽子又胖又自豪。	The pigeons of Boston are fat and proud.
413237	白萝卜可能比红萝卜贵。	Radishes might be more expensive than the carrots.
413248	我买了这件减价的汗衫。	I bought this T-shirt on sale.
414045	我斩钉截铁地拒绝了。	I flatly refused.
414151	想吃一点巧克力奶酪吗？	How about some chocolate cheese?
414246	大部分客人是外国人。	The greater part of the guests were foreigners.
414616	生气是一种疯狂的形态。	Anger is a form of madness.
414622	冬天是我最喜欢的季节。	Winter is my favorite season.
414623	空气是气体的混合物。	Air is a mixture of gases.
414630	我只剩下一粒糖了。	I only have one sweet left.
415638	我看见他正在锯一棵树。	I saw him sawing a tree.
415643	我偶然发现了那家餐馆。	I found that restaurant by accident.
415644	网球在学生中非常流行。	Tennis is very popular among students.
415816	万一他迟到的话怎么辨？	What if he should happen to be late?
415924	「现在几点钟？」「三时二十分。」	"What time is it?" "It's 3:20."
417366	他是权威的经济学家。	He is a great authority on economics.
417376	你要绿色的还是蓝色的？	Do you want the green or the blue?
417726	今天的使命：奶茶跟麻糬。	Today's mission: milk tea with mochi.
417760	这是一道深奥的数学题。	This is a difficult math problem.
418557	駱駝是沙漠之舟。	A camel is to the desert what a ship is to the sea.
418561	拜托你开门让我进来吧。	Open the door and let me in, please.
418563	电脑产业的发展一日千里。	The development of the computer industry has been very rapid.
418749	他迫不及待地想要知道结果。	He is anxious to know the result.
418945	根据国土安全部的规定，目前的安全水准是橙色等级。	The security level, as established by the Department of Homeland Security, is orange.
419244	托尼打网球打得真好啊！	What a good tennis player Tony is!
419704	艾马提，我们需要更多肉！	Emet, we need more meat!
419719	我们只做维族式的饭菜。	We only make Uighur food.
419724	你想吃几串烤羊肉？	How many kebabs will you have?
419726	你们想吃几串烤羊肉？	How many kebabs will you have?
419758	有缘千里来相会，无缘对面不相逢。	Those fated to meet will do so regardless of distance. Those not fated will not, even if they are across from one another.
419920	他做的事情你赞成的吧？	Do you approve of what he is doing?
419932	海滩上你到底愿意去吗？	Are you willing to go to the beach?
420000	走啊！大家可以开始走了！	Go! Everybody can start to go!
420006	我时间来不及啦，你快一点呀！	I don't have enough time, hurry up!
420022	我要睡到八点半才起身。	I want to sleep until 8:30.
420050	你的朋友近来在忙些什么？	What has your friend been doing recently?
420054	目前我没在做什么事情。	I'm not doing anything currently.
420088	书桌上一叠专业书里有几本卡通书混在里面。	There were some graphic novels mixed into the pile of specialty books on the desk.
420098	茶壶里再冲点水在里面。	Swill the teapot out with water.
420114	我已经好久没有去锻炼了。	I haven't exercised in a long time.
420138	天快亮了，我要动身了。	It will soon be daybreak and I have to leave.
420262	一点也不便宜，贵得不得了。	It's not even a little bit cheap, it's extremely expensive!
420290	今天我来请客。	It's my treat today.
420318	稍微等一等，马上就好！	Wait just a little bit. It'll be done immediately.
420344	你说得我馋死了！	The way you describe it makes me drool.
420368	这片小区的绿地面积有多少？	What is the size of this district's greenery area?
420390	小区安全吗？夜晚有照明设施吗？	Is this community safe? Are there lighting installations for the night?
420492	你是刷卡还是付现金？	Are you paying by card or cash?
420586	请问，我要用美元换人民币，这儿可以换给我人民币吗？	Excuse me, I'd like to exchange US dollars for RMB - can I get RMB here?
420596	请你帮我换一点零钱行吗？	Could you please exchange some small change with me?
420712	虽然时髦一点，但是价钱太大！	It's kind of in vogue, but the price is too much!
420722	价钱可以打折吗？	Can the price be discounted?
420736	我多买一些，可以便宜点吗？	If I buy more, can I get them cheaper?
420800	那么你频道换掉也行啊。	You can just switch channels.
420810	他俩的爱情，已经上升了一个台阶。	Their love has gone to the next level.
420844	你把窗门开开，把空调关了！	You should open the windows and turn off the air-con!
420878	我的手机不见了，怎么办？	I lost my phone, what should I do?
420890	快赶到那边去打听，快走！	Nip over there and ask. Hurry!
420912	你看他傻乎乎的模样，倒也挺可爱。	Look at him. He looks like an idiot but he's also very cute.
420950	有点恶心，但是吐不出来。	I feel a little nauseous, but I'm unable to throw up.
420964	已经退休了，但还常常被他们请去做顾问。	He's already retired but is often asked by them to consult.
421006	你想找哪个方面的工作？	What kind of job are you looking for?
421078	朋友之间，大家谈谈心，非常爽快。	Between friends, to have a heart-to-heart is really rejuvenating.
421110	我这趟旅程一共需要十二天。	This trip of mine would need twelve days in total.
421112	祝你一路上玩得愉快。	Have a pleasant trip.
421172	你在上海要住多少时间？	How long are you going to stay in Shanghai?
421182	发给好朋友的请帖上有新郎新娘合影的照片。	There's a photo of the bride and groom together on the invitation sent to friends.
421204	子女培养全社会都很关心，教育要进行改革。	The raising of children is something that concerns the entire community. There will be an education reform.
421254	绿灯时，拐弯车要让人。	When the light is green, cars turning must yield to pedestrians.
421272	上海人要树立上海新形象。	The Shanghainese people must build up Shanghai's new image.
421748	今年流行甚么款式的外套？	What sort of coats are in fashion this year?
421759	知道真相的人只有几个。	Only a handful of people know the fact.
421771	请你事先把计划告诉我。	Please let me know the schedule beforehand.
421778	这几年的天气很反常。	We've been having strange weather the past few years.
421998	琳达把舌头伸了出来。	Linda stuck her tongue out.
422006	这首歌勾起了我童年的回忆。	This song reminds me of my childhood.
422051	你有没有看过那部电影？	Did you ever see that movie?
422057	我可以和家人一起来吗？	May I bring my family along?
422968	我没有钱，但是我有梦想。	I have no money, but I have dreams.
422986	你现在出门的话，肯定会堵车的。	If you leave now, I'm sure you'll be caught in a traffic jam.
422988	他很有信心赢这场比赛。	He is sure of winning the game.
422993	这首诗是不是莎士比亚写的，恐怕是无从考究的了。	Whether Shakespeare wrote this poem or not will probably remain a mystery.
423186	我们在地上掘了一个洞。	We dug a hole in the ground.
423342	我昨晚差点踩到一只臭鼬。	I almost stepped on a skunk last night.
423403	昨晚她很晚打电话给我。	She called me up very late last night.
423630	我在回家途中碰见了他。	On my way home, I met him.
423888	我可以再吃一块蛋糕吗？	May I have another piece of cake?
423906	销售率正在急剧下滑。	The sales are slipping.
423908	三十年前的时装款式又流行起来了。	Fashions of thirty years ago have come back in style.
424504	用钢笔写，不要用铅笔写。	Write with a pen, not with a pencil.
424522	司机应该遵守交通规则。	Drivers must observe the traffic rules.
424894	那场演讲很长，但我却听得津津有味。	The lecture was very long, but I enjoyed it none the less.
424964	我家昨晚给强盗光顾了。	My house was broken into last night.
425006	你最会操作这台机器了。	You understand best how to use the machine.
425141	若有大地震，房屋会倒塌呀！	If there's a big earthquake, the house could really collapse!
425348	你介意我在这里抽烟吗？	Would you mind me smoking here?
425422	他们分明说了谎。	It was obvious that they had told a lie.
425424	不好意思，现在线路繁忙。	Sorry, the line is busy now.
425931	我请妈妈四点叫我起床。	I asked Mother to wake me up at four.
425933	我看完电视才去做功课。	I'll do my homework after I watch television.
425936	这本书会让你发挥想像力。	This book will awaken your imagination.
425942	我相信他是个能干的人。	I'm sure he is a man of ability.
426018	他们的生活环境很好。	They live in a good environment.
426243	我们以后要保持联络啊。	From now on, let's keep in touch.
426248	接着又有三个人上了巴士。	Three more passengers got on the bus.
426301	丘陵沐浴在阳光下。	The hills are bathed in sunlight.
426309	这些年空气质量恶化了。	Air quality has deteriorated these past few years.
426315	为什么月亮晚上发光？	Why does the moon shine at night?
426321	你要习惯东京拥挤的火车。	You have to accustom yourself to the crowded trains in Tokyo.
426324	她对那个消息非常惊讶。	She was very surprised at the news.
426367	在我看来，他是有道理的。	In my opinion, he is correct.
426369	你是不是想暗示什么？	Are you implying something?
426406	我该在这个服务器上设置一个防火墙。	I need to configure this server with an appropriate firewall system.
426692	我的孩子们喜欢甘草棒。	My children like saccharum.
426699	他不会讲法语。我也不会。	He doesn't speak French, neither do I.
426812	这是一把中式扇子。	This is a Chinese fan.
426870	非工作人员禁止入内。	No admittance except on business.
426874	那是学英语最好的方法。	That's the best approach to the study of English.
426884	总体上说，日本的气候温和。	Generally speaking, the climate of Japan is mild.
426887	他在工作中经验尚浅。	He is still green at the job.
426897	我因为化妆品皮肤过敏了。	I got a makeup-induced rash.
426961	这家酒店可以容纳一千人。	This hotel has accommodations for 1,000 guests.
426995	你这种想法有没有根据？	Do you have any grounds for thinking so?
426997	我在火车上给偷了东西。	I had my pocket picked on the train.
427003	我一辈子都是个流浪者。	I'm a nomad for life.
427562	瑞士是一个中立的国家。	Switzerland is a neutral country.
427619	如果必要的话，我不反对付特别费用。	I have no objection to paying a special fee if it is necessary.
427625	丑闻让他付出了失去声誉的代价。	That scandal cost him his reputation.
429096	他在花园里砍了一棵树。	He cut down a tree in his garden.
429165	她戴上了帽子准备出去。	She put on her hat to go out.
429352	那个学生正在学习社会学。	The student is working at sociology.
429353	他们给了他逃脱的机会。	They gave him a chance to escape.
429356	他无法回答他们的问题。	He cannot answer their questions.
429363	那商店里的商品全都打九折呢。	Everything at that store is 10 percent off the regular price.
429387	他们利用陷阱捕捉狐狸。	Using a trap, they caught the fox.
429412	这外套是什么材料作的？	What stuff is this jacket made of?
429417	我把雨伞留在电车上了。	I left my umbrella on the train.
429434	在新加坡，鞭刑是处置犯人的方法之一。	In Singapore, one way to punish a criminal is to whip him or her.
429445	我父亲的状况时好时坏。	My father's condition seems to improve one moment, but the next moment he sinks again.
429456	我完全理解你得处境。	I can understand your position perfectly.
429458	我们还得付多一万日元。	We had to pay ten thousand yen in addition.
429475	他给了以下的答复。	He answered as follows.
429480	只有少数的人是无忧无虑的。	Few people are free from cares.
430485	那位戴眼镜的男士是谁？	Who is that gentleman in spectacles?
430959	他模仿了梵高的作品。	He imitated the works of Van Gogh.
430972	他比较了复印稿和原件。	He compared the copy with the original.
430994	冰厚得足以让我在上面走路。	The ice was thick enough for me to walk on.
431109	但是我不会烤烤肉串！	But I don't know how to cook kebabs!
431497	一艘船突然从雾中出现。	A boat suddenly appeared out of the mist.
431520	市长否认收受了贿赂。	The mayor denied having taken a bribe.
431592	我决定上大学主修英语。	I decided to go to college to major in English.
431605	他虽年轻，但十分英明。	Though young, he is wise.
431612	她的借口我已经听腻了。	I'm sick of her excuses.
432338	我们不畏惧任何困难。	We're not afraid of any difficulties.
432889	你比较喜欢溜冰还是滑雪？	Which do you like better, skating or skiing?
432907	他因为太疲劳而无法继续前进。	He was too tired to go any further.
432908	你的记性很好。	Your memory is good.
433252	既要马好，又要马不吃草。	You can't have your cake and eat it.
433470	她打算去烹饪学校上几堂课。	She's thinking of taking a couple of courses at a cooking school.
433473	这本书是他热心研究的成果。	This book is a result of his enthusiastic research.
433550	在那边游泳的男孩是谁？	Who is the boy that is swimming over there?
433681	你不觉得房子在摇动吗？	Don't you feel the house shaking?
433895	士兵们已经准备好为国牺牲了。	The soldiers were ready to die for their country.
433899	她觉得健康比财富重要。	She values health above wealth.
433911	他很有审美眼光。	He has an eye for the beautiful.
433929	如果没有你，我的人生就会变得空白一片。	My life would be completely empty without you.
435238	鸚鵡懂得模仿人类说话。	Parrots imitate human speech.
435242	女孩的眼睛充满了泪水。	The girl's eyes were filled with tears.
435364	我被外星人绑架了。	I was abducted by aliens.
435367	她没有比她妈妈更漂亮。	She's not prettier than her mother.
435381	我今天下午打算学英语。	This afternoon, I am planning to study English.
436017	这个政策导致物价大幅度的上升。	This policy resulted in a great rise in prices.
436023	公车一辆一辆地开出了。	The buses left one after another.
437275	谁能说将来会发生什么呢。	Who can tell what will happen in the future?
437448	我回来了！啊？我们有客人啊？	I'm back! Oh? Have we got a guest?
437741	我最近没甚么时间看书。	I've got little time for reading these days.
437937	他是个很有野心的人。	He was a man of great ambition.
437939	你认识照片里的男人吗？	Do you know this man in the picture?
437947	他讲了一个有趣的故事。	He told a funny story.
438465	他试图自杀，但是失败了。	He tried to kill himself but it ended in failure.
440104	我正在在波士顿读博士。	I'm in Boston going for my Ph.D. right now.
441466	我买了份英文写的报纸。	I bought a newspaper written in English.
441485	这咖啡热得我没办法喝。	This coffee is too hot for me to drink.
444641	塑料盘子在烤箱里会化的。	A plastic dish will melt on the stove.
444686	美国是一个共和国。	The United States is a republic.
444711	不要太过于依赖别人。	Don't depend too much on others.
444791	这个家庭热情地接待了我。	The family received me very warmly.
444811	我对以后做什么很迷茫。	I was puzzled about what to do next.
446163	我想改善我的英语发音。	I would like to improve my English pronunciation.
446167	所有悲剧都由死亡终结。	All tragedies end with a death.
447492	我试着用法语提问。	I am trying to ask my questions in French.
450190	我想请你帮我整理花园。	I would like you to assist me with my gardening.
450974	严禁卖淫嫖娼，赌博，吸毒，酗酒滋事等违法犯罪活动！	Prostitution, gambling, the use of narcotic substances, drunkenness, disorder, and all other illegal activities are STRICTLY FORBIDDEN.
451836	他故意令她陷入险境。	He deliberately exposed her to danger.
452419	有些情况之下，这条规则不能成立。	There are some cases where the rule does not hold good.
453767	日本人喜欢集体旅游。	The Japanese like to travel in groups.
454799	这就是他用来签署那份文件的笔了。	This is the pen that he signed the document with.
454802	计划受到舆论的压力而被取消了。	The plan was given up under the pressure of public opinion.
455061	我们还是在这里坐下吧。	We had better sit down here.
457561	我们还是让老师决定吧。	Let's leave the decision to our teacher.
458041	他们俩的影子重叠在一起。	Their two shadows overlap.
458579	神话让我们能透悉古文明。	The myth offers insights into the ancient civilization.
459064	克里斯取得了七枚金币！	Chris gets 7 gold coins!
459718	汤姆和我没有相似之处。	Tom and I have nothing in common.
459814	我不太明白你在说甚么。	I don't understand what you are talking about.
459980	龙是人幻想出来的生物。	The dragon is an imaginary creature.
459990	进口车占了不到百分之八。	Imported cars account for less than eight percent.
460475	我打排球的时候扭伤了手指。	I sprained my finger while playing volleyball.
460477	用水冲洗灼伤的手指。	Cool the burned finger in running water.
460625	如有火警，切勿使用升降机。	In case of fire, do not use the lift.
461264	一百年叫做一个世纪。	A hundred years is called a century.
461493	这个发现将会在历史上留下光辉的一页。	This discovery will be recorded in history.
461502	没有人向他恭敬地鞠躬。	No one respectfully bowed towards him.
461505	没有他的帮助，我会失败。	Without his help, I will fail.
461512	波浪拍打着海岸。	Waves crashing against the coast.
461513	她参观了好几次这个房子。	She visited the house several times.
461528	飞机向城市投下了炸弹。	The plane dropped the bomb over the city.
461536	我不允许你用我的钢笔。	I will not allow you to use my pen.
461538	没有任何干净的盘子。	There are no clean plates.
461544	我就是不道歉，你奈我何？	I'm not going to apologize. What are you going to do about it?
461548	他们试图冲破敌军防线。	They attempted to break through the enemy line.
461570	他最终达成了他的目标。	In the end he achieved his objective.
461624	他把她的话当作是一种赞美。	He took her words as a compliment.
461684	请给我一张街道地图好吗？	Can you give me a map of the street?
462008	他以为他们渴望荣耀。	He thinks that they are eager for glory.
462014	对不起，我要在下一站下。	Excuse me, I have to get off at the next stop.
462024	他从早到晚只是在抱怨。	He does nothing but complain from morning till night.
462034	美貌只是表面性的东西。	Beauty is but skin deep.
462080	他仍然时不时来看我。	He still comes to visit me from time to time.
462084	我偶尔会在俱乐部碰到他。	Sometimes I see him at the club.
462086	我们时不时地去钓鱼。	We go fishing from time to time.
462093	不要嫉妒其他人的成功。	Don't be jealous of the success of others.
462097	关于教育，他持极端意见。	Regarding education, he has extreme opinions.
462104	城市位于日本的最北端。	The city is at the northern end of Japan.
462153	我对她很冷淡。	I was very cold towards her.
462186	两周没有下过一滴雨了。	There hasn't been a drop of rain in two weeks.
463905	军队镇压了叛乱。	The army quelled the rebellion.
463907	这咖啡对我来说太浓了。	As far as I'm concerned, this coffee is too strong.
464747	他反对种族歧视。	He opposes racism.
464768	电池要额外付钱。	You need to pay extra for the batteries.
464771	世界需要的是公正，不是施舍。	It is justice, not charity, that is wanting in the world.
464857	夜幕降临时，孩子们回家了。	The children returned home at dusk.
464866	往返各地的收费如下。	Round-trip fares to each destination are as follows.
464887	女人观察，男人思考。	The woman observes and the man thinks.
464895	他有个装满草莓的篮子。	He has a basket full of strawberries.
464955	魅力冲击视觉，美德征服心灵。	Charms strike the sight, but merit wins the soul.
465001	我太太很容易就会着凉。	My wife catches colds easily.
465507	在地毯上睡觉好极了。	Sleeping on a carpet is great.
465817	钻石被镶在一个金戒指上。	The diamond was set in a gold ring.
465835	他享有私人教学的特权。	He had the privilege of a private education.
465873	我受到了热烈欢迎。	I received a warm welcome.
465899	这本书的主题是美国革命。	This book's main topic is the American revolution.
465933	这朵花散发出强烈的香味。	This flower gives off a strong fragrance.
466010	墙上有一张鲍勃的肖像画。	There is a portrait of Bob on the wall.
466014	他把他的生命给了国家。	He gave his life for the nation.
466016	父母承担教育子女的责任。	Parents are responsible for their children's education.
466023	他用他自己的方式工作。	He works in his own way.
466065	桌上布满了粉末。	The table is covered with powder.
466084	我们的对话总是以争吵收场。	Our conversation always ends in a quarrel.
466125	电脑放在女士们的左边。	The computer is placed to the left of the women.
466150	厨师每天准备不同的菜。	The cook prepares different dishes every day.
466151	演唱会门票比电影票贵。	The concert ticket costs more than the cinema ticket.
466191	我受不了淘气的小孩。	I can't stand naughty children.
466211	你相信他真是太愚蠢了。	It is stupid of you to believe in him.
466234	少了一把勺子。	There is a spoon missing.
466252	她只对鱼和蟑螂感兴趣。	She's only interested in fish and cockroaches.
466289	纽约和伦敦距离多远？	What is the distance between New York and London?
466296	我最初不怎么喜欢他。	At first, I didn't like him.
466302	那小镇离岸边有两英里。	The town is two miles away from the coast.
469120	你有没有看过这篇文章？	Have you read this article?
469165	你竟敢这样对长辈说话？！	How dare you speak like that to your elders and betters!
469241	他有三个女儿，一个结了婚，其余两个还没有。	He has three daughters; one is married, but the others aren't.
469260	你该摆脱你的坏习惯。	You must rid yourself of bad habits.
469262	您做了个坏榜样。	You've set a bad example.
469263	你做了个坏榜样。	You've set a bad example.
469265	您必须弥补损失。	You must make up for the loss.
469277	你们永远不会一个人的。	You'll never be alone.
469289	您最好请教一下医生。	You'd better consult the doctor.
469291	你最好请教一下医生。	You'd better consult the doctor.
469296	我很惊讶你竟然那么天真。	I'm surprised that you're so naïve.
469328	你要拿驾照还太年轻了。	You're still too young to get a driver's license.
469384	胜利是用许多人的性命换来的。	The victory was won at the cost of many lives.
469426	海豚是十分聪明的动物。	The dolphin is a very intelligent animal.
469464	您的头发是什么颜色的？	What color is your hair?
469466	您空闲时间喜欢做什么？	What do you like to do in your free time?
469467	你空闲时间喜欢做什么？	What do you like to do in your free time?
469483	少了一个戒指和一点现金。	A ring and some cash are missing.
469515	她买了件羊毛套衫给他。	She bought a woollen pullover to give to him.
470266	市长一家人一整天不断遭到了恐吓电话的骚扰。	The mayor's family was harassed with threatening phone calls all day.
470271	这台自行车是我弟弟的。	This bike belongs to my younger brother.
470882	地图上的红线代表铁路。	The red lines on the map represent a railway.
470891	还有五十公里就到巴黎了。	It's fifty kilometers to Paris.
470959	这里附近有没有电影院？	Are there any movie theaters near here?
471152	这艘船没有雷达装备。	The ship is not equipped with radar.
471327	你为什么指责我儿子？	Why do you accuse my son?
471334	您昨天为什么离开教室？	Why did you leave the classroom yesterday?
471388	这房间太小了，容纳不下五十人。	This room is too small to contain 50 men.
471393	我要吃鱼和海鲜。	I want to eat fish and seafood.
471447	他被取消了参赛资格。	He was disqualified from the competition.
471454	中国是亚洲最大的国家。	China is the largest country in Asia.
471476	她在学校参加了很多活动。	She participates in many school activities.
471675	山崎先生不久就康复了。	It was not long before Mr Yamazaki recovered.
472272	那片云是鱼的形状。	That cloud is in the shape of a fish.
472332	我生来就是为了爱你的。	I was born to love you.
472339	让您等了很久，我很抱歉。	I'm sorry I've kept you waiting so long.
472385	你在东京如何维持生计？	How did you make a living in Tokyo?
472574	他帮我把手表修理好了。	He fixed the watch for me.
472578	国王下令把囚犯释放。	The king ordered that the prisoner should be set free.
472597	这里要小心扒手。	Beware of pickpockets here.
472821	她的房子在河的另一边。	Her house is across the river.
472823	她对她的孩子非常生气。	She got very angry with her children.
472862	我把盒子扛在肩上。	I carried the box on my shoulder.
472884	请小心月台与车厢之间的空隙。	Please mind the gap between the train and the platform.
472897	今天我有很多功课要做。	Today, I have a lot of homework.
472915	孩子抓住了猫的尾巴。	The child grabbed the cat's tail.
472918	典礼结束时，新人接了吻。	At the end of the ceremony, the new couple kissed.
472975	奇怪的声音从门后传来。	A strange sound was heard from behind the door.
472987	电视在日常生活中起着重要的作用。	TV plays an important part in everyday life.
472989	您能把电视开小声点吗？	Can you turn the TV down?
472994	电视的确有一些缺点。	It is true that television also has some disadvantages.
473000	我要参加一个示威游行。	I'm going to join a demonstration.
474079	情况比我们想像的要糟。	The situation is worse than we believed.
474782	他的看法真是一文不值。	His ideas never earned him a single penny.
475215	我在街上散步，消磨时间。	I strolled along the streets to kill time.
475392	这品种的蝴蝶现在已经绝种了。	Butterflies of this species are now extinct.
475395	如果不用考试，我们的校园生活该有多快乐啊！	If it were not for examinations, how happy our school life would be!
476181	我需要十号大小的鞋子！	I need size 10 shoes!
476213	我讨厌别人让我等很久。	I hate when other people make me wait a long time.
476591	所有您要做的，就是等待。	All you have to do is to wait.
476596	为什么你企图逃走？	Why did you try to run away?
476658	你的结论具有高度争议性。	Your conclusion is highly arguable.
478079	鞋子是一对一对的卖的。	Shoes are sold in pairs.
478154	请你告诉我机场怎么去。	Please tell me how to get to the airport.
478786	假如你没有这个程序，你现在就可以去下载。	If you do not have this program, you can download it now.
478812	大部分观众是年幼的儿童。	The audience was largely made up of very young children.
478846	他喜欢数学，但我不喜欢。	He likes mathematics, but I don't.
479092	这房子里面有多少只猫？	How many cats are there in this house?
479560	这房间的通风设备很好。	This room has fine ventilation.
479646	别忘了把书还给图书馆。	Don't forget to return the book to the library.
481148	他孩子般的笑很迷人。	His childlike laugh is charming.
481162	因为下雨，我们不能出去。	We can't go outside because it's raining.
483923	对于我们来说爱惜河川是很重要的。	It is very important for us to love a river.
483954	若她的姿态能再低一点就更完美了。	If her nose were a little shorter, she would be quite pretty.
484865	他们四十分钟之后下课。	They'll get out of class in forty minutes.
485715	他的武功已经达到了出神入化的境界。	His martial arts prowess has already reached a level of sublime perfection.
486292	过了一会儿，小黑兔就坐了下来，脸上的神情十分哀伤。	After a while, the little black rabbit sat down, and looked very sad.
486405	枪不会杀人。人才会杀人。	Guns don't kill people. People kill people.
486559	我住了一个星期的医院。	I was in the hospital for a week.
486565	我们为村民提供了食物。	We have supplied the villagers with food.
487191	我的六十岁的房东为什么买了一个蹦床？	Why did my sixty-year-old landlord buy a trampoline?
487444	实验证明了他的理论。	The experiment confirmed his theory.
487484	我想把阅读灯关了，行吗？	I'd like to turn off the reading lamp, is that OK?
487499	教育的最终目的是什么？	What is the ultimate purpose of education?
487505	您这么做很荒唐。	It's absurd of you to do that.
488150	毕加索是一个有名的画家。	Picasso is a famous artist.
490053	他的耐心已经到了极限。	His patience is worn out.
490067	从他大学毕业后，他就一直致力于原子能的研究。	He has been devoted to the study of atomic energy ever since he graduated from the university.
490102	我无法区分青蛙和蟾蜍。	I cannot distinguish a frog from a toad.
492126	幸好，在狄马睡觉的小巷外面，刚好有一家阿瑪尼。	Thankfully, there was an Armani store just outside the alley where Dima had slept.
492845	他问我那幅画是谁画的。	He asked me who had painted the picture.
492891	我很想念我小学的老师。	I miss my elementary school teachers.
492921	一项估计显示，今年的钢鉄产量将会达到一亿吨。	According to an estimate, steel production will reach 100 million tons this year.
492924	我觉得这张桌子低了点。	This desk is a little low for me.
493469	这道题目没有一位老师会做。	None of the teachers could solve the problem.
494754	贝蒂有一把甜美的声音。	Betty has a sweet voice.
494868	她穿了一条红色的裙子。	She wore a red dress.
497299	对不起，您拨打的用户暂时无法接通。	We're sorry. The number you have dialed is currently unavailable.
497597	你的方法和我的不一样。	Your method is different from mine.
497599	我的意见与您大相逕庭。	My opinion is entirely different from yours.
498449	他很有鉴赏古董的眼光。	He has an eye for antiques.
498478	无论发生甚么事，你也要保持镇定。	Stay calm whatever happens.
499606	我很平静，直到我看到了注射器。	I was calm until I saw the syringe.
499613	你也邀请你的朋友了吗？	You've invited your friends as well?
499644	他对杀父凶手进行了报复。	He avenged the murder of his father.
501071	铃声一响，火车就开动了。	The bell rang and the train moved off.
501094	看着眼前凄凉的景象，我们不禁流下了泪来。	The pitiful sight moved us to tears.
501120	我和婆婆相处得十分融洽。	I'm getting along with my mother-in-law very well.
501184	价格根据需求变化。	The price varies with demand.
501352	我在这些论坛上没有帐号。	I do not have an account in these forums.
501364	你只会逃避生活问题。	You're just running away from life's problems.
501392	警察会让你去找子弹的。	The police will get you to find the bullets.
501427	我能和布朗小姐说话吗？	May I talk to Ms. Brown?
501566	多亏你我胃口都没了。	Thanks to you I've lost my appetite.
501582	我从没见过红色的冰箱。	I've never seen a red refrigerator.
501589	我的眼睛是一片反映我梦想的海洋。	My eyes are an ocean in which my dreams are reflected.
502701	创造主义是一种伪科学。	Creationism is a pseudo-science.
502736	数学就像物理的逻辑一样。	Mathematics is like the logic of physics.
502770	「不方便」的相反词是「方便」。	The opposite of "inconvenient" is "convenient".
502778	你已经吃过香蕉挞了吗？	Have you already eaten a banana tart?
502781	嗨看呀，一只三个头的猴子！	Hey, look, a three-headed monkey!
502783	我酷爱意大利宽面条。	I love tagliatelle.
502796	这只企鹅宝宝太可爱了！	This baby penguin is too cute!
502798	什么是您最大的灵感来源？	What is your greatest source of inspiration?
502845	所有意见是真相和错误的综合。	Every opinion is a mixture of truth and mistakes.
502853	有一天我买了一台棉花糖机。	Someday I will buy a cotton candy machine.
502854	有一台笔记本电脑很实用。	It's practical to have a laptop.
502975	守财奴积聚钱财不是因为他谨慎，而是因为他贪婪。	A miser hoards money not because he is prudent but because he is greedy.
503036	政治家以揭露政府官员的腐败来推动改革。	The politician pushed for reform by denouncing the corruption of the government officials.
503048	一时间我还以为他疯了。	For a moment there, I thought he had gone mad.
503066	我们能从窗户看到日落。	We could see the sunset from the window.
503183	我想要按摩。我需要放松。	I want a massage. I need to relax.
503184	在左边有一条秘密通道。	There's a secret path on the left.
503189	她在无理取闹。	She's asking for the impossible.
503190	他没有留下痕迹就消失了。	He disappeared without a trace.
503203	你在说我有生命危险吗？	Are you saying my life is in danger?
503208	没有他我的生活是空虚的。	My life is hollow without him.
503214	我们昨天进行了火警演习。	We had a fire drill yesterday.
503217	兔子有长耳朵和短尾巴。	A rabbit has long ears and a short tail.
503220	他希望抹去不好的记忆。	He wishes to erase bad memories.
503227	我没力气继续尝试了。	I don't have the strength to keep trying.
503254	我要给我自己买一个新照相机，这次要数码的。	I'm going to buy myself a new camera, digital this time.
503262	回答把我们带入了一个恶性循环。	The answer leads us to a vicious circle.
503295	他刚发表一系列有趣的文章。	He has just published an interesting series of articles.
503300	这是个死胡同。	It's a dead end.
503307	分享激情，就是完全沉浸在里面。	To share one's passion is to live it fully.
504424	那是一次宝贵的经验。	That was a valuable experience.
504882	他应该超过六十岁了。	He must be over sixty.
504940	我根本不在乎我的简历。	I don't give a damn about my CV.
505676	我们一定要保持双手清洁。	We must keep our hands clean.
508988	加拿大位于美国的北面。	Canada is to the north of the United States.
510673	活火山会定期爆发。	The active volcano erupts at regular intervals.
510693	饥饿促使他偷窃。	Hunger urged him to steal.
510707	请问你可以说慢一点吗？	Could you speak more slowly, please?
510710	他们昨晚设宴招待了我们。	They entertained us at dinner last night.
510741	吉姆怕了体力劳动了。	Jim was afraid of physical labor.
510746	总体上说，日本人很保守。	On the whole, the Japanese are conservative.
510749	英语不简单，但是很有趣。	English is not easy, but it is interesting.
510832	我最喜欢吃葡萄果冻。	I like grape jelly best.
512065	她几分钟前熨完了衣服。	She finished ironing the clothes a few minutes ago.
512076	我对此无能为力。	There's nothing I can do about it.
512141	我面对陌生人很不自在。	I am very ill at ease with strangers.
512208	我要为你演奏一首奏鸣曲。	I'll play a sonata for you.
512812	新娘好像非常漂亮。	The bride seems to be very pretty.
512879	我不喜欢没有英雄的小说。	I don't like novels without heroes.
515527	我们都跪了下来祈祷。	We all knelt down to pray.
515528	父亲买了一双手套给我。	Father bought me a pair of gloves.
515534	她把墙壁都涂成了白色。	She painted the walls white.
520052	俄国的女孩酷爱冰岛人。	Russian girls love Icelanders.
520101	有人告诉过我，我们每抽一根烟，寿命就会缩短七分钟。	Someone told me that every cigarette you smoke takes seven minutes away from your life.
520650	博物馆资金不足，只好关门。	The museum had to close due to lack of finances.
521148	我自愿加入中国共产党。	I willingly join the Chinese Communist Party.
521957	他的死因仍然是一个谜。	The cause of his death still remains a mystery.
522035	宝石师傅在胸针上镶了一枚大珍珠。	The jeweler mounted a big pearl in the brooch.
522175	我们吃惯了简单的食物。	We are used to eating plain food.
522181	水和冰虽然形态不同，但其实是同一种物质。	Water and ice are the same substance in different forms.
522221	我完全听不懂他说的话。	I did not understand him at all.
523653	他对自己感到心满意足。	He felt perfectly content.
524851	你们这些家伙真不懂事。	You guys are totally clueless.
526567	我感觉到自己的心在剧烈地跳动。	I felt my heart beating violently.
527702	我们的新总部位于东京。	Our new head office is in Tokyo.
528018	充足的休息十分重要。	It's very important to get enough rest.
528033	他的主意总是可行的。	His ideas are always practical.
528043	这些信息对我们非常重要。	The information is very important to us.
528056	据广播里讲，明天会下雪。	According to the radio, it will snow tomorrow.
528057	他喜欢地理和历史。	He likes geography and history.
528062	只有你回答了这个问题。	Only you answered the question.
528427	瓶子里面已经没有水了。	There is no water left in the bottle.
528589	他的脸色变得十分苍白。	His face turned pale.
529645	你半透明的裙子让我高度兴奋。	I am completely agog over your diaphanous dress.
530712	你在说话前应该先思考。	You should think before you speak.
530713	手续费是多少？	How much is the commission?
532179	我父亲每逢星期天都会去打高尔夫球。	My father plays golf every Sunday.
532197	微风在湖面上掀起了一丝丝漣漪。	A gentle wind made ripples on the surface of the pond.
532497	他不久就把事情淡忘了。	By and by he forgot that affair.
533622	盗亦有道。	There is honor even among thieves.
535784	他下定了决心要做医生。	He made a determination to be a doctor.
535790	那违背了我做人的原则。	That runs against my principles.
535802	大魔王终于失去知觉，砰的一声倒在了地上。	The demon lord finally lost consciousness and fell to the floor with a thud.
546756	皇后的后冠是用黄金铸成的。	The Queen's crown was made of gold.
547431	三次测量，一次切除。	Measure thrice, cut once.
553827	有一次，我在树里迷路了。	Once, I got lost inside a tree.
559030	城市中央有一座公园。	There is a park in the middle of the city.
562010	湖水在耀眼的阳光下闪闪发亮。	The lake was gleaming in the bright sunshine.
563648	他被一大群记者包围着。	He was surrounded by a throng of reporters.
563681	刚出生的小鸡还没有睁开眼睛。	The newborn chicks still have not opened their eyes.
564633	胜败是兵家常事。	Both victory and defeat are but an everyday occurrence to a soldier.
565301	她有一双蓝色的大眼睛。	She has large blue eyes.
565438	彩虹是一种自然现象。	A rainbow is a natural phenomenon.
565566	你有没有发现他说话的语气有点古怪？	Did you pick up on that strange tone in his voice?
565583	可以借你的雨伞一用吗？	Can I borrow your umbrella?
566530	他是个挑衅高手。	He's a master of provocation.
567346	据说耶穌曾经令一个死人复活。	Jesus is said to have raised a man from the dead.
567977	我不在意在六点钟起床。	I don't mind getting up at six.
574495	很抱歉，我那时候不能来。	My apologies, I can't go at that time.
574569	我昨天买了这个打印机。	I bought this printer yesterday.
574692	你不明白。他会杀了你的。	You don't understand. He'll kill you.
579142	这个年级的法方代表是谁？	Who is the current representative from France?
585740	这首歌在七十年代很流行。	This song was popular in the 1970s.
587519	她八岁的时候开始跳舞。	She started dancing when she was eight.
589840	现在只剩下这个方法了。	There's no other way than this now.
591524	他突然喜欢上了侦探小说。	He suddenly took a liking to detective stories.
595672	我的心脏停止了跳动。	My heart stopped beating.
596712	消防队很快就把大火扑熄。	The firemen quickly extinguished the blaze.
596738	三菱银行和东京银行合并了。	The Mitsubishi Bank merged with the Bank of Tokyo.
598106	她十分尊敬她的老师。	She has great respect for her teacher.
599116	今天的报纸我还没有看。	I've not read today's paper yet.
599137	你今天是不是有点发烧？	You have a little fever today, don't you?
599146	你最好今天待在家休息。	It would be better for you to stay in bed today.
599667	对不起。一切都是我的错。	Sorry. It's all my fault.
599672	男人一般都比女人强壮。	Generally speaking, men are stronger than women.
599676	我昨天去了理发店理发。	I had my hair cut at the barber shop yesterday.
599697	校长向每个毕业生颁发了毕业证书。	The principal presented each of the graduates with diploma.
600001	哈佛大学是在一六三六年创立的。	Harvard University was founded in 1636.
600018	如果你想安享晚年，现在就要开始储蓄了。	If you want security in your old age, begin saving now.
600422	年轻人通常都是充满活力的。	Young people are usually full of energy.
602890	两人之间的距离已拉近。	The gap between them has narrowed.
602892	群众妨碍了警员执行任务。	The crowd obstructed the police in the discharge of their duties.
602896	宝宝连走都不会，更何况是跑。	The baby can't walk, much less run.
602901	他站在那里,一脸茫然。	He was standing there with a vacant look.
602902	是非对错，有时很难分辨。	It is sometimes hard to tell right from wrong.
602904	你能教我怎么填这份表格吗？	Can you tell me how to fill in this form?
602905	我一定是把它遗留在巴士上了。	I must have left it on the bus.
602923	引擎不知哪里发生了故障。	Something is wrong with the engine.
602924	约翰离开了公司，另起炉灶。	John turned his back on the company and started on his own.
602927	广场的暴徒被强制驱离。	The rioters were forcibly removed from the plaza.
602929	地铁站的附近有银行吗？	Is there a bank near the station?
604453	你对你的孩子期望过高。	You expect too much of your child.
604462	你这样不分昼夜地工作，将会伤害自己的健康。	If you work day and night, you will lose your health.
604465	这个系统存在着许多缺陷和不尽完善的地方。	This system is bristling with defects and drawbacks.
604466	他为考试及格感到高兴。	He was happy to have passed the examination.
604476	那只鸟的体积有半只老鹰那么大。	The bird was half the size of a hawk.
604478	我能在机场领取机票吗？	Can I pick my ticket up at the airport?
604485	请专心做你正在做的事情。	Give your whole attention to what you are doing.
604486	你能帮我拿这个行李箱吗？	Will you please help me carry this suitcase?
604494	他们的友情酝酿成了爱情。	Their friendship ripened into a deep love.
604910	我没有强烈的欲望去学习。	I don't feel like studying.
604938	可能你工作得太拼命？	Maybe you are working too hard.
606691	总统今晚将会在电视上发表演说。	The President is to speak on television this evening.
606787	他退休时的薪金并不高。	He wasn't earning a large salary when he retired.
606806	他在乡村里过着无忧无虑的生活。	He is leading an easy life in the country.
608123	他惊奇地看着我。	He looked at me in surprise.
609885	他试图把注意力集中在信上。	He tried to concentrate on the letter.
609915	你有一双很可爱的眼睛。	You have cute eyes.
609969	在这条河里游泳很安全。	This river is safe to swim in.
610538	地球是由海洋和陆地组成的。	The earth is made up of sea and land.
611536	他适应了新的生活方式。	He got accustomed to the new way of living.
611537	她经常在饭后收拾桌子。	She always clears the table after a meal.
611542	他们正努力降低成本。	They are trying to keep costs down.
611547	他们反对达尔文的进化论。	They opposed Darwin's theory of evolution.
611922	我们打了一场雪球大战。	We had a snowball fight.
613110	小女孩哭着找她的妈妈。	Crying out, the little girl was looking for her mother.
613610	我们想要完整的句子。	We want complete sentences.
613638	请勿加注释。	Don't add annotations.
616147	他的母亲坐在他的左边。	On his left sat his mother.
616150	我们有很多问题要处理。	We have a lot of problems to deal with.
616207	他的父母经营一家酒店。	His parents ran a hotel.
616231	我可以和你跳一支舞吗？	Can I have a dance with you?
616338	我在那里碰见一个朋友。	I met a friend there.
616533	狗的嗅觉比人类敏锐得多。	A dog's sense of smell is much keener than a human's.
616560	我不很熟悉他的作品。	My acquaintance with his works is slight.
616617	目前的失业率是多少？	What is the unemployment rate at the moment?
616706	金的颜色和黄铜很相似。	Gold is similar in color to brass.
616733	她穿了一条白色的洋装。	She wore a white dress.
616749	你应该留在医院，接受治疗。	You should stay in the hospital for treatment.
616757	吸烟会影响我们的健康。	Smoking affects our health.
617632	两位跑手同时到达了终点线。	The two runners reached the finish line at the same time.
617704	月亮和星星在上空照耀着。	The moon and stars were shining above us.
617774	地球的表面有七成是水。	The surface of the earth is 70% water.
618010	他还没有习惯城市生活。	He is still not accustomed to city life.
618049	他马上戴上了他的帽子。	He put on his hat at once.
618209	这间医院有很多新设备。	This hospital has a lot of new equipment.
618218	请把正确答案圈出来。	Please circle the right answer.
618400	翻译绝对不是一件易事。	Translation is by no means easy.
619799	复制/粘贴是很有用的。	Copy-and-paste is very useful.
623171	最近的地铁站在哪里？	Where is the closest metro stop?
623190	男子从口袋中掏出枪，吓了我一跳。	To my horror, the man took a gun out of his pocket.
623209	小睡一会儿，你会好一些。	If you sleep for a while, you will feel much better.
623214	现在正缺良好的建筑木材。	There is a shortage of good building wood.
623216	英文字母中有几个字母?	How many letters are there in the alphabet?
623217	与其向命运妥协，我宁可自杀。	I would rather kill myself than reconcile myself to my fate.
623219	一条新的马路正在修建中。	A new road is under construction.
630258	你应该理解，这是严肃的。	You should understand, this is serious.
630264	这是一个伪造品。	This is a fake.
630348	这饺子是什么馅的啊？	What is the filling in these dumplings?
633872	地球大约每三百六十五天就会围绕太阳旋转一周。	The earth makes one revolution around the sun in about 365 days.
633875	粮食供应十分充足。	There is an abundant supply of foodstuffs.
633985	我很怀念我的童年。	I think fondly of my childhood.
634662	放开我，你正在掐着我的脖子。	Let me go, you're choking me.
634829	今天早上温度降到了零下。	The temperature has fallen below zero this morning.
634830	我在图书馆看见了约翰。	I saw John at the library.
635054	东京的气候和伦敦不同。	The climate of Tokyo is different from that of London.
636193	我不喜欢油腻的饮食。	I don't like a fat diet.
652588	飞机将在一小时后起飞。	The plane will take off in one hour.
653489	请代我向你的家人问好。	Please say hello to your family on my behalf.
657618	这件连衣裙完全适合我。	This dress fits me very well.
659859	她的缺点让我更爱她。	I love her all the more for her faults.
659864	他往右边移了书桌。	He moved the desk to the right.
659896	您可不可以告诉我您贵姓？	Can you tell me your last name?
661545	我们在中餐厅吃了北京烤鸭。	We ate Peking duck in the Chinese restaurant.
661557	我们叫那个颜色“午夜蓝”。	We call that color "midnight blue".
663250	他下午会去公园走一走。	He will walk in the park this afternoon.
664976	我会在两个小时内回来。	I'll be back within two hours.
664977	莎士比亚把世界比喻成一个舞台。	Shakespeare compared the world to a stage.
665027	美国的太空科技十分先进。	America is ahead in space technology.
668890	他们把箱子砸成了碎片。	They knocked the box to pieces.
668925	我们的国家日益富强。	Our country grows stronger day by day.
669026	海伦的房间一直很干净。	Helen always keeps her room clean.
670499	我们刚刚收到情报，敌方正在前方两英里处埋伏。	We've just received intelligence that the enemy is waiting in ambush two miles down the road.
670686	他在墙上画了一条直线。	He drew a straight line on the wall.
672340	他和她之间的友谊，渐渐地酝酿成了爱情。	By degrees the friendship between him and her grew into love.
672604	盲人的耳朵通常十分灵敏。	A blind person's hearing is often very acute.
672782	他在交通意外中受了伤。	He was injured in a traffic accident.
673333	孩子想和大人一样表现。	Children want to act like grown-ups.
676167	美国的石油资源十分丰富。	America abounds in oil.
677047	盒子里的一些苹果烂了。	Some of the apples in the box were rotten.
677533	他绝不是说人坏话的人。	He is the last person to speak ill of others.
678011	许多老百姓加入了军队。	A great number of citizens went into the army.
678941	这封信是揭开谜团的唯一线索。	This letter is the only key to the mystery.
678942	他犯了两次相同的错误。	He has made the same mistake twice.
679835	是谁忘了把仓库的门锁上？	Who was it that forgot to lock the door of the warehouse?
683028	消防局在警察局的旁边。	The fire station is next to the police station.
683070	他主张的是出生的先后次序和个性有很密切的关系。	His claim is that there is a close relation between birth order and personality.
683586	今年的雪下得比去年多。	It snowed more this year than last.
683677	他后悔浪费了他的时间。	He regrets having wasted his time.
684827	除了我以外，大家都很忙。	Everybody is busy except me.
685059	抢劫银行的后果就是在监狱里蹲十年。	Bank robbery will cost you ten years in prison.
685089	许多国家已经废除了死刑。	Many countries have abolished capital punishment.
685095	她小时候唱歌唱得很好。	She could sing well when she was a child.
686607	我仍然热爱着网球运动。	I am still keeping up my tennis craze.
686618	他把问题从脑子里排除了。	He cast off the problem from his mind.
686629	美国是一个民主国家。	The United States of America is a democratic country.
686633	你只是在听讲，没有思考。	You were just listening to the talk, without thinking.
686643	请遵循护士的指导。	Please follow the nurse's directions.
686645	我们在冬天经常去滑雪。	We often went skiing in winter.
686652	这家宾馆建于大约五十年前。	That hotel was established about 50 years ago.
686694	在睡觉前我写了五封信。	I wrote five letters before I went to bed.
686864	黄金的价格每天波动。	The price of gold fluctuates daily.
688273	工程的第一阶段已经完成了。	The first phase of construction has been completed.
689540	你举了一个不好的例子。	You gave a bad example.
689830	我要去机场迎接我的家人。	I have to go to the airport to meet my family.
690078	我的信用卡在地铁上被扒了。	My credit card was stolen on the subway.
690098	这片森林的树主要是柏树。	The main type of tree in this part of the forest is the cypress.
690503	从来就没有什么救世主， 也不靠神仙皇帝！	There has never been a savior nor an immortal emperor to rely on.
690666	他前天拜会了法国总统。	He made an official visit to the French president the day before yesterday.
691126	他把交通事故通知了警察。	He notified the police of the traffic accident.
691179	我们必须团结起来才能战胜敌人。	We need to band together to beat the enemy.
691193	你是不是长岛家的亲戚？	Are you related to the Nagashima family?
691291	我的母亲经常让行人吃耳光。	My mother often slaps passers-by.
692055	天气恶劣的时候尽量不要外出。	In severe weather, it's best to stay indoors.
692060	难怪我们会把蝙蝠和黑暗的地方联想在一起了。	No wonder we associate bats with dark places.
692772	一百年才出一个周立波。	A person like Zhou Libo is only born once every hundred years.
696962	这件事突然自己发生的。	This event suddenly happened on its own.
700960	那艘船失去平衡，翻了过来。	Due to a lack of balance the ship turned over.
700961	这栋别墅的主人是谁？	Who owns this villa?
701159	我对历史没有甚么兴趣。	I have little interest in history.
701207	唉！我的电脑又当机了。	Argh! My computer froze up again.
706325	该死的！你吓了我一大跳！	Shit! You scared me half to death!
706430	我没有朋友可以聊天。	I have no friend to talk with.
707688	那座桥是罗马人修建的。	The bridge was built by the Romans.
708757	狮子突然向训练员扑了过去。	Suddenly the lion came at his trainer.
708774	没有驾驶执照不能开车。	You must have a driver's license before you can drive a car.
709174	我为我的兄弟感到自豪。	I'm proud of my brother.
710765	神话和传说应该一代一代的传承下去。	Myths and legends should be handed down from generation to generation.
710823	他喜欢吹牛。	He likes to throw the bull.
715575	大家推举他到大会发言。	Everyone chose him to speak at the conference.
716826	我得到一个结论——我被骗了。	I came to the conclusion that I had been deceived.
717173	她的老公通常醉醺醺的。	Her husband is usually drunk.
717276	这件衣服样式倒是挺好，就是贵了点儿。	The style of this item of clothing is good; it's just a bit expensive.
717284	谁能赢这场比赛还说不定。	It's still not certain who's going to win this match.
718377	我应征了一个暑期实习。	I applied for a summer internship.
718385	显然她害怕待在这里。	She was visibly afraid to be here.
718401	他的爱好是画有花的图。	His hobby is painting pictures of flowers.
718422	摩天大厦里的电梯是至关重要的。	The elevators in a skyscraper are vital systems.
718451	他对懒惰的人很严厉。	He is very hard on lazy people.
718453	他在各方面都比不上你。	He is inferior to you in all respects.
718617	我很高兴再次见到了她。	I was happy to see her again.
719067	无色的绿色的观念疯狂地睡觉。	Colorless green ideas sleep furiously.
719109	他是中国的公民。	He's a citizen of China.
719778	不管我怎么称赞他们，都不会过分。	I cannot praise them too highly.
721052	刮胡子时，我把脸刮破了。	I cut myself shaving.
722838	超级市场在十点开门。	The supermarket opens at ten o'clock.
722839	他的英语说得真流利啊！	How fluently he speaks English!
722841	肯尼亚曾经是英国的殖民地。	Kenya used to be a British colony.
727316	首先，因为海水变热时膨胀，海平面可能提高。	First of all, the level of the ocean could rise, because ocean water expands as it grows warmer.
727361	这将是一个可怕的悲剧。	This would be a terrible tragedy.
727531	“中国人民政治协商会议”的简称是“人民政协”。	The abbreviation of "Chinese People's Political Consultative Conference" is "CPPCC".
727783	这个价格是去年的两倍。	The price is double what it was last year.
727804	这些都是他的文具。	All of this stationery is his.
727892	他背周期表只是为了好玩。	He learnt the periodic table by heart just for fun.
727961	事实上，投掷侏儒是奥运会的运动项目。	Indeed, dwarf tossing is an Olympic sport!
727968	“旗袍”这个词语在中国北方广为使用。	The term "qipao" is widely used in Northern China.
727971	在中国南方，旗袍又称“长衫”。	In Southern China, the qipao is also known as "changshan".
727978	或者你必须搭这辆公车?	Or do you have to take the bus?
727982	我在机场被海关人员搜查。	I was searched by the customs officers at the airport.
727992	最初的旗袍是宽松的。	The original qipao was wide and loose.
728568	丧失健康比丧失金钱更糟糕。	Losing one's health is worse than losing money.
728662	他的假发歪了。	His wig is skew.
728681	软弱的医生使伤口发臭。	Soft healers make stinking wounds.
729433	月食是一种罕见的现象。	An eclipse of the moon is a rare phenomenon.
729460	这家公司生产电脑晶片。	This company manufactures computer chips.
729475	我们会把一部分筹得的款项用来帮助残疾儿童。	A portion of the proceeds will go to benefit children with disabilities.
730169	新官上任三把火。	A new broom sweeps clean.
733135	有时候火车没能按时到达。	At times the train doesn't arrive on time.
733157	这个家庭非常贫穷以至于无法偿还贷款。	The family is too poor to pay back the debts.
733159	这是他的愚蠢付出代价了。	It is foolish of him to pay for it again.
733167	总线速度逐步回升。	The bus picked up the speed gradually.
733171	骄傲使我无法向他借钱。	My pride prevented me from borrowing money from him.
733587	她因为担心发胖而节食。	She is on a diet for fear that she will put on weight.
733595	如果你能忍受我们的话。	If you can put up with us, put us up.
733598	你必须把无视这些声音。	You have to put up with all these noises.
734915	这药可以治疗你的皮肤病。	This medicine will cure you of your skin disease.
734926	稻米生长在温暖的国家。	Rice grows in warm countries.
734932	他的狗是他的好伴侣。	His dog is his good companion.
735103	他晚年致力于写自传。	He devoted the last years of his life to writing his autobiography.
735385	我有不低于一千片光盘。	I have no less than one thousand records.
736317	美国废除了奴隶制度。	America did away with slavery.
736531	我想要个有空调的房间。	I would like an air-conditioned room.
737184	你看都出血了，我扶你起来吧。	You're bleeding everywhere; I'll help you up.
738497	天文学涉及恒星和行星的研究。	Astronomy involves the study of stars and planets.
742937	这些措施可以预防疾病蔓延。	These measures can prevent the disease from spreading.
742940	专职作家没有固定的收入。	Professional writers do not have a regular income.
742957	在印度，人们在餐桌上用右手传递食物。	In India, people pass food at the dinner table with the right hand.
743032	例如，在保加利亚摇头表示同意而点头表示不同意。	For example in Bulgaria, shaking one's head means yes while nodding one's head means no.
743053	快乐不需要数百万的钱。	You don't need millions to be happy.
745884	我对我自己感到惭愧。	I am ashamed of myself.
746060	赤道把地球分为两个半球。	The equator divides the globe into two hemispheres.
747525	可以说说您的具体要求吗？	Could you tell me what your specific requirements are?
747533	听说您已经跟中介公司联系过了。	I hear you've already contacted the broker.
747558	我们去办一下手续吧。	Let's deal with the formalities.
747571	我想咨询点儿事情。	I'd like some advice on something.
747573	好的，您想咨询什么事情？	OK, what would you like advice on?
747889	贵族住在故宫的东边和西边。	Aristocrats lived to the east and west of the imperial palace.
747912	远离宫殿的北方及南方是平民、商人、工艺师傅和工人。	Farther from the palace and to its north and south were the commoners, merchants, artisans, and laborers.
749460	错误是如何显示出来的？	How is the error observed?
750613	这对耳环是祖母送给我的。	I got these earrings from my grandmother.
750615	他农场的土地十分肥沃。	The land on his farm is very fertile.
751264	熟练的士兵知道怎么以他们的环境为武器。	Skilled soldiers know how to use their environment as a weapon.
751413	晚上熬夜到这么晚不好。	It's not a good idea to stay up at night for so long.
751705	这座山完全被雪复盖了。	The mountain was completely covered in snow.
751906	请把盐和胡椒粉拿给我。	Pass me the salt and pepper, please.
752514	昆虫有一层坚硬的表皮。	Insects have a hard skin.
754025	公司遭受了巨大的损失。	The company suffered big losses.
754096	这是我们历来经历过最大的地震。	The earthquake was the biggest one that we had ever experienced.
754658	她唯一的乐趣就是听音乐。	Her only pleasure is listening to music.
754660	你有品质好一点的吗?	Have you got anything that's better quality?
754968	我们班属小李的个子最高。	Xiaoli is the tallest in our class.
755817	我焦急地在等着去聚会。	I'm looking forward to the party.
755871	我再三申明无罪，但是没人听我讲。	I keep saying that I'm innocent, but no one will listen.
755897	主场队总是比对手有优势。	The home team always have an advantage over their opponents.
756862	我想去医院做一个全面的检查。	I want to go to the hospital to get a complete check-up.
756878	今天晚上我先用一下，争取明天还给你。	I'll use it a bit this evening, and try my best to give it back to you tomorrow.
756898	那我就恭敬不如从命啦。	Then I'll work on the principle that deference is no substitute for obedience.
756977	春节，即农历新年。	Spring Festival is also known as Chinese New Year.
757346	我卖了房子和家具，连同我的手饰一起才凑了五十万。	I sold my house and furniture, together with my jewelry, in order to scrape together a half a million.
757459	现实和幻想是很难区分的。	Reality and fantasy are hard to distinguish.
758811	海面随着全球变暖的加剧而越来越高。	As global warming increases, sea levels get higher and higher.
758860	韩国随着朝鲜的外患而在边界附近集结军队。	As North Korea displays aggression, South Korea concentrates its forces near the border.
759039	他的英勇行为使他赢得了尊重。	His brave deed earned him respect.
759608	你要好好把握这个时机。	You should make good use of this opportunity.
759628	让我向您介绍我的妻子。	I would like to introduce you to my wife.
759640	我们希望你喜欢这个表演。	We hope you will enjoy the show.
759701	这件物件的表面颇为粗糙。	The surface of the object is fairly rough.
759761	人们在美国使用这些手势吗?	Do people in America use these gestures?
759768	水稻生长在温暖的气候。	Rice grows in warm climates.
760160	这个男孩说会来一条狼。	The boy said a wolf would come.
760718	肯塔基尖声叫着＂他妈的＂。	Kentucky screams "fuck".
760729	你真笨去接受他的提议。	It was foolish of you to accept his offer.
760741	你曾经想过当个护士吗?	Have you ever thought of becoming a nurse?
760766	有一些来自苏格兰的歌。	There are some songs from Scotland.
760833	花瓣浮在水面上。	The petals are floating on the water.
760868	水道如树枝般越过了平原。	The waterways branch out across the plain.
760893	你的智慧广大的有如孟买和孟买之间的距离。	Your intelligence is as vast as the distance between Bombay and Mumbai.
760898	你的文法比你的呼吸好。	Your grammar is better than your breath.
761034	我想去奥地利学习音乐。	I would like to go to Austria in order to study music.
761048	他在麻醉剂的作用下，他失去了知觉。	He lost consciousness under the influence of the anesthetic.
761266	她捡起了一块鹅卵石。	She stooped to pick up a pebble.
761287	你看过这么美的夕阳吗?	Have you ever seen such a beautiful sunset?
761316	确保这个孩子不生病。	Make sure that the child is not sick.
762017	这是一张舒适的椅子。	This is a comfortable chair.
762546	他们在四时抵达了酒店。	At four o'clock, they arrived at the hotel.
763007	她是个有魅力的女性。	She is a charming woman.
763064	他们扩阔了帝国的领土。	They increased the territory of the empire.
763203	你要不要成为可信赖用户？	Would you like to become a trusted user?
763911	这玩具是用木头做的。	This toy is made of wood.
763919	他探索一切逃走的可能性。	He is exploring the possibility of all escapes.
764090	你应该马上把功课做完。	You ought to finish your homework at once.
764473	鱼离开水就无法生存。	Fish cannot live out of water.
765227	我的嗜好是看漫画书。	My hobby is reading comics.
765314	它也会促进城市的经济发展。	It will also help to strengthen the city's economy.
765392	在台湾人们工作很努力。	People in Taiwan work hard.
765395	人们常说荷兰人很宽容。	It is said that Dutch are tolerant.
765484	我在哪里可以买到门票？	Where can I buy an entrance ticket?
765532	诚实是他成功的主要原因。	Honesty is the primary reason for his success.
765559	我可以用信用卡付帐吗?	Can I pay by credit card?
765569	阴霾笼罩着伦敦。	The haze enveloped London.
765588	只有鞋子知道袜子的洞。	Only shoes know about holes in socks.
765590	春天播种秋天收获。	Spring sows, autumn reaps.
765746	总之它是个很棒的派对。	In short, it was a great party.
765839	我想在休假期间去法国。	I want to go to France for my vacation.
765874	手指在键盘上快速的移动。	The fingers move fast on the keyboard.
765976	我在想是否北极的冰融化的时候, 海平面就会上升。	I wonder if the sea levels will rise when the North Pole melts.
765989	为溅出的牛奶哭也没用。	It is no use crying over spilt milk.
766015	用花迎春是中国的传统。	It is a Chinese tradition to welcome spring with flowers.
766031	为了增添节日的气氛 ，那里的人用盆栽装饰他们的家。	People there decorate their homes with potted flowers to add to the festival atmosphere.
766041	因为气候又暖和又湿润，所以广州一年到头都有花。	With a warm and wet climate, Guangzhou has fresh flowers all year round.
766434	我穿这条裤子很合身。	These pants fit me well.
766769	我们立即开始施工。	We'll begin work soon.
766812	电台没有提到这个事故。	The radio didn't mention the incident.
766946	长久以来我都很早就寝。	For a long time, I've had a habit of going to bed early.
766993	安的弱点就是巧克力。	Ann has a weakness for chocolate.
767077	你喜欢古典音乐, 对不对?	You like classical music, don't you?
767080	您吃早餐前给植物浇水。	Water the plants before eating breakfast.
767103	他有我所缺乏的东西: 信心。	He has what I lack; confidence.
767105	老师很容易对学生发脾气。	The teacher easily loses his temper with the students.
767126	他们的相遇是必然的。	Their meeting was inevitable.
767702	我为他傲慢自大对他发火。	I lost my temper with him because of his arrogance.
768231	将它们放在烤盘上并且涂抹蛋白。	Put them on the baking pan and smear them with egg whites.
768233	春天过去了, 夏天开始了。	Spring is over, and summer has begun.
768248	不愉快的感觉永远不好。	An unpleasant feeling is always bad.
768290	她因为健康因素休学了。	She has dropped out of school due to health issues.
768299	不久后, 他恢复了健康。	Before long, he had recuperated.
769653	手术是最佳解决方案。	Surgery is the best solution.
769702	她的美貌是毫无疑问的。	There is no doubt as to her beauty.
769704	警方能够找到罪犯。	The police were able to find the criminal.
769747	母亲让我打扫卫生间。	Mother made me clean the bathroom.
769855	他表明自己是一个理想的丈夫。	He's making it clear that he's an ideal husband.
770211	这个男孩实际上是要去做。	The boy actually was going to do it.
770330	我不喜欢在清晨开的会议。	I don't like early morning meetings.
770341	房间里家具齐全。	The room is fully furnished.
770992	他主要是心理的问题。	His trouble was chiefly mental.
771150	一鸟在手胜过二鸟在林。	A bird in the hand is worth two in the bush.
771257	我不小心拿错了他的伞。	I accidentally took his umbrella.
771261	请让我试试这个游戏吧。	Please let me try the game.
771328	他经常引用莎士比亚。	He often quotes from Shakespeare.
771858	他们沿着非洲西岸航行了。	They sailed along the west coast of Africa.
771994	生活中有高低起伏。	In life there are ups and downs.
772026	我的喉咙里有一只青蛙。	I have a frog in my throat.
772028	我紧张得说不出话来了。	I've got a frog in my throat.
772030	别听他的, 他在说废话。	Don't listen to him, he's talking nonsense.
772046	婆婆和媳妇就像是暴风雨和冰雹。	Mother-in-law and daughter-in-law are a tempest and hailstorm.
772054	小老虎看起来像只大猫。	The tiger cub looked like a large kitten.
772060	战士知道自己的力量和弱点。	The warrior is conscious of both his strength and his weakness.
772074	那些年轻人脱离父母独立。	Those young men are independent of their parents.
772083	全面罢工瘫痪了整个国家。	The general strike paralyzed the whole country.
772090	天使畏惧处, 愚人敢闯入。	Fools rush in where angels fear to tread.
772097	我们一直聊天直到天明。	We talked and talked until the day broke.
772128	她开朗的个性使我觉得快乐。	I get a kick out of her cheerful personality.
772166	更多投资在教育的钱将会刺激经济成长。	More money for education will spur economic growth.
772171	你最喜欢的句子是哪句？	What is your favorite sentence?
772355	我的生意终于上了轨道。	My business has at last gotten on the right track.
772361	我很惊讶竟然看到了狮子。	I was surprised to see a lion.
772370	既然你在这里, 那我们就开始吧。	As long as you are here, we might as well begin.
772373	他说的话有一定的道理。	There is a certain amount of truth in what he's saying.
772381	此输入法也适用于这个版本。	The input method also works with this version.
772467	巴黎在秋天的时候最美。	Paris is best in autumn.
774059	他是一个伟大的科学家。	He is a great scientist.
774085	他好像对天文学挺有兴趣。	It seems that he is interested in astronomy.
774356	为什么你要这么难过?	Why should you be so sad?
774428	我的眼睛很容易疲劳。	My eyes get tired very easily.
774475	当她看到那件衣服, 她无法抑制自己的笑声。	She could hardly keep from laughing when she saw the dress.
774510	公车突然在路中央停下来。	The bus stopped suddenly in the middle of the street.
774513	厨房里缺少一台洗碗机。	The kitchen lacks a dishwasher.
774709	民主主义是多数选举的独裁。	Democracy is the dictatorship of the majority.
775390	在上次会议中我们已经讨论了我们集团的组织问题。	In the previous meeting, we already discussed the organizational problem within our company.
775393	在我手里的是一个贝壳化石。	What I have in my hand is a fossil seashell.
775427	她当选为委员会主席。	She was elected chairman of the committee.
775428	他们的争吵因误解而起。	Their quarrel sprang from misunderstanding.
775448	你曾经听过英语广播节目吗?	Do you ever listen to English programs on the air?
775459	该政策在两种意见之间摇摆。	The policy fluctuated between two opinions.
775460	法律并不总是公平的。	The law is not always fair.
775461	遵守法律是我们的义务。	It is our duty to obey the law.
775466	法律的目标是正义。	The objective of law is justice.
775467	法律不应受到侵犯。	The law should not be violated.
775468	触犯法律的人受到惩罚。	People who break the law are punished.
775469	如果你违反了法律, 你将受到惩罚。	You'll be punished if you break the law.
775475	该法案将永远不会通过。	The bill will never go through.
775572	这次，虽然我的阅历更多但是没有人等着接待我。	This time, although I'm more experienced, there's nobody waiting to meet me.
775598	我认为你应该跟她道歉。	I think that you ought to apologize to her.
775613	买票的人龙竟然那么长！	The queue for buying tickets was unbelievably long.
775628	你应该多注意他的警告。	You should pay more attention to his warnings.
775656	我理所当然认为你会站在我这边。	I took it for granted that you were on my side.
775661	“我已经在排队呢，”我告诉他。	"But I'm already queuing," I tell him.
775671	你犯了跟上次相同的错误。	You made the same mistake as last time.
775672	“我的车不需要排队阿，”他提议。	"You don't have to queue for my car," he offers.
775721	这篇漫画在中国蛮火。	This manga is pretty popular in China.
775724	你自己做回家作业的吗?	Did you do your homework by yourself?
775726	你应该偶尔照顾孩子。	You should look after the children from time to time.
775730	我希望你告诉我真相了。	I wish you had told me the truth.
775740	你应该学着闭上你的嘴。	You've got to learn to hold your tongue.
775741	星期一你必须缴交报告。	You have to turn in the reports on Monday.
775743	你应该光荣地辞职。	You should do the honorable thing and resign.
775745	你的理论是以什么为基础?	What do you base your theory on?
775762	你在学校里读哪些科目?	What subjects are you taking at school?
775800	你不必担心这样的事情。	You don't need to worry about such a thing.
775861	你不妨告诉我一切。	You may as well tell me all about it.
775900	很明显的是他犯了错。	It is evident that he has made a mistake.
775901	在你侍酒前最好先将白葡萄酒冷却一下。	It's better to chill white wine before you serve it.
776329	她从此就留在国外了。	She has remained abroad ever since.
776993	嗨, 我要一个炸薄饼卷。	Hi, I'd like a deep-fried pizza roll.
777009	你可以借我你的铅笔吗?	Would you lend me your pencil?
777042	你的脑袋充满了新点子。	Your head was bursting with new ideas.
777044	她的脑袋充满了新点子。	Her head was bursting with new ideas.
777060	这家里应该没有男人才对。	There aren't supposed to be any men in this house.
777332	他的薪水包括基本工资和提成。	His remuneration consists of a base salary plus commissions.
777519	他昨晚在家中安详地离世了。	He passed on quietly at his home last night.
777601	那个孩子被老师批评了。	That child was told off by the teacher.
777610	他被殴打得快死。	He was beaten to within an inch of his life.
777614	由于全球气候变暖，城市可能被完全地淹没。	Due to global warming, cities could be completely submerged.
777663	我计算机的电池没电了。	The batteries in my calculator are dead.
777677	你吃不喜欢的食物会消化不良。	Food you eat that you don't like will not be digested well.
777704	这些电脑用电池运作。	These computers use batteries to operate.
777845	每个人都应该是自己命运的主宰。	Everyone ought to be a master of his own destiny.
777932	我不能再承受这种痛苦。	I can't stand this pain any more.
777943	我想要成为一位工程师。	I want to become an engineer.
777993	所有饼干都是星星的形状。	All of the cookies are in the shape of stars.
778001	您可以示范一下吗?	Can you demonstrate it?
778019	不需掩饰她不诚实的事实。	There's no disguising the fact that she is dishonest.
778026	她已经写了三年的日记。	She has kept a diary for 3 years.
778030	元旦就在眼前。	New Year's Day is close at hand.
778485	多听不多言, 里外人不嫌。	He that hears much and speaks not at all shall be welcome both in bower and hall.
778488	我们因缺乏准备而失败了。	We failed due to a lack of preparation.
778490	他告诫他们不要吵闹。	He admonished them for being noisy.
778497	面包是用小麦做成的。	Bread is made from wheat.
778501	汤姆和南西上个月分手了。	Tom and Nancy broke up last month.
778516	汤姆被闪电击中过三次。	Tom has been struck by lightning three times.
778542	下面的解释是通过比较和对比各种不同的理论。	The explanation below was achieved by comparing and contrasting a variety of different theories.
778548	这一个段落是模糊不清的。	This paragraph is vague.
778710	有驾照者优先得到这个职位。	Having a driver's license is an advantage for this job.
778715	我乐意每年秋季去苹果园。	I delight in going to the apple orchard each fall.
778724	灵魂赋予肉体生命。	The soul animates the body.
778726	这可怜的女孩瞎了。	The poor girl went blind.
778727	汤姆的手臂和手断了些骨头。	Tom broke some bones in his arm and hand.
778732	他们清理了街上的积雪。	They cleared the street of snow.
778739	只要给我你的姓名和住址。	Just give me your name and address.
778744	美国的司法制度是世界上最好的。	The legal system in America is the world's finest.
778768	他后悔对敌人出卖了他的国家。	He repented having betrayed his country to the enemy.
778769	这个气体散发出强烈难闻的气味。	The gas gives off a strong, unpleasant smell.
778846	这个玩具是用木头做的。	That toy is made of wood.
779008	这些记录不对公众开放。	Those records are not accessible to the public.
779014	她在聚会上玩得很开心。	She enjoyed herself a lot at the party.
779016	野生动物住在森林里。	Wild animals live in the forest.
779033	我大致上同意她。	I generally agree with her.
779037	我们的计划是向都市前进。	Our plans are to advance toward the city.
779038	你何时移民到我们国家?	When did you immigrate to our country?
779056	到那里有比较短的路吗?	Is there a shorter road to get there?
779063	搭帐篷花了我们半小时。	It took us half an hour to set up the tent.
779069	他们祝贺我们的胜利。	They congratulated us on our victory.
779073	这家银行一周前被抢劫。	The bank was held up a week ago.
779458	我遇到的人都很仁慈。	The people whom I meet are kind.
779523	我会给你注射止痛药。	I'll give you a painkilling injection.
779535	最后我们达成了协议。	In the end, we reached a compromise.
780048	她把头从窗户外缩回来。	She withdrew her head from a window.
780054	理论必须与实践相随。	A theory must be followed by practice.
780064	他们批准了他的请求。	They granted his request.
780212	这件事情像是电影情节。	That's something like a movie scenario.
780241	她有与生俱来的尊严。	She has inherent dignity.
780275	可以跟我交换房间吗?	Could you exchange rooms with me?
780288	他答应我五点钟到这里。	He promised me he will get here by five o'clock.
780292	我有一个忙碌的生活。	I have a busy life.
780350	"摆脱它, 当然!" 这个农夫回答。	"Get rid of it, of course!" answered the farmer.
780366	"每秒六便士" 鮑勃提醒她。	"Six pence per second," Bob reminds her.
780395	谁是行政助理？	Who is the Administrative Assistant?
780399	她不自豪她所有的优点。	With all her merits she was not proud.
780400	这需要慎重考虑。	That requires careful consideration.
781079	他们状告政府赔偿损失。	They sued the government for damages.
781080	大量生产降低许多商品的价格。	Mass production reduced the price of many goods.
781087	他一生为急性疼痛所苦。	He's suffering from acute pain in his life.
781108	春天是我最喜欢的季节。	I like spring the best of the seasons.
781128	我中午前写完这封信了。	I finished writing the letter by noon.
781137	我们按照预定计划研读。	We study according to the schedule.
781141	你有很好的理由这样说。	You have every reason to say so.
781142	你喜欢戏剧, 电影等等吗?	Do you enjoy plays, films and such?
781166	我的照相机不需要修理。	My camera doesn't need to be fixed.
781177	他不仅有学识还有经验。	He has not only learning but experience.
781190	这超出了我的想像范围。	This is beyond the scope of my imagination.
781436	你必须尽一切可能尽力而为, 免得你以后后悔。	You must do all you can lest you should regret later.
781440	我理所当然地认为他会履行诺言。	I took it for granted that he would keep his word.
781443	他对他的新业务感到紧张。	He was tense with his new business.
781454	他有瞧不起有色人种的习惯。	He has a habit of looking down on coloured people.
781472	一旦过了河, 你就安全了。	Once across the river, you are safe.
781494	亲爱的, 我很高兴看到你。	I'm so glad to see you, dear.
781497	我是一个害羞的男孩。	I am a shy boy.
781502	根据她所说的, 他是有罪的。	According to what she said, he's culpable.
781541	「故事？」妇女问道。「您是什么意思？」	"'Story'?" the woman asked. "What do you mean?"
781552	这可能不是真的钻石。	This might not be a genuine diamond.
781554	当房东不在, 房客就会大玩特玩。	When the landlord's away, the tenants will play.
781555	山中无老虎, 猴子称大王。	When the landlord's away, the tenants will play.
781679	他被任命为驻英国大使。	He was appointed ambassador to Britain.
781681	街道挤满了购物的人。	Shoppers crowded the streets.
782129	数学是所有科学的基础。	Mathematics are the foundation of all sciences.
782174	她以为我是大夫。	She thought that I was a doctor.
782242	这匹马有漂亮的大眼睛。	This horse has beautiful big eyes.
782250	这是一本关于星星的书。	This is a book about stars.
782291	我想看看您的邮票收藏。	I would like to have a look at your collection of stamps.
782294	他们是从法国南部来的。	They come from the south of France.
782338	确切地说，现在三点了。	The exact time is three now.
782383	作为回报，我给了她一个娃娃。	I gave her a doll in return.
782740	这个寺庙是何时造的？	When was this temple built?
782968	一个警察叉着手看着。	A policeman was watching it, with his arms crossed.
783005	我把我的财产托付给他。	I entrusted my property to him.
783011	您只要按下按钮就行了。	You have only to push the button.
783029	该地区因它的手工业而出名。	This area is famous for its handcraft business.
784025	这个传统在中国诞生了。	This tradition originates from China.
784039	我父亲身体很健康。	My father is in good health.
784044	那个女孩不喜欢踢足球。	The girl doesn't like to play soccer.
784047	不要担心，一切都会好的。	Don't worry, everything will be OK.
784049	委员会由四个成员组成。	The committee consists of four members.
784060	我无法相信他有种向老板要求加工资。	I can't believe he had the balls to ask the boss for a raise.
784390	我出生前，我父亲就死了。	My dad died before I was born.
784393	我从没听说过这个演员。	I've never heard of this actor.
784486	你有没有电子邮件地址？	Do you have an e-mail address?
784489	你的问题类似于我的。	Your problem is similar to mine.
784513	那就不要光着身子散步!	Don't go for a walk naked!
784556	他试着赢得竞赛。	He endeavored to win the contest.
784563	“放射性”是一个化学术语。	'Radioactivity' is a chemistry term.
784821	我一站起来就觉得头晕。	I get dizzy spells when I stand up.
785084	她抓紧时间地阅读一本畅销小说。	She lost no time in reading a best-selling novel.
785116	他们不断地摸索。	They kept on feeling their way.
785127	我们的车配备了空调。	Our car is equipped with air conditioning.
785144	他按照字面上的意思。	He took it literally.
785153	更糟糕的是开始下雪了。	To make matters worse, it began snowing.
785165	这只狗的一只眼睛瞎了。	The dog is blind in one eye.
785178	我们买了一磅的茶。	We bought a pound of tea.
785181	我国是温带气候。	Our country's climate is temperate.
785227	不要干预不关你的事！	Don't interfere with matters that do not concern you!
785230	当他写字时, 他总是随手拿着一本字典。	When he writes, he always keeps a dictionary at hand.
785242	我不禁为他感到难过。	I can't help feeling sorry for him.
785246	有东西卡在管子里。	Something is stuck in the pipe.
785284	电脑可以节省您的时间。	Using a computer can save your time.
785309	许多网路公司为求生存而需要新颖的商业模式。	Many on-line companies need to have a new approach to business to survive.
785318	主要互联网的搜索引擎之一说：“快比慢好”。	One of the major Internet search engines states that ‘Fast is better than slow’.
785333	我觉得你太过分了。	I think you went too far.
785378	在我的单位，我是最年轻的。	I'm the youngest in my department.
785390	他们把小偷绑在树上了。	They bound the thief to a tree.
785800	史密斯先生是个好老师。	Mr Smith is a good teacher.
785816	团结、公正和自由是幸福的保证。	Unity, justice and freedom are the pledge of fortune.
785821	她提前一小时完成了工作。	She finished her work an hour in advance.
786000	当他看见耶稣经过，他说...	When he saw Jesus passing by, he said...
786015	我不认识她，也不想认识。	I don't know her, nor do I want to.
786037	你觉得我是在开玩笑吗？	Do you think I'm joking?
786109	麻烦的开头是他草率的评论。	The beginning of the trouble was his careless remark.
786113	这里是黑斯廷斯战役发生的地方。	This is the place where the battle of Hastings took place.
786124	他退休后的生活不快乐。	His life after retirement was unhappy.
786143	他从腰部到膝盖都湿了。	He got wet from the waist to the knees.
786403	请让我看看你的集邮册。	Please show me your stamp album.
786421	她知道您的电话号码吗?	Does she know your telephone number?
786622	尽可能地多阅读书籍。	Read as much as possible.
787172	您必须预先付钱。	You must pay in advance.
787271	他在监视着。	He is keeping an eye out.
787295	水是液体。冻起来就成了固体。	Water is liquid. When it freezes, it becomes solid.
787301	您很容易就能看出区别。	You'll be able to see the difference very easily.
787311	比起小说，他更喜欢诗歌。	He prefers poetry to fiction.
787368	这儿有人去过夏威夷吗？	Has anybody here been to Hawaii?
787380	他的衬衫被酱汁弄脏了。	His shirt was stained with sauce.
787584	气压计下降了 - 要下雨了。	The barometer is falling. It is going to rain.
787593	我儿子下周要去法国了。	My son is going to leave for France next week.
787604	我父亲是个大夫。	My father is a doctor.
787613	我喜欢狗，我妹妹喜欢猫。	I like dogs and my sister likes cats.
787633	我不想被牵扯到这件事里。	I don't want to be involved in that matter.
787947	你应该承认自己的失败。	You should acknowledge your failure.
788566	士兵们对危险习以为常。	Soldiers are used to danger.
788775	这种饮料是免费招待的。	This drink is on the house.
788830	从我的房间望出去是街道。	My room looks out on the street.
788842	我的房间在楼上的左边。	My room is upstairs on the left.
789133	小李经常失眠，因为他的邻居老是大声地吵架。	Xiaoli often loses sleep because his neighbours are always arguing loudly.
789335	他跌倒弄伤了他的手。	He fell and hurt his hand.
789357	海啸席卷稻田, 淹没了城镇。	Tsunamis swept through rice fields and flooded the towns.
789557	我们处理第二个问题吧。	Let's take up the second problem, shall we?
790074	我们比平常走得更快。	We walked more quickly than usual.
790081	阿拉伯盛产石油。	Arabia abounds in oil.
790219	他为他父亲的死报仇。	He avenged his father's death.
790383	墙上挂着一幅鮑勃的肖像。	There is a portrait of Bob on the wall.
790632	她的英语说得比班上任何人都好。	She speaks English better than any of her classmates.
790647	我发觉说英语很简单。	I found it easy to speak English.
791348	她用一个微笑迎接了我。	She greeted me with a smile.
791404	我们不能高估健康的价值。	We cannot overestimate the value of health.
791430	请找到问题的解决方法。	Please find a solution to the problem.
791534	她留了很多钱给她儿子。	She left her son a lot of money.
791626	多丢人啊！	How shameful!
791641	不要往地上扔任何东西。	Don't throw anything onto the floor.
791686	这些珍珠是真的，不是人造的。	These pearls are genuine, not artificial.
792385	我没有丝毫的想法。	I don't have the slightest idea.
792464	你说的话在逻辑上有问题。	What you're saying isn't logical.
792777	他只顾自己的利益。	All he thinks about is himself.
792783	仙台地震的结果很恐怖。	The consequences of Sendai's earthquake were dreadful!
792821	我想要点当日套餐。	I'd like to buy menu of the day.
792827	是呀，这个很漂亮。多少钱？	Yes, this one is very nice. How much does it cost?
792850	我每六小时要服一次药。	I have to take my medicine every six hours.
792886	我坐在汤姆和约翰中间。	I sat between Tom and John.
792894	信一写好，他就把它寄了。	Once he had written the letter, he sent it.
793197	对不起, 我错开了你的信。	Excuse me for opening your letter by mistake.
793204	她在火旁边让自己暖和起来。	She warmed herself by the fire.
793214	他轻松地解决了这个问题。	He easily solved the problem.
793242	你应该得到这个奖金。	You deserve the prize.
793344	海明威的写作风格很差劲。	Hemingway had a poor writing style.
793345	现今每个人都对天花免疫了。	Everybody is immune to smallpox nowadays.
793494	谁能融化你的铁石心肠？	Who could melt that stone heart of yours?
793516	你不需要随身带着午餐。	You don't need to carry lunch with you.
793559	我为你的殿，心里焦急，如同火烧。	Zeal for your house will consume me.
793593	昨天我们玩得特别痛快!	Yesterday, we had a blast!
793855	他被她的笑容吸引住了。	He was attracted by her smile.
793864	这里就是意外现场了。	This is the place where the incident happened.
793885	他已经决定了新的政策。	He had decided on a new policy.
793903	他可能在公园周围慢跑。	He may be jogging around the park.
793934	国王统治了这个国家。	The king governed the country.
793944	这份工作录取仍然有效。	The job offer still stands.
793951	公司由于缺乏资本倒闭了。	The firm went under due to lack of capital.
793953	这架客机降落在东京了。	The jet landed at Tokyo.
793969	为了正当目的并非总是可以不择手段.	The end does not always justify the means.
793971	警察抓着小偷的胳膊。	The policeman took the thief by the arm.
793974	请你为我解释规则好吗?	Would you please explain the rules to me?
793985	海啸来了，密切注意啊。	A tsunami is coming, so please be on the alert.
794001	我甘心为你做任何事。	I am ready to do anything for you.
794017	不，这样不对。应该设α等于β。	No, that's not right. You have to set α equal to β.
794020	他们儿子的名字是约翰。	Their son's name is John.
794043	相关调查正在进行中。	The investigation is under way.
794063	大自然很慷慨。	Mother Nature is generous.
794084	她设法保住面子。	She managed to keep up appearances.
794133	她太过好奇，以至于打开了盒子。	She was so curious that she opened the box.
794149	没有人能够让时间停止。	No one can bring time to a stop.
794185	请帮我叫宾馆保安。	Please get me hotel security.
794251	这电子辞典的好处就是便于携带。	The good thing about this electronic dictionary is that it's easy to carry.
795190	地震灾难的受害者非常多。	The victims of the earthquake disaster are numerous.
795227	我们应该取消这次远足。	We should cancel the hike.
795251	她的英语正在进步中。	She is making progress with her English.
795257	他正在筹备一次旅行。	He is making preparations for a trip.
795261	他的英语有很大的进步。	He is making great progress in English.
795263	我宁愿工作也不愿闲着。	I prefer working to doing nothing.
795265	这个程序缺陷满多。	This process has a lot of inconveniences.
795266	肯每天早上自己整理床铺。	Ken makes his own bed every morning.
795267	我不习惯这样的待遇。	I'm not accustomed to such treatment.
795358	我的祖父要用拐杖才能走路。	My grandfather cannot walk without a stick.
795616	在我的部门里有七男四女。	There are seven men and four women in my section.
795737	土豆太热，以至于烫到了我的嘴。	The potato was so hot that it burned my mouth.
795773	我妹妹有架漂亮的钢琴。	My sister has a nice piano.
795774	我们真正的国籍是人类。	Our true nationality is mankind.
795796	我在大学主修美国文学。	I majored in American literature at college.
795809	老师要我们重复这个字。	The teacher made us repeat the word.
795812	他们和解了，并再次成为了朋友。	They made up and became friends again.
795854	他们从人群中挤过去了。	They made their way through the crowd.
795858	山姆组了学校的篮球队。	Sam made the school basketball team.
795860	我们乘公共汽车去上学。	We go to school by bus.
795996	他们把这本小说变成戏剧。	They made the novel into a drama.
796002	我真的很关心你的未来。	I'm really concerned about your future.
796023	电流可以产生磁性。	An electric current can generate magnetism.
796048	我们为她举办了一个欢迎会。	We had a welcome party for her.
796055	她隐约地有一种的内疚感。	She had a vague feeling of guilt.
796056	我有一通来自她的电话。	I had a telephone call from her.
796060	我们的看法有一点不同。	We had a slight difference of opinion.
796076	今天早上天气严寒。	We had a heavy frost this morning.
796077	我们激烈的讨论了这个问题。	We had a heated discussion about it.
796120	最近频繁的地震让我们很焦虑。	The recent frequency of earthquakes makes us nervous.
796124	救助人员将为地震受灾者发放物资。	The rescue workers are going to hand out supplies to the victims of the earthquake.
796378	酗酒是导致阳痿的一个因素。	Excessive drinking is one of the causes of impotence.
796649	检察官问了我一个引导性的问题。	The prosecutor asked me a leading question.
796658	这是个创新的解法。	This is an innovative solution.
796676	跨国公司预料到了规模经济的实行。	The multinational corporation has forecast the implementation of economies of scale.
796786	爱和咳嗽是无法隐藏的。	Love and cough cannot be hidden.
796803	她现在很暴力。最好避着点。	She's violent right now. It'd be better to avoid her.
796806	为什么你不来跟我跳舞？	Why don't you come dancing with me?
796807	爱和被爱是最大的幸福。	To love and to be loved is the greatest happiness.
796813	你愿意让我送你回家吗？	Would you like me to see you home?
796870	这个磁带录音机不是新的。	This tape recorder is not new.
796917	个人自由是民主的精髓。	Individual freedom is the soul of democracy.
796932	将下列句子翻译成日文。	Translate the following sentences into Japanese.
796945	那么, 让我们开始进行吧。	Well, let's get the ball rolling.
796960	平日似乎比较不拥挤。	It seems less crowded during the week.
796978	革命之后，法国成为了一个共和国。	After the revolution, France became a republic.
796980	动物一个接一个的死亡。	One after another, the animals died.
797018	环境污染正造成异常的天气情况。	Environmental pollution is causing abnormal weather conditions.
797034	台湾菜比印度菜口味淡。	Taiwanese food is milder than Indian food.
797036	把想法付诸实践是困难的。	Putting ideas into practice is difficult.
797037	日本是一个非常嘈杂的国家。	Japan is an extremely noisy country.
797038	直树年纪跟香织一样大。	Naoki is as old as Kaori.
797040	神户是一个着名的港口城市。	Kobe is famous as a port city.
797044	看电视是一种被动的活动。	Watching TV is a passive activity.
797046	对事情比较正经严肃。	Take things a little more seriously.
797051	日本从国外进口各种原料。	Japan imports various raw materials from abroad.
797060	罗马这个城市值得一游。	Rome is a city worth visiting.
797062	我的一个乐趣是看电视。	One of my pleasures is watching TV.
797075	他们其中一人是间谍。	One of them is a spy.
797079	它本质上是一个时间的问题。	It is essentially a question of time.
797083	进攻是最好的防御。	Attack is the best form of defense.
797086	兰辛是密西根州的首府。	Lansing is the state capital of Michigan.
797088	保留原状地离开房间。	Leave the room as it is.
797092	猴子能学会很多把戏。	Monkeys can learn a lot of tricks.
797093	在紧急情况下，打电话报警。	In case of emergency, call the police.
797104	当水被加热时，水汽蒸发。	Water evaporates when it is heated.
797110	忽然天气转为多云。	All of a sudden, it became cloudy.
797112	瑞士以它的风景优美而闻名。	Switzerland is famous for its scenic beauty.
797115	苏格兰以其羊毛纺织品而着名。	Scotland is famous for its woollen textiles.
797134	在房间外面等待片刻。	Wait for a moment outside the room.
797139	罗马以其古代建筑而闻名。	Rome is famous for its ancient architecture.
797300	会议将会在特意安排的礼堂里举行。	The conference will be held in a specially selected church.
797537	他严格按照原则办事。	He is a stickler for principles.
797541	这是一个濒临灭绝的物种。	It is an endangered species.
797542	这是一个濒临消失的物种。	It is an endangered species.
798040	用湿布清洁窗户。	Clean the window with a damp cloth.
798045	精通一种外语需要耐心。	Mastering a foreign language calls for patience.
798050	硫磺燃烧着蓝色的火焰。	Sulfur burns with a blue flame.
798051	一些家具是用胶水黏在一起。	Some furniture is put together with glue.
798055	把面粉和两颗鸡蛋混合。	Mix the flour with two eggs.
798059	把椅子挪一挪靠近桌子。	Move the chair nearer to the desk.
798073	没有必要说话这么大声。	There's no need to speak so loud.
798079	股票价格跌至历史新低。	Stock prices plunged to a record low.
798086	北海道在仙台的北方。	Hokkaido is to the north of Sendai.
798116	维持一个人的声誉是很难的。	It is hard to maintain one's reputation.
798119	携带武器是违法的。	It's against the law to carry weapons.
798135	随便乱弄电是危险的。	It's dangerous to fool around with electricity.
798141	各国有不同的饮食习惯。	Eating habits differ from country to country.
798152	在出口处的收银台付款。	Pay the cashier on the way out.
798166	一些抽象艺术是很难理解的。	Some abstract art is difficult to understand.
798183	把它保存在外接式硬碟。	Save it on the external hard drive.
798191	奶奶送了我们一箱苹果。	Grandmother sent us a box of apples.
798195	把告示贴在在布告板上。	Stick a notice on the board.
798199	严格来说，地球不是圆的。	Strictly speaking, the earth is not round.
798201	飞行员用无线电与机场沟通。	Pilots communicate with the airport by radio.
798202	米以公斤为单位来出售。	Rice is sold by the kilogram.
798210	闪电常常伴随着雷鸣。	Lightning is usually followed by thunder.
798223	诚实不总是最好的策略。	Honesty is not always the best policy.
798234	人生充满了高低起伏。	Life is full of ups and downs.
798238	走过两个街区，然后左转。	Walk two blocks, and turn left.
798240	要一直诚实是不容易的。	To be always honest is not easy.
798241	微笑并不一定表示高兴。	Smiles do not always indicate pleasure.
798242	关闭所有的门和窗户。	Shut all the doors and windows.
798244	尝试在下一次做得更好。	Try and do better next time.
798253	天文学涉及恒星和行星。	Astronomy deals with the stars and planets.
798256	躺下来让自己舒服一点。	Lie down and make yourself comfortable.
798258	只有竹内没有接受邀请。	Only Takeuchi didn't accept the invitation.
798266	比尔承担了损失的过失责任。	Bill took the blame for the loss.
798271	切除这块肉的脂肪。	Trim the fat off the meat.
798281	军人必须履行他们的命令。	Soldiers must carry out their orders.
798282	在这附近当心小偷。	Watch out for thieves around here.
798286	哈利无法跟上班上同学。	Harry couldn't keep up with the class.
798288	你站在我的立场上考虑看看。	Just put yourself in my shoes.
798291	欧洲的学校在九月开学。	School starts in September in Europe.
798310	不要拖延去找工作的事。	Stop putting off finding a job.
798317	雪梨是澳洲最大的城市。	Sydney is the largest city in Australia.
798320	不要屈服于这些要求。	Do not give in to those demands.
798329	人们在多雨地区种植水稻。	Rice is grown in rainy regions.
798348	问那边的警察岗哨。	Ask at the police box over there.
798353	苏在皇家饭店登记投宿。	Sue checked in at the Royal Hotel.
798355	比尔没有在派对上出现。	Bill didn't turn up at the party.
798409	我很抱歉，但我无法立即回答。	I'm sorry, but I can't answer right away.
799195	这表明了地方领导恢复地区卓越水平的雄心。	It reveals local executives' ambitions of bringing the region back to the top.
799197	她家在一座山的山脚下。	Her house is at the foot of a mountain.
799208	你尝过那么好喝的汤吗？	Have you tasted such good soup before?
799239	他不是诗人；他写的是散文。	He isn't a poet; he's a prose writer.
799255	气象学家说会有暴风雨。	The weatherman says there is a storm on the way.
799269	生活中绝对没有什么是持久的。	Absolutely nothing is permanent in life.
799280	文字游戏很少能被翻译。	Wordplay rarely translates.
799282	我所有的尝试都失败了。	All of my attempts have failed.
799293	他受人民的爱戴。	He is loved by his people.
799824	你大约认识多少英文词？	About how many English words do you know?
801311	市中心的交通都堵塞了。	Traffic downtown is all backed up.
801322	在第三季时销售跌了下来。	Sales fell off in the third quarter.
801323	这些花生长在温暖的国家。	These flowers grow in warm countries.
801324	只有四匹马参加了比赛。	Only four horses competed in the race.
801334	花园里有竹子在生长。	There's bamboo growing in the garden.
801340	星星开始在天空中出现。	Stars began to appear in the sky.
801346	盯着别人看是不礼貌的。	It is rude to stare at someone.
801348	玩牌作弊是错误的。	It is wrong to cheat at cards.
801367	我不满意我的英语能力。	I'm not satisfied with my English ability.
801384	我想兑换旅行支票。	I'd like to cash a travelers' check.
801390	我想将这些寄送到日本。	I'd like to send these to Japan.
801398	最近我搬到另一栋公寓。	Recently I moved to another apartment.
801404	我想要一间后面的房间。	I'd like a room in the back.
801405	我想要一间前面的房间。	I'd like a room in the front.
801408	新邮票将于下个月发行。	New stamps will be issued next month.
801409	和平会谈将在下周开始。	Peace talks will begin next week.
801437	地震后人们普遍觉得恐慌。	There was widespread panic after the earthquake.
801455	鐳是居里夫人所发现的。	It was Marie Curie who discovered radium.
801469	整体而言，这个事件是成功的。	On the whole, the event was successful.
801483	从清晨开始一直下雨。	It's been raining since early morning.
801547	今天没有像昨天那么冷。	It isn't anything like as cold as it was yesterday.
801569	你今天最好随身带把伞。	You had better take an umbrella with you today.
801586	我对付困难。	I am dealing with difficulties.
801906	我对美国的印象挺好的。	My impression of America is very good.
801919	我对那天的印象很深刻。	That day left a deep impression on me.
801922	她犯了一个严重的错误。	She made a serious mistake.
801924	我想那应该没关系的。	I guess that would be all right.
801929	我猜他们大多数回家了。	I guess most of them went home.
801934	我想我没有把话说清楚。	I guess I haven't made myself clear.
801938	他们对他们的员工保证就业。	They guaranteed regular employment to their workers.
801959	我叔叔让我担任翻译。	My uncle made me serve as interpreter.
801960	我舅舅让我担任翻译。	My uncle made me serve as interpreter.
801961	老师让我重复了这句话。	The teacher made me repeat the sentence.
801963	他让我违背了我的意愿。	He made me go against my will.
801982	我对她有很深刻的印象。	I find her very impressive.
801989	他们礼拜天上教堂。	They go to church on Sunday.
802002	你可以放心，他会准时的。	You can rely upon his being punctual.
802003	安迪一定练习得很辛苦。	Andy must have practiced very hard.
802005	我在找一些固定工作。	I'm looking for some regular work.
802009	我喜欢乘坐火车。	I like to ride on trains.
802014	我阿姨在她的花园种蕃茄。	My aunt grows tomatoes in her garden.
802016	我们保证我们的产品一年。	We guarantee our products for one year.
802022	我们可以信赖他的判断。	We can rely on his judgement.
802075	他们面带微笑向我打招呼。	They greeted me with a smile.
802081	他用两只手抓住了绳子。	He grasped the rope with two hands.
802084	她挥着手向他打招呼。	She greeted him waving her hand.
802100	她浑身湿透了。	She got wet to the skin.
802107	我前几天收到了你的传真。	I got your fax the other day.
802313	我被那位老师严厉斥责了。	I got scolded severely by that teacher.
802486	她在银座搭乘了地铁。	She got on the subway at Ginza.
802497	我请我的朋友来帮助我。	I got my friends to help me.
802914	她能很准确地评估投资。	She can assess investments very accurately.
803461	因为他做了不少坏事，我们可以断定他不是个好人。	As he has done a lot of bad things, we can conclude that he is a bad person.
803713	我有一段美好的旧时光。	I had a fine old time.
803731	你的书真是多到可怕啊!	What an awful lot of books you have!
803752	爱是人类文明的奇迹。	Love is the miracle of civilization.
803778	我让她打扫了我的房间。	I had her sweep my room.
803797	凯特看了克里斯一眼，然后不理睬他，使他感到痛苦。	Kate glanced at Chris and then ignored him, making him feel miserable.
803799	是我内在的兽性想要它。	It's the animal in me that wants it.
803805	你让生命活得有价值。	You make life worth living.
803824	女人的力量在她的舌头。	A woman's strength is in her tongue.
803835	我衷心感谢您。	I thank you with all my heart.
803858	正如我爱她，所以她爱我。	As I love her, so she loved me.
803860	即使她爱我，我也不爱她。	I don't love her, not even if she loves me.
803871	你知道她有多么爱你吗?	Are you aware of how much she loves you?
803906	爱情让他盲目到看不到她的错。	Love blinded him to her faults.
804499	他常以反抗的态度对我们。	He often takes a defiant attitude toward us.
804513	父亲总是说"你尽力而为。"	Father always says, "Do your best."
804529	我父亲一点也不懂艺术。	My father is far from artistic.
804537	截至上周，我还没有收到答复。	Up to last week, I hadn't received a reply.
804543	我要他擦亮我的皮鞋。	I got him to polish my shoes.
804547	我让他油漆了这个柵栏。	I got him to paint the fence.
804580	我认识了这位行政长官。	I got acquainted with the chief executive.
804605	他得到了法律硕士学位。	He got a master's degree in law.
804608	他从银行得到了贷款。	He got a loan from the bank.
804618	他数学得了一个好成绩。	He got a good grade in mathematics.
804619	我的牛仔裤破了一个洞。	I got a hole in my jeans.
804795	世界上许多人在挨饿。	Many people are suffering from hunger around the world.
804796	世界上许多人很饥饿。	There are many hungry people in the world.
804860	我读完书之后就去睡觉。	I go to bed after I study.
804870	下个月我们会有辆新车。	We're getting a new car next month.
804919	这里你可以看到漂亮的颜色组合。	Here you can see beautiful colour combinations.
804980	那家餐馆提供良好的服务。	They give good service at that restaurant.
804984	提问对他来说是很羞耻的事。	He is ashamed to ask questions.
804988	她每周日早上很晚起床。	She gets up late on Sunday mornings.
804998	她取得了优异的英语成绩。	She gets good marks in English.
805002	暑假期间，我在邮局工作。	I worked in a post office during the summer vacation.
805015	我为小事情觉得沮丧。	I get depressed by the slightest things.
805023	我们望着这美丽的风景。	We gazed at the beautiful scenery.
805053	他有充分的理由这样做。	He had every reason for doing so.
805091	聪明人会羞于干这种事。	A man of sense would be ashamed to do so.
805100	她很快地把衬衫洗一洗。	She gave the blouse a quick wash.
805113	我们给了母亲一支手表。	We gave our mother a watch.
805177	这是很有前景的行业。	This is a very promising industry.
805191	董事会一致决定任命她为执行总裁。	The board unanimously decided to appoint her as CEO.
805193	他授权给我解雇了他们。	He gave me authority to fire them.
805201	他获得了诺贝尔文学奖。	He won the Nobel Prize for Literature.
805205	他有极大的潜力。	He has enormous potential.
805213	她允许了我对她的访问纪录。	She gave me access to her records.
805217	我姑姑给了我一本相簿。	My aunt gave me an album.
805218	我姑姑给了我一本集邮册。	My aunt gave me an album.
805222	她给了我一个认可的微笑。	She gave me a smile of recognition.
805521	你们准备如何达到你们制定的目标？	How do you plan to achieve the goals you set?
805525	你们的优点和缺点是什么？	What are your strengths and weaknesses?
805529	我们达成了合伙协议。	We have reached a partnership agreement.
805541	您是从哪个学校毕业的？	From what school did you graduate?
805542	她亲自过问了此事。	She gave it her personal attention.
805554	他们屈服于我的看法了。	They gave in to my opinion.
805566	我们发现这些床很舒服。	We found the beds quite comfortable.
805576	我发现实地考察很有教育意义。	I found the field trip very educational.
805593	她给了他一个温柔的吻。	She gave him a tender kiss.
805610	如果你弄乱了，你来打扫。	If you make a mess, clean it up.
805661	他知道很多外国事务。	He knows a lot about foreign affairs.
805698	我们捐血来帮助这个孩子。	We gave blood to help the child.
805744	尽可能及早拜访您。	I'll come as soon as I can.
805760	大部分的人是这么想的。	Most people think so.
805895	混合米、蛋跟酱油。	Mix the rice, egg and soy sauce.
806189	不要画蛇添足。	Let well alone.
806205	不要对人家送的礼物挑三拣四，嫌东嫌西的。	Don't look a gift horse in the mouth.
806207	发光的未必都是金子。	All that glitters is not gold.
806211	光看表面是不足够的。	All that glitters is not gold.
806215	为了正当目的可以不择手段。	The end justifies the means.
806223	最后笑的人，才是笑得最得意的人。	He laughs best who laughs last.
806244	秘密的礼物公开的奖励。	Secret gifts are openly rewarded.
806558	凡事要预先准备好。	Forewarned is forearmed.
806571	小洞及时补，免遭大洞苦。	A stitch in time saves nine.
806666	苦尽甘来。	No sweet without sweat.
806688	如水流过鸭背般毫无反应。	Like water off a duck's back.
806741	弥补永远不会太晚。	It's never too late to make amends.
806757	成功属于耐心等待的人。	Everything comes to those who wait.
806769	元旦是一年的关键。	New Year's Day is the key to the year.
808206	咳嗽糖浆有股甘草的味道。	The cough syrup has a licorice flavoring.
808852	他是一位小说家和诗人。	He is a novelist and poet.
809728	衷心祝贺你的生日，穆里尔！	Congratulations for your birthday, Muriel!
809760	一个好邻居胜于一个遥远的朋友。	A good neighbour is better than a faraway friend.
809766	我的父母刚刚到达车站。	My parents have just arrived at the station.
809782	知识不是遗传的。	Knowledge is not heritable.
809810	他的名字是众所周知的。	His name is known to all.
809914	它是我见过最美的景色。	It's the most beautiful scenery I've ever seen.
810048	上梁不正下梁歪。	A fish rots from the head down.
810068	这名采访者确认了他的采访对象。	The interviewer identifies his interviewees.
810069	采访者介绍了采访的主题。	The interviewer introduces the topic of the interview.
810073	她更新了花盆里的土。	She renewed the soil in the flower pot.
810077	他决定成为一名飞行员。	He decided to become a pilot.
810592	你不喜欢赌博，是吗？	You don't like gambling, do you?
810605	矮人们是伟大的铁匠。	The dwarves are great smiths.
810670	他的大脑仍然很活跃。	He still has springtime on the brain.
810689	你妄想。上床睡觉去！	You're delusional. Go to bed!
810692	在僵尸启示录的事件中你会怎么做？	What would you do in the event of a zombie apocalypse?
811007	这本小说的作者是谁？	Who is the author of this story?
811035	日本最长的隧道在哪里？	Where is the longest tunnel in Japan?
811087	请告诉我们哪儿有食品杂货店。	Please tell us where there is a grocery store.
811109	但是歌手并不否认她的出身。	However, the singer does not deny her ancestry.
811238	收好你的东西，滚出去。	Pick up your things and go away.
811303	我叔叔送了我一样礼物。	My uncle gave me a gift.
811351	每个人都有能力作贡献。	And everyone has the ability to contribute.
811583	安迪是精通法语和德语。	Andy is master of French and German.
811818	你能用英语表达自己吗？	Can you express yourself in English?
811833	你曾经用英语演讲过吗？	Did you ever make a speech in English?
811856	荷兰语与德语关系密切。	Dutch is closely related to German.
811860	英语已经普及全国。	English has spread all over the country.
811870	英语是一种沟通的手段。	English is a means of communication.
811904	英语在商业中很有用。	English is useful in commerce.
812212	他磕碎了下巴，掉了几颗牙。	He got a broken jaw and lost some teeth.
812218	美国是一个自称没有社会阶层的国家。	America likes to claim that it is a "classless" society.
812221	日本的人口比新西兰多。	The population of Japan is larger than that of New Zealand.
812234	应该趁年轻多读点书。	You should read many books when you are young.
812249	她真的有本事让别人做她想做的事。	She has a real knack for getting people to do what she wants.
812281	议员受到了议会道德委员会的谴责。	The senator was censured by the congressional ethics committee.
812351	他的懒惰是他未来不好的预兆。	His laziness boded ill for the future.
812360	说苗条比说瘦更有礼貌。	It's more polite to say thin than skinny.
812369	哈利波特的新片十分差。	The new Harry Potter movie is pretty lame.
813480	我记得我母亲教我认字。	I remember my mother teaching me the alphabet.
813482	小说以女主角的死告终。	The novel ends with the heroine's death.
813500	这本书在英国印刷。	This book was printed in England.
813504	不管结果如何，他想要做。	He wanted to do it, whatever the consequences.
813587	绳子不够牢固，撑不住他。	The rope wasn't strong enough to support him.
813637	有没有一个国家比美国更提倡爱国主义？	Does any other country fan the flames of patriotism as much as America?
814146	他认为太极拳改善了他的生活。	He believes that Tai Ji has improved his life.
814164	经理打算改良公司的结构。	The manager wants to improve the company's structuring.
814167	通过遗传修饰，我们可以改良农作物。	Through genetic modification, we can improve crops.
816441	告诉我他为什么缺席了。	Tell me why he was absent.
816443	我期待下周日能见到你。	I'm looking forward to seeing you next Sunday.
816471	她太矮了，看不到围墙外面。	She was too short to see over the fence.
816481	他是个有教养的人。	He is a learned man.
816504	玛丽处理了膝盖的伤口。	Mary treated her wounded knee.
816527	我在信封上写错了地址。	I wrote the wrong address on the envelope.
816552	我很喜欢我的黄色套衫。	I love my yellow sweater.
816679	种的是风，而收获的是旋风。	Sow the wind, reap the whirlwind.
816683	我不相信谣言。你相信吗？	I don't believe the rumours. Do you believe them?
816772	掌管指挥所。	Take control of the command post.
816780	你会弹都塔尔二弦琴吗？	Can you play the dutar?
816813	法国是一个福利国家，但它却不再能够负担得起了。	France is running a welfare state it can no longer afford.
816816	我的孙子还是个婴儿。	My grandson is still a baby.
816820	我被各国语言及文字的爱好者所围绕。	I'm surrounded by linguaphiles!
816881	寒冷干燥，灿烂的阳光，多么美丽的冬日天气!	Cold and dry, splendid sunshine, what beautiful winter weather!
816885	我没有参与这个谈话。	I didn't participate in the conversation.
816901	我搞砸了第一个音符。	I screwed up the very first note.
817247	她们被抛弃在一座荒岛上。	They were marooned on a desert isle.
817248	他们被抛弃在一座荒岛上。	They were marooned on a desert isle.
817264	大坂是日本的商业中心。	Osaka is the center of commerce in Japan.
817265	我游览了英国许多地方。	I visited many parts of England.
817268	他的行为让我坐立不安。	His behaviour made me feel restless.
817287	他对一个生病的男人说这种事真是没良心。	It was heartless of him to say such a thing to the sick man.
817300	她在她花园里种西红柿。	She grows tomatoes in her garden.
817320	他在指定时间的五分钟后到了。	He came five minutes behind the appointed time.
817341	为了她的重要约会，她精心打扮了一下。	She got all dolled up for her big date.
817664	泰语是泰国的官方语言。	Thai is the official language of Thailand.
817683	火车什么时候到达横滨？	What time will the train arrive in Yokohama?
818094	你不喜欢爱情故事，是吗？	You don't like love stories, do you?
818108	他是教区委员会的成员。	He is a member of the parochial board.
818161	尽可能明确地表达你自己。	Express yourself as clearly as possible.
818164	那里究竟发生了什么事？	What exactly happened there?
818812	猫弓起背，伸了个懒腰。	The cat arched its back and stretched itself.
818822	太空竞赛是历史上激动人心的时期。	The space race was an exciting time in history.
818869	最好的理发师是同性恋。	The best hairdressers are gay.
818901	现在握个手和解吧。	Now shake hands and make up.
818929	亨利因为伤了手臂而被撤销了比赛资格。	Harry had to back out of the competition because of a broken arm.
818948	他们办了一系列的音乐会。	They gave a series of concerts.
818964	他们在图书馆装备了新的书籍。	They furnished the library with new books.
818965	我们提供了难民们毛毯。	We furnished the refugees with blankets.
818967	她用漂亮的家具布置了房间。	She furnished the room with beautiful furniture.
819017	她摸索着一张纸。	She fumbled with a piece of paper.
819019	他在五年前创立了这所学校。	He founded the school five years ago.
819238	他好好的使用了​​这笔钱。	He made good use of the money.
819248	他在公共场合取笑了我。	He made fun of me in public.
819280	她对那个女人做了鬼脸。	She made faces at that woman.
819306	你看起来很疲倦。	You look tired.
819400	我真的很倒霉！	I really am unlucky!
819467	葵成为一个舞蹈家。	Aoi became a dancer.
819696	可能我的孙子会是登陆火星的第一人。	Maybe my grandchild will be the first person to set foot on Mars.
819710	最近对外贸易活动减少了。	The activity of foreign trade has been declining of late.
819766	我很忙，所以我不能去了。	As I am busy, I cannot go.
819769	我所有的蛋糕都很美味!	All my cakes are delicious!
819787	罢工妨碍了国家经济。	The strike affected the nation's economy.
819792	他帮助我克服了困难。	He helped me to get over the difficulties.
819828	毒品是国际性的问题。	The drug problem is international.
821411	众人纷纷结伴跳起了舞来。	Everyone paired off and began dancing.
821423	用你的橡皮把这些字擦掉。	Rub out these words with your eraser.
823008	你能解决这个问题呢吗？	Can you solve this problem?
823028	露西被她的祖父母揶揄。	Lucy was bantered by her grandparents.
823032	让我们拍照留念。	Let's take a picture for memory's sake.
824404	许多动画的共同语言是字幕。	The common language of many anime is subtitles.
824431	当他回家时，我遇到了他。	I met him while he was coming home.
824453	食物调理机往往比搅拌机短和宽。	Food processors tend to be shorter and wider than blenders.
824630	地震频繁地袭击日本。	Earthquakes frequently hit Japan.
824640	安妮有许多崇拜者。	Anne has many admirers.
824651	警方不应该收取贿赂。	Police shouldn't take bribes.
824720	南希看起来很疲惫。	Nancy looks so tired.
825166	她转移了视线。	She looked away.
825899	让我们很快地再次见面。	Let's meet again soon.
825945	汤姆喜欢编织。	Tom likes to knit.
826096	她晋升了。	She was promoted.
826219	抱怨不会改变任何东西。	Complaining won't change anything.
826247	真理子英语说得很好。	Mariko speaks English well.
826270	这房子正在燃烧着。	The house is burning.
826539	她始终没致电给我。	She never phoned me.
827062	有是有的，不过远了一点。	There is one, but it's a little far.
827094	我是人类学的研究学生，课题是“中医在英国”。	I'm an anthropology research student, and my topic is 'Chinese medicine in Britain'.
827160	请您用中文或英文回答。	Please reply in Chinese or English.
827188	您专攻于中医的什么领域？	Which aspects of Chinese medicine do you specialise in?
827452	我平常早上八点钟起床。	I usually get up at eight o'clock.
827487	他放我鸽子；我等了他一整晚！	He stood me up; I waited all evening for him!
827523	四月是全国弱势团体医疗月。	April is the national minority health month.
827549	你应该要更快警告他的。	You should have warned him sooner.
827578	这位就是谁想见你的夫人。	This is the lady who wants to see you.
827589	马克是如此的诚实所以每个人都赞扬他。	Mark is so honest that everybody commends him for it.
828676	光有胡须不能造就一位哲学家。	A beard does not make a philosopher.
829314	春天，我想要彻底打扫房子。	I want to do spring cleaning.
829550	肉眼可见。	Anyone can see.
829551	失踪的猫还没被找到。	The missing cat has not been found yet.
829573	我为我儿子感到骄傲。	I'm proud of my son.
829589	广泛的安全措施实施了。	Broad safety measures were put into effect.
829651	这个取暖装置用柴油作为燃料。	This heating equipment uses diesel as fuel.
829683	我记得去年夏天的历险。	I remember last summer's adventure.
829687	海啸的警报解除了。	The tsunami alert was cancelled.
829689	她很固执。	She's very obstinate.
829696	政府明确宣布了降税的意图。	The government clearly stated its intention to lower taxes.
829704	一棵倒下的树挡住了路。	A fallen tree blocked the road.
829718	士兵们撤离了他们的阵地。	The soldiers retreated from their positions.
830330	暴动开始时只有一位监狱长值班。	There was only one warden on duty when the riot started.
830343	可怜的人民任凭残暴的独裁者处置。	The poor people were at the mercy of the cruel dictator.
830473	获得诺贝尔奖后，她仍谦虚如昔。	After winning the Nobel prize, she remained as modest as ever.
830476	一群年轻人在操场上打手球。	A group of young men are playing handball in the playground.
830481	突然间她开始用尖锐的声音大喊。	All at once she began to shout in a shrill voice.
832232	佛教思想分为哪一些宗派？	Which schools is Buddhist thought divided into?
832457	那是一个晴朗的日子。	It's a clear day.
832770	真是物美价廉。	It's a real bargain.
832930	郁金香很快将盛开。	Tulips will bloom soon.
832954	这些容器是密封的。	These containers are airtight.
832961	上周末过得怎么样，南希？	How was last weekend, Nancy?
832976	他已经失去了他的工作。	He has lost his job.
832983	贝蒂是一个舞蹈老师。	Betty is a dancing teacher.
832996	美丽的夕阳，不是吗？	A beautiful sunset, isn't it?
833006	我几乎听不到他的声音。	I could hardly hear him.
833008	他不顾他父亲的忠告。	He ignored his father's advice.
833045	不要一个人在黑暗中走。	Don't walk alone after dark.
833089	昨天他拜访了他的叔叔。	He visited his uncle yesterday.
833122	代数是我最喜欢的科目。	Algebra is my favorite subject.
833131	他娶了一个漂亮的女孩。	He married a pretty girl.
833164	比尔是一名棒球运动员。	Bill is a baseball player.
833165	你能推荐另一家旅馆吗？	Could you recommend another hotel?
833171	你喜欢莫扎特的音乐吗？	Do you like Mozart's music?
833194	他失去了他拥有的一切。	He lost everything he owned.
833237	请你称一下这个的重量好吗？	Can you weigh this, please?
833241	你的建议似乎是合理的。	Your suggestion seems reasonable.
833245	猜猜看他告诉了我什么。	Guess what he told me.
833250	他有一个很好的性格。	He has a wonderful personality.
833255	他穿上了干净的裤子。	He put on clean trousers.
833256	弗雷德是一个懒惰的家伙。	Fred is a lazy fellow.
834316	非常感谢您昨晚美妙的晚餐。	Thank you very much for the wonderful dinner last night.
834350	一般而言，日本人很害羞。	Generally, Japanese people are shy.
834360	一个护士量了我的体温。	A nurse took my temperature.
834388	圣诞节是一个特别的节日。	Christmas is a special holiday.
834411	他带回了一些纪念品。	He brought back several souvenirs.
834412	你在做什么特别的事吗？	Are you doing anything special?
834418	我相信规律的运动。	I believe in exercising regularly.
834440	孩子应该服从他们的父母。	Children should obey their parents.
834537	这棵树终年常绿。	The tree is green all year round.
834546	他担任我的向导。	He acted as my guide.
834576	米克为婴儿取名为理查。	Mick named the baby Richard.
834658	我的父亲经营一家餐馆。	My father runs a restaurant.
834665	我拜访了我祖母的房子。	I visited my grandmother's house.
834704	她精心筹备了这个派对。	She made elaborate preparations for the party.
834707	瑪丽悄悄地关上了门。	Mary closed the door quietly.
834718	让我们今天下午打网球。	Let's play tennis this afternoon.
834720	我会关照它的。	I'll take care of it.
834738	我不在乎炎热的天气。	I don't mind hot weather.
834742	我哥哥成了一名工程师。	My brother became an engineer.
834746	我可以看看你的护照吗？	May I see your passport?
834752	我做了一个洋娃娃给安。	I made Ann a doll.
834797	我会给你做一套新衣服。	I'll make you a new suit.
834816	瑪丽正在帮忙她的母亲。	Mary is helping her mother.
834883	珍填好了一张申请书。	Jane filled out an application.
834927	我会借给你我的笔记本。	I'll lend you my notebook.
834946	我十分理解你的立场。	I understand your position perfectly.
834982	他年纪越大变得越顽固。	He became more obstinate as he grew older.
834996	我的成绩高于平均水平。	My grades are above average.
835340	我的姐姐就像我的祖母。	My sister resembles my grandmother.
835348	我读了一篇精彩的故事。	I read an exciting story.
835446	我已经完成了我的作业。	I've already finished my homework.
835491	昨天迈克跑得非常快。	Mike ran very fast yesterday.
835593	我们听到卧室里有声音。	We heard a voice from the bedroom.
835602	我门牙突出。	My front teeth stick out.
835673	让我们放学后打篮球。	Let's play basketball after school.
835700	我得了一种可怕的感冒。	I've caught a terrible cold.
835724	瘧疾是由蚊子传染的。	Malaria is carried by mosquitoes.
835767	让我们平分这个报酬吧。	Let's split the reward fifty-fifty.
835769	我真的很喜欢你的陪伴。	I really enjoyed your company.
835792	我必须把它漆上油漆。	I have to paint it.
835852	麻烦我要一张收据。	I'd like a receipt, please.
836148	他们这里提供一流的美食。	They serve excellent food here.
836161	汤姆是一个电子工程师。	Tom is an electrical engineer.
836270	他登广告出售他的房子。	He advertised his house for sale.
836274	哪一位法官审理此案？	Which judge heard the case?
836290	请您在登记册上签名好吗？	Could you please sign the register?
836298	请接受我诚挚的歉意。	Please accept my sincere apologies.
836307	你确定你的资料属实吗？	Are you sure of your facts?
836317	你有任何其他的问题吗？	Do you have any other questions?
836332	他没有遵循我们的忠告。	He failed to follow our advice.
836355	他刚成为一名校长。	He has just become a principal.
836360	今晚你能打电话给我吗？	Could you call me tonight, please?
836376	这件红色的洋装适合她。	The red dress suited her.
836385	哎呦好难受啊，全身发痒！	Grr! I'm itchy all over, and it's driving me crazy.
836395	谁画了这幅美丽的图画？	Who painted this beautiful picture?
836401	你能寄宣传册给我吗？	Could you send me a brochure?
836408	他每天晚上打电话给她。	He calls her up every night.
836424	她能忍受长途旅行吗？	Can she endure a long trip?
836440	一辆卡车輾过一只狗。	A truck ran over our dog.
836571	他因为发烧而满脸通红。	Fever flushed his cheeks.
837776	这破坏会花费我们很多钱。	The damage will cost us a lot of money.
838077	俗话说：邪不压正；可俗话又说：道高一尺，魔高一丈！	As the saying goes: "good always triumphs over evil". But there's another saying that: "the fight against evil is a constant struggle".
838285	原谅别人就是善待自己。	Forgiving others is a kind deed to yourself.
838309	要用心，不要操心、烦心。	Be diligent, don't worry.
838333	世上有两件事不能等：一、孝顺 二、行善。	There are two things in the world that cannot wait: 1. Filial piety, 2. Doing good.
838353	有智慧才能分辨善恶邪正；有谦虚才能建立美满人生。	Only with wisdom can one distinguish between good and evil; only with humility can one build a happy life.
838363	能付出爱心就是福，能消除烦恼就是慧。	Knowing how to love is success; knowing how to relax is wisdom.
838499	她十八岁就大学毕业了。	She was only 18 when she graduated from university.
838510	他二十八岁才拿到驾照。	He didn't get a driving licence until he was twenty-eight.
838520	把你的外套挂在钩子上。	Hang your coat on the hook.
838552	你寒假过得愉快吗？	Did you enjoy your winter holidays?
838555	葡萄酒是用葡萄做成的。	Wine is made from grapes.
838571	他说的话让我很尴尬。	What he said embarrassed me.
838583	今天是我十六岁的生日。	Today is my sixteenth birthday.
838605	有些人质疑他的诚实。	Some people questioned his honesty.
838632	她盯着可疑的陌生人看。	She stared at the suspicious strangers.
839089	我们每个星期六踢足球。	We play football every Saturday.
839152	最近三个月，价钱涨高了。	Prices have gone up these three months.
839212	这根湿掉的火柴点不出火的。	This damp match won't light.
839261	他是什么样子的男人啊？	What kind of man was he?
839453	我们每年都庆祝圣诞节。	We celebrate Christmas every year.
839463	物理是我最喜欢的科目。	Physics is my favorite subject.
839481	随时问任何问题都可以。	Feel free to ask any questions.
839492	上个月他和妻子离婚了。	He divorced his wife last month.
839504	新娘看起来非常漂亮。	The bride looked very beautiful.
839554	孩子们喜欢在沙滩上玩。	Children love playing on the beach.
839574	比尔在编辑部工作。	Bill is on the editorial staff.
839604	他们正在讨论这个问题。	They are discussing the problem.
839788	把橙子从冰箱里拿出来。	Take the oranges out of the fridge.
839803	你知道这些公式是从哪里来的吗？	Do you know where these equations come from?
839810	注意你们的食品。	Pay attention to your food.
839822	把米饭和鸡蛋及酱油混一下。	Mix the rice and eggs with soy sauce.
840429	这起事件使他一举成名。	That incident made him famous.
840431	这台自动贩卖机故障了。	This vending machine isn't working.
840549	你可以免费拥有这支手表。	You can have this watch for nothing.
840618	她整齐地把她的手帕折好。	She folded her handkerchief neatly.
840652	你曾试过用水肺潜水吗？	Have you ever tried scuba diving?
840671	他们已经宣布订婚了。	They have announced their engagement.
840742	价格一直在稳定地攀升。	Prices have been climbing steadily.
840753	她善于处理儿童。	She's good at handling children.
840758	他总是与他的妻子吵架。	He always quarrels with his wife.
840799	这个钉子撕破了他的夹克。	The nail tore his jacket.
841827	昨天我买了两个馒头。	Yesterday I bought two steamed buns.
841829	到了红绿灯以后，往右拐。	After you get to the traffic lights, turn right.
842046	这条狗杂交。	This dog is a crossbreed.
842131	他责备了我的疏忽。	He reprimanded me for my oversight.
842152	他是由跑步保养青春的活力。	He keeps his youth by jogging.
842254	这个地方以风景优美闻名。	This place is famous for its scenic beauty.
842278	苏珊擦亮了她父亲的鞋。	Susan shined her father's shoes.
842300	这个问题是值得讨论的。	This problem is worth discussing.
842303	鮑伯失去了对摇滚音乐的兴趣。	Bob lost interest in rock music.
842308	这名士兵痛苦地呻吟。	The soldier groaned with pain.
842312	这只狗几乎吃任何东西。	This dog eats almost anything.
842338	她被哈佛大学录取了。	She was accepted to Harvard.
842421	他们用枪武装自己。	They armed themselves with guns.
842426	他们称他胆小鬼。	They called him a coward.
842436	你有任何要申报的东西吗？	Do you have anything to declare?
842448	注意不要侵犯她的隐私。	Take care not to intrude upon her privacy.
842450	我们没有任何共同之处。	We have nothing in common.
842464	你本来应该介绍自己的。	You should have introduced yourself.
842468	你今天晚上能来吃饭吗？	Can you come for dinner tonight?
842475	他在生物学考试时作弊。	He cheated on the biology exam.
842489	我和他竞争冠军。	I competed with him for the championship.
842667	最好的鱼三天就要发臭。	The best fish smell when they are three days old.
842681	换句话说，他就背叛了我们。	In other words, he betrayed us.
842684	我在草地上直躺下来了。	I laid myself on the grass.
843495	我丢了我的一个文件夹。	I have lost one of my folders.
843504	他早上总是有点脾气暴躁。	He is always a little irritable in the morning.
843879	废纸回收是十分重要的。	Recycling paper is very important.
844116	你今天看上去很苍白。	You look pale today.
844447	他有几十本的英文书籍。	He has dozens of English books.
844465	经理批准了我们的计划。	The manager approved our plan.
844470	没有什么事曾让他愤怒。	Nothing ever makes him angry.
844475	一个窃贼闯进了他的房子。	A burglar broke into his house.
844482	你做了一个明智的选择。	You made a wise choice.
844488	请把收音机关小声一点。	Please turn down the radio.
844519	另一个抓住他的胳膊。	The other grasped his arm.
844530	该病人正逐步康复。	The patient is steadily recovering.
844576	他在周日打扫他的房间。	He cleaned his room on Sunday.
844577	最近，来自亚洲各国的进口额不断扩大。	The imports from Asian countries have expanded recently.
844610	美国是一个移民国家。	America is a country of immigrants.
844635	鮑伯把这个壶装满了水。	Bob filled the pot with water.
844670	我是在北京学习中文的。	I studied Chinese in Beijing.
844714	我是在北京学习的中文。	It was in Beijing that I studied Chinese.
845114	您对我说的话有什么要补充的吗？	Would you like to add anything to what I've said?
845118	这种错误很容易被人忽视。	Mistakes like these are easily overlooked.
845133	这药没有副作用。	This medicine does not have side effects.
845142	我父亲至今从未去过国外。	My father has never been abroad.
845965	我们有多余的时间。	We have time to spare.
845968	她总是买昂贵的衣服。	She always buys expensive clothes.
845971	我们谈到了昨天的测验。	We talked about yesterday's test.
845994	你的驾驶执照已经过期了。	Your driver's license has expired.
845998	他们解除了婚约。	They called off their engagement.
846005	咖啡让我在沉闷的音乐会中保持清醒。	The coffee enabled me to stay awake during the dull concert.
846015	大象生活在亚洲和非洲。	Elephants live in Asia and Africa.
846023	别动，不然我就开枪射你。	Don't move, or I'll shoot you.
846026	他的演说激励了所有的男孩。	His speech inspired all the boys.
846030	他按下按鈕然后等待着。	He pressed the button and waited.
846050	他让我等了整整一上午。	He kept me waiting all morning.
846056	我常常在放学后踢足球。	I often play soccer after school.
846059	我把麦克风递给他。	I handed the mike to him.
846061	他把钱投资于股票。	He invested his money in stocks.
846113	他告诉我们要保持安静。	He told us to keep quiet.
846184	他习惯在公众场合说话。	He's used to speaking in public.
846259	即使下雨我也会去那里。	I will go there even if it rains.
846299	她的心流露着感激之情。	Her heart flowed with gratitude.
846323	随意多吃点洋芋片吧。	Help yourself to more potato chips.
846349	我已经完成了这项工作。	I have already finished the job.
846366	他扮演哈姆雷特的角色。	He played the part of Hamlet.
846387	我还没有完成我的作业。	I haven't finished my homework yet.
846425	我向她提出约会的请求。	I asked her for a date.
846429	我免费得到这辆自行车。	I got this bicycle for nothing.
846560	除非我问你，请你不要说话。	Don't speak till spoken to.
846566	他和他的朋友握手。	He shook hands with his friend.
846570	我帮他做他的家庭作业。	I helped him with his homework.
846789	那条船昨天穿过了赤道。	That ship crossed the equator yesterday.
847808	好几间小屋被洪水孤立起来了。	Several cottages have been isolated by the flood water.
847830	我把它忘在车库里了。	I forgot it in the garage.
848190	凯利主持新闻部门。	Kelly carries the news department.
848216	上个月我换了我的地址。	I changed my address last month.
848262	我希望你更加努力地工作。	I want you to work harder.
848434	他在福利办事处上班。	He works at the welfare office.
848440	我从来没有听过她唱歌。	I have never heard her sing.
848448	他对待我就像他的奴隶。	He treats me like his slave.
848532	他寄给我一张生日贺卡。	He sent me a birthday card.
848534	他访问过许多亚洲国家。	He visited many countries in Asia.
848546	他勉强同意了我的建议。	He reluctantly agreed to my proposal.
848552	我听到前门的门铃响了。	I heard the front doorbell ring.
848554	他是个很体贴的人。	He is a very thoughtful person.
848559	我父母在的时候，请你言语注意分寸。	Please keep your language decent while my parents are here.
848574	他的房子在我的对面。	His house is across from mine.
848577	起初我听不懂他说的话。	I couldn't understand him at first.
848580	我无法弯曲我的右手臂。	I can't bend my right arm.
848588	他为一家广告公司工作。	He works for an advertising agency.
848592	他以他祖父的名字被命名。	He was named after his grandfather.
848596	他的儿子被学校开除了。	His son was expelled from school.
848626	他写下这个电话号码了。	He wrote down the telephone number.
848652	我向他解释了这个过程。	I explained the process to him.
848673	他还没有真正去过美国。	He hasn't actually been to America.
848699	她丈夫是个优秀的厨师。	Her husband is an excellent cook.
848701	你的工作进行得怎么样？	How is your work coming along?
848723	我要他提行李箱。	I made him carry the suitcase.
848755	他有时煮晚饭给我们吃。	He sometimes makes dinner for us.
848768	我无法举起我的右手臂。	I can't lift my right arm.
848828	他对我的提议不屑一顾。	He wouldn't look at my proposal.
848965	他必定会觉察到你的错误。	He's bound to notice your mistake.
848969	他很年轻就开始秃头了。	He started going bald quite young.
848971	我觉得这张床相当地舒适。	I found the bed quite comfortable.
848972	你的父母是如何相处的？	How are your parents getting along?
849259	他到名古屋洽谈业务。	He went to Nagoya on business.
849530	一双红筷子破断了。	One pair of red chopsticks broke.
849812	我早餐通常吃得很清淡。	I usually have a light breakfast.
849822	她看到镜子里的自己。	She saw herself in the mirror.
849965	她累得连脚也抬不起来了。	She was so tired that she couldn't walk.
850111	我为一家船运公司工作。	I work for a shipping company.
850117	让我们轮流划船。	Let's take turns rowing the boat.
850120	我的祖父活到了九十岁。	My grandfather lived to be ninety.
850125	我星期天通常穿牛仔裤。	I usually wear jeans on Sunday.
850131	珍想要一个冰淇淋甜筒。	Jane wanted an ice cream cone.
850301	约翰和安彼此互相喜欢。	John and Ann like each other.
850314	刹车出了问题。	Something is wrong with the brakes.
850364	她再次弄坏了烤面包机。	She has broken the toaster again.
850376	我父亲正在清扫车库。	My father is sweeping the garage.
850379	我可以去洗手间吗？	May I go to the bathroom?
850603	她几乎确定会通过测验。	She'll almost certainly pass the test.
850694	我的嗜好是收集旧玩具。	My hobby is collecting old toys.
851430	不，谢谢你。我已经吃饱了。	No, thank you. I've had enough.
851431	今天下午非常炎热。	It was very hot this afternoon.
851475	她小提琴演奏得非常好。	She plays the violin very well.
851503	我受够了他的厚颜无耻。	I've had quite enough of his impudence.
851507	请给我看看便宜一点的。	Show me a cheaper one, please.
851510	我对食物不是很讲究。	I'm not very particular about food.
851656	你可以描述一下当时的处境吗？	Can you describe the situation you were in?
851999	她每天擦拭家具的灰尘。	She dusts the furniture every day.
852161	她确认他是杀人凶手。	She identified him as the murderer.
852173	跑步对你的健康有益。	Running is good for your health.
852179	她以前定期来看我。	She used to visit me regularly.
852186	我会尽力满足你的愿望。	I'll try to meet your wishes.
852195	她希望成为一名设计师。	She hopes to become a designer.
855651	深吸一口气然后屏住气。	Take a breath and hold it.
855656	今天上午很凉爽，不是吗？	It's cool this morning, isn't it?
856397	我可以有张公车的时刻表吗？	May I have a bus schedule?
856605	现在是看樱桃树的期间。	Right now is the time of year to see the cherry blossoms.
857985	我的脚踏车轮胎没气了。	My bicycle has a flat tire.
857991	保罗这几天很用功读书。	Paul studies very hard these days.
857994	珍过了一个很无聊的周末。	Jane had a very boring weekend.
858185	她没有审美感。	She has no sense of beauty.
858237	我的嗜好是收集旧瓶子。	My hobby is collecting old bottles.
858494	凶手承认了自己的犯罪。	The murderer confessed his crime.
858512	损失高达了二百万美元。	The loss amounted to $2,000,000.
858724	我被误认为是推销员。	I was mistaken for a salesman.
858785	黎明时我们必须起床。	We must get up at dawn.
858907	她对你的母亲很熟悉。	She knows your mother very well.
858924	到处都是新建造的楼房。	New buildings are being built here, there and everywhere.
858947	我的老板要我加班。	My boss made me work overtime.
858953	此外，中国人喜欢睡午觉。	What's more, Chinese people like taking naps.
859024	我是在北京学的中文。	It was in Beijing that I studied Chinese.
859108	他是个国际银行的翻译。	He's an interpreter in an international bank.
859192	她聘请他作程式设计师。	She hired him as a programmer.
859223	我走了四分之三英里。	I walked three-fourths of a mile.
859246	杰西鞭策小毛驢前进。	Jessie urged the little donkey forward.
859258	请随手关门。	Please close the door behind you.
860533	我弟弟是个一年级的学生。	My brother is a first-year student.
860703	我的钱包和护照不见了。	My wallet and passport are missing.
860711	她为我们煮了丰盛的一餐。	She cooked us a wonderful meal.
860840	昨天的消息让我感到震惊。	I was shocked by yesterday's news.
860959	我为一家石油公司工作。	I work for an oil company.
861016	她帮我打包我的手提箱。	She helped me pack my suitcase.
861062	杰伊捡起了这把旧剪刀。	Jay picked up the old scissors.
861074	麦克星期一不练习篮球。	Mike doesn't practice basketball on Monday.
861159	价格取决于供给和需求。	Prices depend on supply and demand.
861346	她在她的床上铺了床单。	She put sheets on her bed.
861375	她买了两磅的奶油。	She bought two pounds of butter.
861428	她对被称为懦夫很反感。	She resented being called a coward.
861478	我正在找一份兼职的工作。	I'm looking for a part-time job.
862457	“拜个不够行的师父，很伤脑筋吧？”　“我也很笨，所以没关系。”	"It must bother you to have taken a bad master." "I'm stupid too. So, it's all right."
862610	她使我处于危险的冒险。	She exposed me to dangerous adventures.
862664	他受到严重的虐待。	He was treated with great cruelty.
862680	我希望他们会停止战斗。	I wish they would stop fighting.
862740	我的父亲反对我们的婚姻。	My father objected to our marriage.
862875	她探望了她在监狱里的丈夫。	She visited her husband in prison.
862887	我对他的演说感到失望。	I was disappointed with his speech.
862891	吉姆为他的女朋友疯狂。	Jim is crazy about his girlfriend.
863317	他无能为力，只好放弃计划	He could do nothing but give up his plan against his will.
863328	他在心里反复思量这件事。	He turned over the matter in his mind.
863808	她沉迷于摇滚乐。	She is absorbed in rock music.
863954	她喜欢啤酒胜过葡萄酒。	She prefers beer to wine.
864166	南希，这里有一封你的信。	Nancy, here's a letter for you.
864256	她在玻璃杯里装满了酒。	She filled the glass with wine.
864272	我要一夸脱的牛奶。	I want a quart of milk.
864292	我的嗜好是做模型飞机。	My hobby is making model planes.
864296	我父母给我寄了一张明信片。	My parents sent me a postcard.
864301	她强迫他做这个工作。	She saddled him with the work.
864313	我立刻认出了你的声音。	I recognized your voice right away.
864316	我父亲是个电子工程师。	My father is an electric engineer.
864383	纽约充满着高楼大厦。	New York bristles with towering buildings.
864386	她被安葬在她的家乡。	She was buried in her hometown.
864389	警方拘留了他。	The police held him in custody.
864407	鲍勃无法控制他的愤怒。	Bob could not control his anger.
864450	你能自己搬这张桌子吗?	Can you move this desk by yourself?
864534	他很确信他可以通过考试。	He is sure of passing the examination.
864602	他不满意他现在的工资。	He is not content with his present salary.
865435	你是这栋房子的主人吗？	Are you the owner of this house?
865567	世界每一分钟都在改变。	The world is changing every minute.
865581	火车上有预订的座位吗？	Are there reserved seats on the train?
866752	她把脏盘子放进水池里。	She put the dirty dishes in the sink.
866757	她有一颗纯洁的心。	She has a clean heart.
867604	创新创新本身就提升了创新。	Creating creativity itself is improving creativity.
867608	这种问题该有补救办法。	This type of problem should be able to be solved.
867898	她的眼神里充满了悲哀。	Her eyes were full of sadness.
867901	她的眼神里充满了悲伤。	Her eyes were full of sadness.
867908	我时而乐观，时而悲观。	I am by turns an optimist and a pessimist.
867947	他的女儿能背诵很多诗。	His daughter is able to recite a lot of poems.
868085	这本书受到学生的欢迎。	This book is popular with students.
868280	溪水流进这个池塘里。	The stream flows into the pond.
868340	狐狸是一种野生动物。	A fox is a wild animal.
868345	我今天总共买了十本书。	Today, I bought ten books in all.
868397	他们两年前搬到了这里。	They moved here two years ago.
868431	我可以再喝一杯啤酒吗？	Could I have another glass of beer?
868477	他们不怕艰苦的工作。	They're not afraid of hard work.
868485	她跟你说了什么悄悄话？	What did she whisper to you?
869858	这首曲子叫什么名字？	What's the name of this tune?
869862	士兵们准备好要战斗了。	The soldiers are ready for battle.
869877	庄的派对像是个追悼会。	Trang's party was like a wake.
869882	你什么时候练习弹钢琴？	When do you practice the piano?
869891	骇客们找到渗透私人或公共网络的新方法。	Hackers find new ways of infiltrating private or public networks.
869906	这个数据一点也不准确。	This data isn't accurate at all.
869908	这些花有一种独特的气味。	These flowers have a unique smell.
869943	一个老人在树荫下休息。	An old man was resting in the shade of the tree.
869953	你为什么不跟他跳舞呢？	Why didn't you dance with him?
870062	麻烦让我再看看菜单好吗？	Can I have the menu again, please?
870063	你们的队伍比我们的强。	Your team is stronger than ours.
870070	你曾经梦想在天空飞翔吗？	Do you ever dream about flying through the sky?
870139	这个计划彻底的失败了。	The project was a complete failure.
870159	我们误以为他是美国人。	We mistook him for an American.
870181	下一场表演在几点钟？	What time is the next performance?
870390	汤姆为这个礼物感谢我。	Tom thanked me for the gift.
871086	我们试着和他们妥协。	We tried to compromise with them.
871097	今天的汇率是多少？	What is the exchange rate today?
871172	这场比赛可能将被取消。	The game will probably be canceled.
871209	我们想再来一瓶葡萄酒。	We'd like another bottle of wine.
871223	你应该拒绝他的提议的。	You should have refused his offer.
872111	你知道中野小姐几岁吗？	Do you know how old Miss Nakano is?
872119	你说不定知道他的名字？	Do you happen to know his name?
872129	警察拘捕了这个窃贼。	The police officers arrested the burglar.
872133	我对他的勇气感到惊讶。	I was amazed at his courage.
872147	这位老人家非常仁慈。	The old man is very kind.
872149	一窝黄蜂袭击了孩子们。	A swarm of hornets attacked the children.
872156	您应遵循你老师的建议。	You should follow your teacher's advice.
872160	你的第二颗鈕扣快掉了。	Your second button is coming off.
872163	给我一个枕头和毛毯好吗？	Could I have a pillow and blanket?
872222	这班火车会准时出发吗？	Will the train leave on time?
872380	请你把胡椒递给我好吗?	Could you please pass me the pepper?
872387	哇! 好久不见了。	Wow! It's been a long time.
872401	火箭发射进入太空。	The rocket was launched into space.
872405	警方没有发现任何线索。	The police didn't find any clues.
872417	你去看艺术展览了吗？	Did you go to the art exhibition?
872422	我们在体育馆打篮球。	We played basketball in the gym.
872434	这栋房子属于我的叔叔。	This house belongs to my uncle.
872442	我们选择了约翰当队长。	We chose John to be captain.
872477	为这美好的晚餐谢谢你。	Thank you for the wonderful dinner.
872482	比尔一如往常上学迟到。	Bill was late for school as usual.
872495	你的飞机什么时候起飞？	What time does your plane leave?
873199	这架飞机飞越了这座山。	The plane flew over the mountain.
873208	你有零钱换一元美金吗？	Do you have change for a dollar?
873228	这牛奶放到明天会坏的。	This milk won't keep till tomorrow.
873292	海豚是一种哺乳动物。	A dolphin is a kind of mammal.
873305	你的体重增加了，不是吗？	You've put on weight, haven't you?
873308	每条规则都有例外。	There are exceptions to every rule.
873443	在一些国家，叛国罪的惩罚可以是终身监禁。	In some countries, the punishment for treason can be life in prison.
873470	也许我可以给你七分钟。	I can probably give you seven minutes.
874180	吉姆有时与他的妻子意见分歧。	Jim sometimes has disagreements with his wife.
874193	红色，相对于绿色，是危险的标志。	Red, as opposed to green, is a sign of danger.
874224	这场战争持续了将近十年。	The war lasted nearly ten years.
874290	我们彼此认识没有很久。	We haven't known each other long.
874294	众所周知，直到上个世纪中叶日本是一个封建国家。	It is well known that up to the middle of the last century Japan was a feudal state.
874352	您不能使用这台洗衣机。	You can't use this washing machine.
874359	这栋建筑物有七层楼高。	The building is seven stories high.
874373	那个节目现在正在播出。	That program is now being broadcast.
874393	你家对面的房子是谁的?	Whose house is across from yours?
874430	这部电影值得再看一遍。	This movie is worth seeing again.
874488	这张书桌是专门为儿童设计的。	This desk is designed for children.
874501	敌人在夜间攻击了我们。	The enemy attacked us at night.
874700	我们上周参观了博物馆。	We visited the museum last week.
874711	他们宣布了暴风雨即将来临。	They announced that a storm was coming.
874731	你应该参加这个会议的。	You should have attended the meeting.
874733	他们总是在冬天去滑雪。	They always go skiing in winter.
874977	他杀了他，以为他父亲的死报仇。	He killed him to avenge his dead father.
875041	这名士兵在黑暗中保持戒备。	The soldier kept a sharp lookout in the darkness.
875084	哪个比较重，铅还是黄金？	Which is heavier, lead or gold?
875096	你必须事先预约。	You have to make a reservation.
875097	卡罗非常用功，亨利也是。	Carol studies very hard. So does Henry.
875126	这辆车超越了我。	The car overtook me.
875128	辞职是人生的第一课。	Resignation is the first lesson of life.
875259	这顿饭让他充饑解饿了。	The meal satisfied his hunger.
875283	他看起来有点累，不是吗？	He looks a bit tired, doesn't he?
875308	他有抱负，所以他很努力工作。	He has ambition, so he works hard.
875356	他问我是否喜欢中国菜。	He asked if I liked Chinese food.
875395	五年太漫长而无法等待。	Five years is too long to wait.
875397	他设法及时到达那里了。	He managed to get there in time.
876188	这条小路沿着陡峭的斜坡蜿蜒而上。	The path zigzagged up the steep slope.
876341	蜿蜒的小路爬上了陡坡。	The path zigzagged up the steep slope.
876370	他以为自己很了不起。	He thinks he's so great.
876374	中国与蒙古隔着万里长城。	China and Mongolia are separated by the Great Wall of China.
876558	他们之间隔着很远的距离。	They are separated by a great distance.
876567	广东与广西之间隔着什么？	What separates Guangdong from Guangxi?
876680	这是个作用强烈的药。	This medicine has a strong effect.
876696	我被我的祖母抚养长大。	I was brought up by my grandmother.
876781	我肯定他的小弟弟很小。	I'm sure his brother is very young.
876932	他在一次车祸中受伤了。	He was hurt in a car accident.
877598	他因为下雪所以迟到了。	He was late because of the snow.
878771	可是我完全不觉得怪啊。	But I don't think it's strange at all.
879141	他这个星期一直很忙碌。	He has been very busy this week.
879155	他带她出去兜风了。	He took her out for a drive.
879168	长途步行后我觉得饿了。	I felt hungry after the long walk.
880399	我把我的新钢笔搞丢了。	I have lost my new fountain pen.
880924	我希望事情并非如此。	I hope that is not the case.
881061	我并不想伤害他的感情。	I don't want to hurt his feelings.
881064	我不知道如何对待孩子。	I don't know how to handle children.
881076	每个人都希望他当选州长。	Everybody wished he had been elected governor.
881080	我好一阵子没看到你了。	I haven't seen you for a while.
881087	我去年上了一堂艺术课。	I took an art class last year.
881109	我为我的家人拍了照片。	I took a picture of my family.
881232	他扔一块石头到池塘里。	He threw a stone into the pond.
881251	我不了解他所说的事情。	I couldn't understand anything that he said.
881266	她的生日宴会将在明天晚上。	Her birthday party will be tomorrow evening.
881298	他翘着二郎腿坐在那里。	He sat there with his legs crossed.
881519	这个签证的有效期限是多久?	How long is this visa good for?
881727	这些主张没有科学的根据。	There is no scientific basis for these claims.
881739	他试着统一不同的团体。	He tried to unify the various groups.
881759	我竖起了耳朵听。	I pricked up my ears.
881841	现在父亲在他的办公室已经得到了一个上级的地位。	Father has now got a superior position in his office.
881851	真理不需要繁复的言语。	Truth does not need many words.
881865	他用他的雨伞当作武器。	He used his umbrella as a weapon.
881908	我与我的弟弟相处融洽。	I get along with my younger brother.
882028	阿尔卑斯山地跨欧洲八国。	The Alps extend across eight European countries.
883034	我不能忍受那种政治家。	I can't stand that kind of politician.
883035	他愿意为别人工作。	He was willing to work for others.
883278	他想成为一名网球选手。	He wants to be a tennis player.
883292	我试着仔细地听他说话。	I tried to listen to him carefully.
883298	不要在阳光下逗留太久。	Don't stay in the sun too long.
883299	我通常骑自行车去上学。	I usually go to school by bicycle.
883492	我必须找一份兼职工作。	I have to find a part-time job.
884169	他从昨晚开始就生病了。	He has been sick since last night.
884181	我觉得我的名誉受到了威胁。	I felt that my honor was at stake.
884214	修饰名词的东西（形容词，或形容词相等语）。	Things that modify nouns (adjective, or adjectival equivalent).
884232	她像白雪公主一样漂亮。	She is as beautiful as Snow White.
884584	他们拆掉了一部分墙。	They knocked down a part of the wall.
884600	他默默地看着我。	He watches me quietly.
884654	我想要独立完成工作。	I'd like to finish the work on my own.
884682	每天都是神圣的一天。	Every day is a sacred day.
884691	请接受我对您今天的成功最诚挚的祝贺。	Please accept my sincere congratulations on your success today.
884702	巫术在原始社会扮演重要角色。	Magic plays an important part in primitive society.
884871	他年纪够大可以了解它。	He is old enough to understand it.
885364	这是三十年代以来最干旱的六月。	This has been the driest six months in thirty years.
885373	我们知道人皆难免一死。	We know that all men are mortal.
885380	我认识一位史密斯先生。	I know a guy named Smith.
885410	他常常载我去兜风。	He often takes me for a drive.
885538	他摔断了椅子当柴火。	He broke up the chair for firewood.
885823	这孩子有水痘的症状。	The child has a case of chicken pox.
886140	警方将很快到达现场。	The police will soon arrive on the scene.
886528	他幻想自己是个天才。	He had the illusion that he was a genius.
886591	应该为这些花遮挡风雨。	These flowers should be sheltered from the rain.
886595	雨断断续续地下了一整天。	It rained on and off all day.
886602	行动比语言更响亮。	Actions speak louder than words.
887677	他有很多独到的见解。	He has a lot of original ideas.
887709	他给了我们开始的信号。	He gave us the signal to begin.
887781	他累了，但是他继续工作。	He was tired, but he kept working.
887805	我被交通堵塞耽搁了。	I was delayed by a traffic jam.
887810	我不喜欢他讲话的样子。	I don't like the way he talks.
887853	听起来像是我恋爱了吗？	Does it sound like I'm in love?
887881	他不会继续去上研究所。	He won't go on to graduate school.
887890	我同意你对于税的意见。	I agree with your opinion about taxes.
887902	快点，否则你会错过公车。	Hurry up, or you'll miss the bus.
888049	我期待他提供一些帮助。	I expected him to offer some help.
888422	这个看法可能是正确的。	Maybe this opinion is correct.
889107	他被他的叔叔抚养长大。	He was brought up by his uncle.
889114	他同意帮助这位老太太。	He consented to help the old lady.
889119	他把一个包裹挟在腋下。	He held a package under his arm.
889138	我想呼吸一下新鲜空气。	I want to breathe some fresh air.
889148	我期待着您的再次光临。	I look forward to your next visit.
889160	我给他带来了很多麻烦。	I caused him a lot of trouble.
889169	我不想做任何冒险的事。	I don't want to do anything risky.
889180	我对他的问题感到非常迷惑。	I was terribly confused by his question.
889181	他被迫在文件上签字。	He was forced to sign the document.
889183	我想最好还是保持沉默。	I thought it best to remain silent.
889215	我哥哥经常熬夜看小说。	My brother would often stay up all night reading novels.
889251	在江户时代赏月的宴会非常受欢迎。	In the Edo period, moon-viewing parties were very popular.
889319	苍蝇和蚊子干扰了他的冥想。	Flies and mosquitoes interfered with his meditation.
889355	他的头撞到了一块岩石。	He hit his head against a rock.
889576	他在学校的表现很好。	He is doing very well at school.
889631	她说的话让我觉得很尴尬。	I was embarrassed by what she said.
890484	让我向你介绍我的母亲。	Let me introduce my mother to you.
890514	我太太刚刚清理了桌子。	My wife has just cleared the table.
890599	保罗用手从头发间梳过。	Paul ran his hand through his hair.
890612	你不必这么辛苦地工作。	You don't have to work so hard.
890622	你务必要好好地休息。	Make sure you get plenty of rest.
890947	请留神看着我的手提箱。	Please keep an eye on my suitcase.
890971	劳拉很讲究她的服装。	Laura is very particular about her clothes.
891016	我的父亲在晚饭前洗澡。	My father takes a bath before supper.
891034	她把窗帘挂在窗户上。	She hung a curtain over the window.
891056	迈克是他家里最年轻的。	Mike is the youngest in his family.
891065	我怕她可能得了腮腺炎。	I'm afraid she may have the mumps.
891138	让我们在戏院前面碰面。	Let's meet in front of the theater.
891171	木须肉是我的拿手菜。	Mu shu pork is my speciality.
891322	肯似乎是一个亲切的人。	Ken seems to be a friendly person.
891328	她养一只鸚鵡作为宠物。	She keeps a parrot as a pet.
891742	我宁愿走路胜过搭公车。	I'd rather walk than take a bus.
891953	牛奶变质了。	The milk has gone bad.
891967	杰西正在烧开水来冲咖啡。	Jessie is boiling water to make coffee.
891983	我不知道确切的日期。	I'm not sure of the exact date.
892443	溜冰是我的嗜好之一。	Skating is one of my hobbies.
892452	他的店总是挤满了顾客。	His store is always crowded with customers.
892456	他责备了我的粗心大意。	He reproached me for carelessness.
892469	这辆卡车从青森运输新鲜食品到东京。	This truck transports fresh food from Aomori to Tokyo.
892494	这是值得探讨的话题。	The topic is worth discussing.
893018	他们甚至不知道为什么。	They don't even know why.
893036	她在钢琴上弹了一首曲子。	She played a tune on the piano.
893175	我现在可以来看看你吗？	May I come and see you now?
893322	但愿我能买一辆摩托车。	I wish I could buy a motorcycle.
893343	她帮我清除积雪。	She helped me to clear snow away.
893353	我宁可不要单独去那里。	I would rather not go there alone.
893359	这座火山又开始活动了。	The volcano has become active again.
893368	我可以用旅行支票支付吗？	May I pay with a travelers' check?
893501	我反对任何形式的战争。	I'm opposed to any type of war.
893510	麦克上周做了牙齿检查。	Mike had his teeth checked last week.
893998	他有任何复原的机会吗？	Is there any chance that he'll recover?
894000	要是你告诉过我就好了。	I wish you had told me that.
894001	她把日历挂在墙上了。	She hung the calendar on the wall.
894062	她急忙地清扫了她的房间。	She cleaned her room in a hurry.
894135	鲸是被公认为最大的哺乳动物。	The whale is well known to be the largest mammal.
894221	差不多是就寝的时间了。	It's almost time to go to bed.
894233	其中一个孩子让门开着。	One of the children left the door open.
894235	约翰和瑪丽上周分手了。	John and Mary broke up last week.
894283	她用拳头拍了桌子。	She banged the table with her fist.
894289	贤治的英语说得很流利。	Kenji is a good speaker of English.
894328	你不能来真是太糟糕了。	It's too bad that you couldn't come.
894350	用手指别人是不礼貌的。	It's not polite to point at others.
894378	把钱保存在安全的地方。	Keep the money in a safe place.
894382	把书放回它原来的地方。	Put the book back where it was.
894384	她急忙带着好消息跑回家。	She rushed home with the good news.
894425	我在找一间出租的房间。	I'm looking for a room for rent.
894427	要是你能在那里就好了。	I wish you could have been there.
894433	肯似乎得了严重的感冒。	Ken seems to have a terrible cold.
894434	我在亚平宁山脉看到了狼。	I saw wolves in the Appennines.
894945	我很遗憾你要离开这里。	I'm sorry that you are leaving here.
895057	她告诉我们道路被封闭了。	She told us the road was closed.
895132	我们总算准时到那里了。	We managed to get there on time.
895139	这条路对汽车来说太窄了。	The road is too narrow for cars.
895159	女人往往比男人活得更长。	Women tend to live longer than men.
895163	现在东京当地时间是几点钟？	What's the local time in Tokyo now?
895592	警察因酒后驾驶逮捕了他。	The policeman arrested him for drunken driving.
895599	把电视关掉。我无法专心。	Turn off the television. I can't concentrate.
895602	这个男人被警察拘留了。	The man was held in police custody.
895630	在花园里的玫瑰正盛开着。	The roses in the garden are blooming.
895647	我们很节省地旅行。	We are traveling on a tight budget.
895652	我们用少的预算旅行。	We are traveling on a tight budget.
895715	这是简体字。	This is simplified Chinese.
895729	我们在学校前面见面了。	We met in front of the school.
895732	你应该以安全速度驾驶。	You should drive at a safe speed.
895773	那些钱足够支付费用。	That's enough money to cover the expenses.
896374	你应该喝大量的液体。	You should drink a lot of liquid.
896381	你不能在沼泽地上建造建筑物。	You can't build buildings on swampy land.
896647	用你的橡皮擦把这些字擦掉。	Rub out these words with your eraser.
896674	你会参加这个仪式吗?	Will you take part in the ceremony?
897263	老师在礼堂把学生们集合起来。	The teacher assembled the students in the hall.
897272	摇篮里学的带到坟墓。	What is learned in the cradle is carried to the tomb.
897292	所有的牛奶都洒出去了。	All of the milk was spilled.
897470	三的立方是二十七。	3 cubed is 27.
898922	梅格买了一罐西红柿。	Meg bought a can of tomatoes.
899106	我的爱好不但广泛而且有用。	My hobbies are not only wide-ranging but also useful.
899126	我经常上网看英文和中文的博客。	I often read English and Chinese blogs online.
899333	这是繁体字。	This is in Traditional Chinese characters.
899514	今年下的雪比以往少。	We have less snow than usual.
899608	一些司机笑的笑，喊的喊。	Some of the drivers were laughing and yelling.
899615	每个人有自己的特长。	Every man has his own strong points.
899980	学校离我家有五公里远。	The school is five kilometers from my home.
899994	煤和天然气是天然燃料。	Coal and natural gas are natural fuels.
900007	汤姆的葬礼订在这周末。	Tom's funeral will be this weekend.
900250	天空几乎每天是晴朗的。	The sky is clear almost every day.
900255	这药对我没有任何好处。	The medicine didn't do me any good.
900352	这个老人拄着一根拐杖走路。	The old man walked with a stick.
900538	中国历史比日本历史更悠久。	The history of China is older than that of Japan.
900677	我们期望今年丰收。	We're expecting a good harvest this year.
900682	你介意我移动你的车吗？	Would you mind my moving your car?
900685	我们聊到凌晨两点。	We talked until two in the morning.
900762	我把成语全部还给老师了。	I gave all of the Chinese proverbs back to the teacher.
901952	日本政府无法管理问题。	The Japanese government can't cope with the problem.
902030	他的秘书好像了解真相。	His secretary seems to know the truth.
902811	总而言之，生命是很短的。	In a word, life is short.
902934	世界上的石油快用完了。	The world is running out of oil.
902949	癌细胞已经扩散到她的胃。	The cancer has spread to her stomach.
902969	这个价格不包含这个箱子。	The price does not include the box.
903043	联合航空公司办理登机手续的柜台在哪里？	Where is the United Airlines check-in counter?
903164	他最擅长的科目是数学。	Mathematics is his best subject.
903626	这附近有一个军事基地。	There is a military base near here.
903634	他们看起来好像要哭了。	They looked as if they would cry.
903645	你可以把这个保留给自己。	You can keep this one for yourself.
903772	牠们正面临绝种的危机。	They are in danger of extinction.
903778	他的行为和他的信念背道而驰。	His behavior is contrary to his belief.
904863	每个人都佩服他的勇气。	Everyone admired his courage.
905090	这艘船会在傍晚出发去英国。	The boat is to leave for England this evening.
905816	他去世的消息传遍各地。	The news of his death spread around.
905839	这个箱子太重了无法携带。	The box is too heavy to carry.
905895	这个大约跟那个一样大。	This is about as large as that.
905985	我们不必参加那场会议。	We don't need to attend that meeting.
907215	这栋房子的周围有籬笆。	There is a fence around the house.
907217	他们为什么否决了你的建议呢？	Why did they turn down your proposal?
907248	屋顶被暴风雨损坏了。	The roof was damaged by the storm.
907323	这是镇上最便宜的商店。	This is the cheapest store in town.
907339	我们准时到达了办公室。	We arrived at the office on time.
907489	你用我的眼镜做了什么?	What did you do with my glasses?
907508	洪水造成了很大的损害。	The flood caused a lot of damage.
907544	今年的天气一直异常。	The weather has been unusual this year.
907546	你有一个紧急的讯息。	There is an urgent message for you.
908306	她偶尔有忧郁的心情。	She sometimes goes into a mood of depression.
908342	你的租金迟交了一个月。	You're a month behind in your rent.
908343	因为他有野心，他很努力地工作。	Since he has ambitions, he works hard.
908527	我们提出了请求支持的呼吁。	We made an appeal for support.
908533	我为一本书写了内容提要。	I made an abstract of a book.
909453	他用浅显的英语演讲。	He made a speech in plain English.
909864	他已经成为了棒球队员。	He has made the baseball team.
912637	他的观点是合理的。	His argument is rational.
915630	所以，友情也是幸福的一个要素。	So friendship is also a requirement for happiness.
916598	皇帝的生日在星期日。	The Emperor's Birthday fell on Sunday.
917819	戏法人人会变，各有巧妙不同。	Everyone's tricks are different; each differs in ingenious ways.
918020	他们把他埋葬在教堂旁的墓园。	They buried him in the graveyard by the church.
918041	我负担不起打网球的费用。	I can't afford to play tennis.
918099	你的行为已经冒犯了他的尊严。	Your action has offended his dignity.
918428	学生们崇拜新的英语老师。	The students adore the new English teacher.
918456	你什么时候看见过冰雹吗？	Have you ever seen it hail?
918514	咖啡不能引起我的兴趣。	Coffee does not arouse my interest.
918539	许多卫星绕着土星运行。	Many moons orbit around Saturn.
918540	月光在照耀着。	The moon is shining.
918659	没有她的帮忙我也能做。	I can do it without her help.
918661	没有你的帮忙我也能做。	I can do it without your help.
918665	想像力是一切文明的根源。	Imagination is the root of all civilization.
919632	敞开你的心扉。	Open up your mind.
919639	我走进了房间与他握手。	I entered the room and shook hands with him.
919661	我借由听音乐来鼓舞我自己。	I cheered myself up by listening to music.
919667	对不起，航班已经客满了。	Sorry, the flight is already full.
919693	他打算从头开始重新审查这个案件。	He intended to reexamine the case from the beginning.
919731	我可以向你推荐这本书。	I can recommend this book to you.
919857	上帝赐予我健康的身体。	I am blessed with good health.
919858	我很幸运有健康的身体。	I am blessed with good health.
919865	警方将把你关在监狱里。	The police will put you in prison.
919890	这个角度会过于狭窄。	The angle would be too narrow.
919907	广告慫恿我们买奢侈品。	Advertisements urge us to buy luxuries.
919942	乔治被骗买了这块土地。	George was tricked into buying the land.
920112	我取消了我旅馆的预订。	I canceled my hotel reservation.
920115	我想去美术馆胜过去电影院。	I would rather go to the art museum than to the movie theater.
920833	时装不是我的天分。	Fashion is not my specialty.
922365	他在学校老是被人欺负。	He always gets bullied at school.
925668	你最喜欢哪一个绕口令？	What's your favorite tongue twister?
926808	对于他的工作我很满意。	I am pleased with his work.
926842	我问了他许多关于生态环境的问题。	I asked him many questions about ecology.
931053	我父亲对古代历史有兴趣。	My father is interested in ancient history.
933954	不要轻视了对手。	Don't hold your rival cheap.
933957	我有一本关于钓鱼的书。	I have a book about fishing.
934179	我妥善保管原版拷贝。	I keep the master copy under lock and key.
934188	保险箱的钥匙在我这儿。	I have the key to the safe.
934197	太阳系是银河系中一个小的天体系统。	The solar system is a small celestial system in the Milky Way.
934497	她是一个性格坚强的女人。	She's a woman of strong character.
937642	你记得你父亲的生日吗？	Do you remember your father's birthday?
938274	工会参加了示威游行吗？	Did the union participate in the demonstration?
939899	这个人是您的奴隶，是吧？	This person is your slave, right?
939913	顾客们已经开始来了。	The customers have started to come.
941094	我预料会有麻烦。	I anticipate that there will be trouble.
941159	我不禁欣赏他的才华。	I can't help admiring his talent.
941385	他倒霉极了。	He is shit out of luck.
941710	政治迫害开始了。	The witch hunt has begun.
943182	马、狮、犬、羊：这些是动物。	Horse, lion, dog, goat: these are animals.
948002	你用哪一个浏览器？	What browser are you using?
948006	你最喜欢哪一个网络浏览器？	What's your favorite web browser?
955378	部落成员沿着河岸定居了。	Members of that tribe settled along the river.
955381	公安人员把小偷抓住了。	The policeman arrested the thief.
956003	我建议让我们结束会议。	I suggested that we bring the meeting to an end.
958213	我从马来西亚来的妈妈觉得那三匹马马马虎虎。	My mother from Malaysia thinks that those three horses are so-so.
970191	你不该玩弄他的感情。	You should not trifle with his feelings.
993751	小孩常常对科学很有热情。	Young children are often fascinated by science.
996461	没有什么比早泄更糟蹋生活的了	There is no greater insult to life than premature ejaculation.
1015627	至于你信不信，由你，我反正信了。	Whether you believe it or not, I believe it.
1016606	这就是他失败的原因了。	That's the cause of his failure.
1019879	五和三的总和是八。	The sum of 5 and 3 is 8.
1019938	这个小孩身体很烫。	The child's body felt feverish.
1019959	她从来不穿绿色的衣服。	She never wears green.
1020163	你能帮我找我的钥匙吗？	Would you help me look for my keys?
1020174	我的哥哥比我大两岁，但他却比我矮三厘米。	My brother is two years older than I, but he is three centimeters shorter.
1020686	她摸黑摸不到灯的开关。	She groped for the light switch in the dark.
1021011	他不停顿地说了十分钟。	He spoke for ten minutes without a pause.
1036570	加注释使代码更易读。	Adding comments makes the code easier to read.
1045387	给我谈谈你未来的计划。	Tell me about your program for the future.
1047372	只有一家商店卖这本书。	Only one store carries this book.
1058170	这个菜很对胃口。	This dish is tasty.
1059461	你不能在电视上骂粗口。	You can't say four-letter words on TV.
1064524	他录了一个纪录片给我。	He recorded a documentary and gave it to me.
1066665	用法语，很少会遗漏主语。	In French, you can rarely omit the subject.
1067176	他很肯定可以达到目标。	He is sure to accomplish his purpose.
1067293	我习惯辛勤努力地工作。	I am accustomed to working hard.
1069132	有钱的话，我会多去旅游。	If I were rich, I would travel a lot.
1069784	今年中秋节是星期一吗？	Does the mid-autumn festival fall on Monday this year?
1073081	看来我们得打包了。	I think we need a doggy bag.
1074525	父亲示意我离开房间。	Father gestured to me to leave the room.
1082812	找一个好男人比中彩票还要难。	Finding a decent man is more difficult than winning a lottery.
1085614	昨天突然传出了两间公司合并的消息。	The news of the merger of the two companies broke yesterday.
1097583	你最近有没有和他联络？	Have you been in contact with him recently?
1100846	这种表达方式很中国化。	This expression is very Chinese.
1102172	你中文真好，都能引用俗语了。	Your Chinese is so good, you can quote proverbs.
1112715	他可能已经迷失了。	He might have lost his way.
1112770	新的沙发跟窗帘挺合衬。	The new sofa goes with the curtains.
1112842	这个世界是灿烂的吗？	Is it splendid, this world?
1127106	她轻而易举的就把诗背熟了。	She had no difficulty in learning the poem by heart.
1133131	这个药很得力。	This medicine is very effective.
1134566	法国年轻人也谈政治吗？	Do young French people talk about politics too?
1134652	精确性在数学中很重要。	Precision is important in math.
1144530	许多鸟儿高高地飞翔在天空中	Many birds fly high in the sky.
1148247	他们永远不会取得一致意见。	They will never agree.
1151858	对不起，我并不想对你发火。	Sorry, I didn't mean to snap at you.
1169923	我没出息。	I have no future.
1173001	我跟我朋友常常去酒吧。	My friends and I often go to the bar.
1173208	我吃了炒饭，也喝了啤酒。	I ate fried rice and drank some beer.
1173432	在这里有人会说汉语吗？	Can anyone here speak Mandarin?
1175838	她很烦人，而且很自私。	She's annoying and selfish.
1176034	我要麻婆豆腐，还有两碗米饭。	I'd like mapo tofu, and two bowls of rice.
1177017	天空突然变得乌云密布。	Suddenly, the clouds darkened the sky.
1178153	你的弟弟真是个奇妙的人。	What a marvelous person your brother is!
1178236	你有出国过吗？譬如说，美国？	Have you visited foreign countries, say America?
1178847	我会帮你买菜，打扫，以及做晚餐。	I'll do your shopping, clean up the house, and cook your dinner for you.
1184101	她穿着一件厚外套以防止冷。	She was wearing a thick coat against the chill.
1186884	他走后，我们都很想念他。	We've really been missing him since he left.
1192611	他在策划部工作。	He works in the planning section.
1205886	您怎样看日本的经济呢？	What do you think of Japan's economy?
1205891	您不应该信任这样的人。	You shouldn't trust people like this.
1208496	成瘾和过度是两回事。	Getting addicted to something and having too much of something are two different things.
1208523	网络是一个相通的渠道，而不是物质或具体的活动。	It’s a communication medium, not a substance or specific activity.
1208525	这个好像说一个人上瘾了“交通”，“艺术”或“政治”。	It’s like saying that someone is addicted to “transport”, “art” or “politics”.
1214429	以前有人以为火星上有智能生物。	It was once thought that there was intelligent life on Mars.
1214446	查出了抽烟对身体不好。	It has been found that smoking is bad for your health.
1214747	没有共产党就没有新中国	There would be no New China without the communist party.
1216064	我姥姥只喝了点儿汤。	My grandma just drank a bit of soup.
1216113	我男朋友还没有去过长城。	My boyfriend still hasn't been to the Great Wall.
1216117	一共有十多个学生。	There are about ten to twenty students in total.
1216144	请多关照！	Please treat me kindly.
1218237	那个小姐刚才说粗话啊？	Did that lady just swear?
1218294	罐头里没有砂糖了。	There is no sugar left in the pot.
1221041	他给这本书正面的评价。	His comments about the book were favorable.
1221044	我要来检查你的视力。	I'll check your vision.
1221450	他虽然年轻却很值得信赖。	He might be young but he's trustworthy.
1223762	那可怜的孩子快饿死了。	The poor child was on the verge of starvation.
1223810	我在鱼上洒盐和胡椒作调味。	I seasoned the fish with salt and pepper.
1225662	他们在这次的投资中得到百分之八的收益。	They obtained a yield of 8 percent on their investment.
1227061	你没有干涉他人事务的权力。	You have no right to interfere in other people's affairs.
1228439	他睡得像个宝贝似的。	He's sleeping like a baby.
1228964	你不应该屈服在诱惑之下。	You must not yield to temptation.
1229016	我和她交往几个月了。	I've been going out with her for months.
1231595	他们常在这儿打羽毛球。	They play badminton here often.
1233205	自从我认识她的时候，我就恨她。	From the moment that I met her, I hated her.
1235501	他因车祸受了重伤的消息让我震惊万分。	I am very much surprised to hear that he got badly injured in a motorcar accident.
1235599	她骑摩托车的技术不错！	She rides a motorcycle well.
1235645	我每天都帮我妈做家务。	I help my mother with the housework every day.
1235651	你不要自甘堕落。	You don't have to kick yourself.
1237604	猎人在田野追兔子	The hunter chases the rabbit in the fields.
1238193	汤姆这人确实很有意思。	Tom certainly is an interesting person.
1238320	参观所有观光胜地累坏了我。	Visiting all the tourist sights really wore me out.
1238324	观光客被独特的景致所吸引。	The tourists were fascinated with the exquisite scenery.
1238372	这场生意正面临着赤字。	The business is in the red.
1239327	我将建筑称作被冻结的音乐。	I call architecture frozen music.
1239333	这条隧道是那条的两倍长。	This tunnel is twice as long as that one.
1240252	我喜欢有幽默感的人。	I like people with a sense of humour.
1241897	如果没有了音乐，这个世界一定会变得十分枯燥乏味。	If not for music, the world would be a dull place.
1241913	其实那个演员已经结婚了。	To tell the truth, that actor is married.
1242095	瘦的男人杀死了胖的男人。	The thin man killed the fat man.
1244803	十年是一段漫长的岁月。	Ten years is a really long period of time.
1245078	渡渡鸟是已灭绝的动物。	The dodo is an extinct animal.
1249802	学生有清扫教室的责任。	It is the students' duty to clean their classrooms.
1250601	瑞士人消耗不少啤酒。	The Swiss consume a large amount of beer.
1250637	火山灰阻碍航运。	Volcanic ash disrupted air travel.
1251547	全世界无产者，联合起来！	Workers of the world, unite!
1257049	洗甲水的味道很难闻。	Nail polish remover stinks a lot.
1261463	这锅墩汤闻起来真美味。	The stew smells delicious.
1261466	这个系统有些明显的缺陷。	This system has obvious defects.
1269267	一本好书在手，我们不必孤单。	With a good book in your hands you need never feel lonely.
1269913	那是一个十分传统的仪式。	It was a very traditional ceremony.
1270575	我在对抗睡魔。	I fought against sleep.
1270586	警察小心翼翼地抬起箱子。	The policeman lifted the box carefully.
1272208	细节成就伟大的想法。	Great thoughts are created through intricate details.
1275232	我们还没吃完这个西瓜。	We haven't finished eating the watermelon yet.
1284197	你曾是一宗司法案件的证人？	Have you ever served as a witness in a court case?
1284198	这种行为可能造成意外。	Such behavior can cause an accident.
1296641	他的办公室离车站很近。	His office is near the train station.
1298065	我很羡慕你现在的生活。	I'm really jealous of your life right now.
1298616	那份工作挺有趣味，而且薪金也不错。	The job is interesting, and then again, the pay is good.
1298618	他把我当成陌生人来看待。	He treats me as if I am a stranger.
1300407	这只手机实在是太贵了。	This cell phone is really expensive.
1312466	在公共场所请控制自己不要吸烟。	Please refrain from smoking in public places.
1313982	土壤被雨水冲走了。	The rain washed away the soil.
1314355	这里的天气有独一无二的特点。	The weather here has its own unique characteristics.
1314422	据我所知，事情很顺利。	As far as I'm concerned, things are going well.
1314449	他把天花板刷成了蓝色。	He painted the ceiling blue.
1315032	关于这个我几乎没什么概念。	I know almost nothing about it.
1316081	令人震惊的场面让他吓得发抖。	The terrible scene made him tremble in fear.
1316087	恐怖的场面让了他颤抖。	The terrible scene made him shudder.
1317002	我好奇耳垂有什么作用。	I wonder what ear lobes are for.
1317014	我为这家报社工作四年了。	I have been working for this newspaper for 4 years.
1323320	我很喜欢你为人设想的性格。	I love how you think of other people's needs before your own.
1323334	办公桌的抽屉是开着的。	The desk drawer is open.
1323972	如果你抓紧，你还能赶上火车。	If you hurry you can still make the train.
1324139	货车的载货量超过了三吨。	The load of the truck was in excess of three tons.
1324897	今年的时尚潮流完全不同于去年。	This year's fashions are completely different from last year's.
1324904	细菌微小到无法用肉眼看到。	Bacteria are so small that they cannot be seen with the naked eye.
1325210	你的歌声像太平洋的海水一样清澈。	You sing with a voice as clear as the waters of the Pacific Ocean.
1325230	他对她很体贴。	He's very nice with her.
1326316	罪犯没有放人质们走。	The criminal didn't let the hostages go.
1326634	新鲜出炉的蛋撻味道一流。	Egg tarts, when freshly baked, are a real delicacy.
1327456	她不断在房间里走来走去。	She kept walking about the room.
1328039	我们之间肯定有误会。	There must be some misunderstanding between us.
1328163	这个电子仪器肯定在运输途中损坏了。	This electrical device must have been damaged during delivery.
1328210	他保证过会来却没有来。	He promised to come, but he didn't come.
1328640	我找不到我女朋友的阴蒂。	I can't find my girlfriend's clitoris.
1329330	不要半途而废。	Once you have begun to do something, never give up.
1330043	她降低了收音机的音量。	She turned down the radio.
1335292	猪肉，牛肉，鸡蛋我都不吃。	I don't eat pork, beef or eggs.
1335448	他还没有傻到相信这个故事的地步。	He is not such a fool as to believe that story.
1343228	把蕃茄沙拉放进冰箱里。	Put the tomato salad in the refrigerator.
1350119	他强调了教育的重要性。	He placed emphasis on the importance of education.
1355246	德语是综合语。	German is a synthetic language.
1358453	我被这情景吓到了。	I was frightened by the sight.
1360021	他是多傻的一个男孩啊！	What a stupid boy he is!
1360030	士兵们占领了这个建筑。	The soldiers occupied the building.
1361772	他的运气迟早会用尽的。	Sooner or later, his luck will run out.
1361952	展览现在已经开放。	The exhibition is now open.
1361954	他的头撞倒了一块岩石。	He hit his head against a rock.
1361977	他们并不总是服从父母。	They don't always obey their parents.
1361982	他病了，所以脸色显得苍白。	He's pale because he's sick.
1361990	我的寂寞是一条蛇。	My loneliness is a snake.
1365909	爸爸可以吹出很多烟圈。	Dad can blow many smoke rings.
1366181	他早就知道自己不会赢。	He knew he could not win.
1366198	他们为祖国而战斗。	They fight for their country.
1370617	海龟的寿命很长。	Sea turtles have a long lifespan.
1372497	汤姆在超市偶遇玛丽。	Tom happened to meet Mary at the supermarket.
1394838	这个岛屿位于日本的西边。	The island lies to the west of Japan.
1394839	会议将在下周日召开。	The meeting will take place next Sunday.
1394844	我的母亲只是默默地哭泣。	My mother did nothing but weep.
1394846	她想方设法以一己之力完成了工作。	She managed to finish the work on her own.
1394849	他把屋子重新装修了。	He made over the interior of his house.
1394851	别为玛丽犯的错责备汤姆。	Don't blame Tom for what Mary did.
1394852	你不能指望他们的帮助。	You can't count on their help.
1394854	他为什么在躲藏？	Why is he hiding?
1394859	那幢房子看起来被遗弃了。	That house appears deserted.
1394863	蜜蜂在花丛中飞行。	Bees are flying among the flowers.
1394864	他们在黎明前控制住了火势。	It was before dawn that they got the fire under control.
1394883	出国的人数一直在增加。	The number of people who go abroad has been increasing.
1394890	她虚弱的样子让我捏了一把汗。	It worried me that she looked pale.
1394895	我们的身体会对我们的感情做出反应。	Our bodies respond to our feelings.
1394908	没有愿望是最大的障碍。	Having no will is the worst handicap.
1394913	汤姆明白生存的代价。	Tom understands what it takes to survive.
1394928	巴西的首都是巴西利亚。	The capital of Brazil is Brasilia.
1394965	在她家，泔水被喂给猪吃。	In her home, kitchen garbage was fed to the pigs.
1395013	我们全力以赴来完成工作。	We went all out to get the job done.
1395050	往立体声音响上放一枚唱片。	Put a record on the stereo.
1395074	这些苹果看起来很新鲜。	These apples look very fresh.
1395077	他完全丧失了责任心。	He has completely lost all sense of duty.
1397013	每个人都感到悲观。	Everyone feels pessimistic.
1397014	他帮我打到一辆出租车。	He found me a taxi.
1397029	华盛顿的樱花现在开放。	Cherry trees are now in bloom in Washington.
1397031	他的急脾气迟早会惹祸上身。	His quick temper will get him in trouble one day.
1397034	他是个极其自私自利的人。	He is a lump of selfishness.
1397037	他后悔自己的挥金如土。	He regrets his having wasted his money.
1397066	我在推测他可能赢得比赛。	I am speculating that he may win the game.
1397077	我至始至终都在支持你。	I have supported you throughout.
1397099	这些东西构成了一顿营养均衡的饭。	These things constitute a balanced meal.
1397100	这些点都是病毒集中的地方。	All those dots are viral focuses.
1397106	打扰一下，超市现在营业吗？	Excuse me. Is the supermarket open?
1397112	军队占领了整片领土。	The armed forces occupied the entire territory.
1397130	我们的老板就连给我们涨一点工资都舍不得。	Our boss begrudged us even a small raise in pay.
1397133	他为了惹恼我故意犯错。	He made mistakes on purpose to annoy me.
1397145	加水，和成一个结实的面团。	Add water and mix to a firm dough.
1397324	他够大方，借了我一点钱。	He was kind enough to lend me some money.
1397325	他朝着大狗扔了块石头。	He threw a stone at the big dog.
1397356	他感染了旅行者的痢疾。	He caught the traveler's diarrhea.
1398667	汤姆帮瑪莉的忙，不是出于责任，而是出于自愿。	Tom helps Mary because he wants to, not because he has to.
1399363	核战争将会为人类带来灭亡。	A nuclear war will bring about the destruction of mankind.
1399637	感谢您的指导！	I am very grateful to you for your advice.
1399732	你是我的理想情人。	You're the girl of my dreams.
1399762	他不想被当成孩子看待。	He objects to being treated like a child.
1399778	我们应该好好照顾父母。	We should look after our parents.
1400873	这方案听起来不错。	That sounds like a fairly good proposal.
1400905	汤姆无须钱财也能享受。	Tom doesn't need money to have a good time.
1401778	这些照片总是让我想起昔日时光。	These pictures always remind me of the old days.
1401789	没汽油了。	We ran out of gas.
1404363	孩子学钢琴要具备哪些条件？	What are the prerequisites for a child to learn the piano?
1404370	汤姆买彩票赢了一万元。	Tom won $10,000 in the lottery.
1404400	人们有关心种族问题。	People are concerned about racial problems.
1404409	他向女王鞠躬。	He bowed to the Queen.
1405381	我打算明年去美国留学。	I intend to study abroad in America next year.
1405442	汤姆说他同情玛丽。	Tom said that he felt sorry for Mary.
1406427	怎么用路由器限制网速？	How can a router be used to limit network speed?
1406482	我向往着和她一起看那部电影.	I'm looking forward to seeing the film with her.
1406484	我当你的担保人.	I will be your guarantor.
1406853	他们每星期天举行朝拜.	They worship every Sunday.
1406855	玫瑰的芬芳弥漫了整个房间.	The smell of roses filled the room.
1407999	我忍不住取笑他的发型。	I could not help laughing at his haircut.
1408009	你真是不可思议。	You are fantastic.
1408025	我今天在学校被嘲笑了。	I was laughed at in school today.
1408038	玛丽宣布和汤姆订婚。	Mary announced her engagement to Tom.
1408044	随着通货膨胀的发展美元贬值了。	The value of the dollar declines as the rate of inflation rises.
1408067	他就是所谓的活字典。	He is what we call a walking dictionary.
1408080	这个地区的人工作很勤奋。	Everyone around the area works hard.
1408104	人们普遍认为悬挂式滑翔运动是危险的。	There is a tendency for people to think that hang gliding is dangerous.
1408330	那国家的气候很严峻。	That country has a severe climate.
1408353	我想呆在家多过钓鱼。	I prefer staying at home to going fishing.
1409119	税收就是合法的抢劫。	Taxes are just legal robbery.
1409152	可以耽误你一点时间吗?	Do you have a minute?
1409346	暴力是社会的癌症。	Violence is the cancer of our society.
1409353	快乐存在于过去和未来，唯独不存在于现在。	Pleasure is always in the past or in the future, never in the present.
1409364	我们分散开来并在树林中展开搜索。	We spread out and began to search through the woods.
1413678	他的演讲让我很无聊。	His speech bored me.
1413679	在这么嘈杂的环境中无法学习。	One cannot study in such noise.
1415756	春天是我最喜爱的季节。	Spring is my favorite season.
1415803	因为风暴，他们晚到了。	They arrived late because of the storm.
1415890	太神奇了。	It's amazing.
1416056	我想复习英语。	I would like to brush up my English.
1416159	女孩凝视着洋娃娃。	The girl was gazing at the doll.
1416251	他被他的邻居们愚弄了。	He was made a fool of by his neighbors.
1416261	天气允许，我明天就开始。	Weather permitting, I'll start tomorrow.
1417549	他在火旁烘干他的湿衣服。	He dried his wet clothes by the fire.
1417579	我工作是为了攒大学学费。	I am working to save for my college tuition.
1419915	她把他从烂泥中拽出来了。	She pulled him out of the mud.
1423366	你得要更注意拼字和标点符号。	You must be more careful about spelling and punctuation.
1423367	她注视着一个不明飞行物，哑口无言。	She stared at a UFO in silence.
1423371	他对古董很有鉴赏力。	He has an eye for antiques.
1423376	他们认为他是太阳之子。	They thought he was the son of the Sun.
1424177	阅读带给我巨大的快乐。	Reading gives me great pleasure.
1424209	他让步了.	He gave in.
1424223	我们因为那件事嘲笑他。	We ridiculed him because of that thing.
1424257	你有两种选择，汤，或沙拉。	You have the choice of soup or salad.
1424272	杭州是一个美丽的城市。	Hangzhou is a beautiful city.
1424412	除了水果，他什么都没吃。	Apart from some fruit, he hasn't eaten anything.
1426344	为什么你的耳朵这么大？	Why are your ears so big?
1426349	水梨在这家工厂进行装罐。	Nashi are tinned in this factory.
1426433	我不知道乡愁的滋味。	I don't know what it is to be homesick.
1426456	这是在浪费时间和金钱。	It's a waste of time and money.
1426551	这两张图片之间有细致的差异。	There are subtle differences between the two pictures.
1426555	图片的背景是一座城堡。	There is a castle in the background of the picture.
1426560	请在建筑的入口处等我。	Please wait for me at the entrance of the building.
1428130	细致地选择一本书。	Choose a book carefully.
1428134	她或许知道我们在这儿。	She might know that we are here.
1428154	我当然希望这是一个梦。	I sure hope this is a dream.
1438336	稍微冷点儿不要紧。	I don't care if it's a bit cold.
1438387	不要流露你的感情。	Don't let your feelings show.
1438389	我会向你展示怎样捕鱼。	I'll show you how to catch fish.
1438466	他有许多不愉快的经历。	He's had many unhappy experiences.
1438476	当然我接受了他的支援请求。	Of course I accepted his offer of support.
1438728	于是我停止阅读。	So I stopped reading.
1445948	咖啡自动贩卖机是坏的。	Coffee vending machines are bad.
1446795	我发觉男孩儿酣然入睡了。	I found the boy fast asleep.
1446807	我必须不惜一切代价帮助她。	I must help her at any cost.
1446878	我扔了块石头打向鸟儿。	I threw a stone at the bird.
1446898	我为你充当导游。	I'll act as a guide for you.
1447670	我每天早上在公园写作。	In the morning, I write in the park.
1448906	灯笼在树枝上吊着。	The lamp was suspended from the branch of a tree.
1448908	为何大声喧嚷？	Why are you speaking loudly?
1448910	不止你， 连我也被牵连了。	Not only you but also I was involved.
1450166	我起初以为他是你哥哥。	At first, I thought he was your brother.
1450467	我迫切需要冷饮。	I am dying for a cold drink.
1450478	他完成了他的使命。	He accomplished his mission.
1452251	懂得用电脑是一种优势。	It is an advantage to be able to use a computer.
1452383	他很享受他的校园生活。	He is enjoying his school life.
1454424	这款游戏基于一本小说。	This game is based on a novel.
1454458	他似乎无法理解那首诗。	He can't seem to understand that poem.
1454462	你一共花了多少钱？	What is the total amount of money you spent?
1454464	撒哈拉沙漠广袤无垠。	The Sahara is a vast desert.
1454465	他相信我们中间有间谍。	He believes there is a spy among us.
1468435	我校校长很老了。	Our school's principal is very old.
1468443	过度的谦逊就是骄傲。	Too much humility is pride.
1471141	宇宙无穷无尽。	The universe is endless.
1471503	甚至在夏天，这里都很冷。	It's cold here even in summer.
1471512	学习新的知识令人愉悦。	Learning new information can make people happy.
1474141	我讨厌我的衣服有烟味。	I hate it when my clothes smell of smoke.
1476760	人不要怕穷，要穷中立志.	One should not be scared of poverty, and instead, be determined amidst it.
1477279	相关关系不导致因果关系。	Correlation does not imply causation.
1485257	他背叛了我们的信赖。	He abused our trust.
1485510	请把枕头和毯子拿给我。	Please take the pillow and blanket and give them to me.
1489486	我不能每天去看望你。	I can't visit you every day.
1489522	他们今晚看了电视连续剧。	They have watched TV serials this evening.
1489800	瑞士的键盘没有「ß」这个符号。	The Swiss keyboard doesn't have a ß.
1490469	她恰巧知道他的地址。	She fortunately knows his address.
1490523	传说彭祖是天帝的孙子。	It is said that Peng Zu was the grandson of a celestial emperor.
1494009	和其他公司一样，我们得向前看，规划好未来。	Like any company, we've got to look ahead and plan for the future.
1501684	明明签订了互不侵犯条约，竟然还来攻击我们。	They still attacked us, despite clearly agreeing to sign the non-aggression pact.
1501723	这就是发现尸体的房间。	This is the room where the body was found.
1501746	他的画被悬挂在墙上。	His pictures were hung on the wall.
1501760	委员会一个月召开两次。	The committee meets twice a month.
1502443	我很钦佩他的慷慨大方。	I had great admiration for his generosity.
1502737	不思就说等于无的放矢。	Speaking without thinking is like shooting without looking.
1504989	那很可笑。	That will be funny.
1510776	这个小镇不大,可是很热闹.	This village isn't big, but it's quite lively.
1513430	守宫砂是中国古代用来验证女人贞操的方法.	Shougongsha is an old Chinese technique to test a woman's virginity.
1516177	他养成了熬夜的习惯。	He fell into the habit of keeping late hours.
1516206	汤姆急着想在波士顿住下。	Tom is eager to live in Boston.
1516209	请务必确认门是锁着的。	Please make sure that the door is locked.
1516213	要申请的话，你得亲自去。	In order to apply, you have to go in person.
1516218	她被他迷得神魂颠倒。	She's completely crazy about him.
1516223	火车在快到交叉路口的时候减速、按喇叭。	The train slowed and blared its horn as it approached the railway crossing.
1516234	少年犯罪最近一直在增长。	Juvenile crimes have been increasing recently.
1516239	他们选他做俱乐部主席。	They made him the chairman of a club.
1516244	说句实话，他真的尽力了。	In all fairness, he did do his best.
1517477	她说她黄昏之前必须回来。	She said that she had to be back before dawn.
1517489	这份工作没什么挑战性。	I don't get enough challenge in this job.
1517491	她给他做了个按摩。	She gave him a massage.
1517497	我把我的意图告诉了我父母。	I made known my intentions to my parents.
1517736	爬山是锻炼的好方法。	It's good exercise to climb hills.
1517779	这条规定不许例外。	This rule allows no exception.
1524458	反正你想来天津玩跟我说。	In any case, just tell me if you want to come to Tianjin for a vacation.
1529520	总共有五十个人。	There were fifty persons in all.
1529525	我被她对别人的爱心所感动。	I was moved by her love for other people.
1529529	在法国，你在大使馆工作还是领事馆？	In France did you work at the embassy or in the consulate?
1529534	你的想法很有建设性。	Your opinion is very constructive.
1530428	他坦率地提出了自己的看法	He frankly expressed his own view.
1531627	麦根沙士被视为一种经典的美式碳酸饮品。	Root beer is considered a classic American carbonated soft drink.
1532097	如果你不计较太多，生活会更容易些。	Life would be so much better if you didn't care so much.
1535272	我最喜爱朱古力的味道。	My favorite flavor is chocolate.
1535288	例如，这是一支笔。	For example, this is a pen.
1541783	她穿的衣服总是很朴素。	She always dresses very simply.
1541784	她习惯了勤俭的生活	She is used to living a hardworking and frugal life.
1541790	你留在这儿，其余的人去外面	You stay here. Everyone else go outside.
1542001	我们过着十分平凡的生活。	We lead a very ordinary life.
1545675	不，谢谢。我不需要塑料袋。	No thank you, I don't need a plastic bag.
1551887	有些药品会对身体产生危害。	Some medicines can be harmful to the body.
1551891	牛是一种反刍类的哺乳动物。	Ruminants are a group of mammals.
1553723	我想不起那首歌的旋律。	I can't remember the melody of that song.
1555128	「这张椅子是谁的？」「是我的。」	"Whose chair is this?" "It is mine."
1565682	他是一位有前途的学生。	He is a promising student.
1565683	尽管受到暴君的迫害，英雄还顽强地斗争。	In spite of the tyrant’s persecution, the hero valiantly carried on the struggle.
1565703	我们对史密斯先生杰出的，给人启发的讲话表示感激。	We express our gratitude for Mr Smith's outstanding, challenging speech.
1565710	把水加热不改变它的化学成分。	Heating water does not change its chemical composition.
1565720	尽管我恳切地要求，他们还是拒绝跟我说话。	They refused to talk to me in spite of my earnest request.
1565725	他的论文总结了电脑，人造卫星和火箭三个的新成就。	His thesis summed up the new achievements made in computers, artificial satellites and rockets.
1565731	显然没有人有新的建议。	It is clear that no one has anything new to suggest.
1567747	她是幼儿园里的保育员。	She is a child-care worker in a kindergarten.
1567748	横街的那端有一个幼儿园。	There is a kindergarten at the other end of the street.
1567751	幼儿园里，老师正在带领小朋友们嘻戏。	The teachers are playing games with students in the kindergarten.
1567762	人美在宿舍等着学友呢。	Renmei is waiting for Xueyou in the dorm.
1567828	他的看法似乎太乐观了。	His view seems to be too optimistic.
1570034	这台显微镜能把物体放大一百倍。	This microscope magnifies objects by 100 times.
1570835	乌兰巴托是蒙古的首都。	Ulaanbaatar is the capital of Mongolia.
1572689	一个人并不等于孤独。	Loneliness and being alone are not the same thing.
1573219	证实她顺利地过渡入皇室组织，有帮于消除这些焦虑。	Her smooth entry into the ranks of the royal family will help to dispel these fears.
1573262	我没力气说话了。	I no longer have the energy to talk.
1573327	这位建筑师显然是一位无微不至的建筑师。	You can see that the architect paid scrupulous attention to detail.
1574160	汤姆感到十分寂寞。	Tom felt very lonely.
1574175	他总是在挑剔别人的毛病。	He is always finding fault with others.
1575784	不要把皮肤长时间暴露在阳光里。	Skin shouldn't be exposed to sunlight for too long.
1577183	侵略者注定要被打败。	The aggressors are bound to be defeated.
1577185	他们受到了热情的欢迎。	They were given a hearty welcome.
1577200	机械力代替人力, 这是蒸汽机发明的结果。	The result of the invention of the steam engine was that human power was replaced by mechanical power.
1577369	变化太小，察觉不出来。	The change is too small to be observed.
1578935	池塘里漂浮着零星的几片落叶。	A few fragments of dead leaves floated on the pond.
1582762	我不是诗人，无法用一行文字描绘它的美丽。	I'm not a poet; I couldn't write a single line to depict its beauty.
1582772	这个活塞不接触汽缸盖。	The piston does not come into contact with the cylinder cover.
1583538	我们队是这次乒乓球比赛得标的热门队。	Our team is seeded in the ping-pong competition.
1583540	中国乒乓球队进行了一个月的封闭式冬训。	The China National Table Tennis Team had a month's closed training in winter.
1584121	他这样粗鲁，该棒打几下。	He deserves six of the best for being so rude.
1584513	汤姆很喜欢尝试新事物。	Tom likes trying out new things.
1585879	人收入愈高，欲望就愈大。	Men's wants become greater in proportion to the increase in their income.
1587617	不要把这些资料泄露出去。	Keep this information under your hat.
1590758	我到处找你，但却找不到你。	I looked for you everywhere and didn't find you.
1597377	在收获季节里农民非常忙碌。	Farmers are very busy during the harvest.
1602364	一根鱼刺卡在我嗓子里了。	A fish bone has stuck in my throat.
1602410	我每天早晨吃一碗麦片粥。	Every morning I eat a bowl of oatmeal.
1602434	中餐常有米饭或面条。	There's often rice or pasta for lunch.
1605888	值得庆幸的是他双亲性情非常温和。	It's lucky that his parents are so equable.
1616652	我想解决这个问题，可是白费功夫。	I tried in vain to deal with the problem.
1618930	她用毛巾把头发抹干了。	She wiped her wet hair with a towel.
1627286	我能破译这个箱子的密码。	I can crack the password of this box.
1634440	约翰国际象棋下得很好。	John is good at chess.
1635908	不用，谢谢。不需要塑料袋。	No thank you, I don't need a plastic bag.
1636168	喂，赶快把那些球传回来。	Hey, get those balls back quickly.
1637772	别用怨恨的眼神看我啦。	Stop giving me such a venomous look.
1637796	真伤脑筋。	It really is a headache.
1639597	旅馆里面有纪念品商店吗?	Is there a souvenir shop in the hotel?
1646874	哇、你在干什么啊？	Wow, what are you doing?
1659167	对动物来说这不是什么残酷的事情。	When it comes to animals, this can't be considered as being something cruel.
1659792	他把感冒传染给我了。	He gave his cold to me.
1665568	环境完全对我们有利。	Circumstances are entirely favorable to us.
1665745	那习俗已经不再盛行了。	That tradition has fallen into desuetude.
1667237	暂时藏在仓库里好了。	Hide it inside the warehouse for now.
1670014	啊，吃点心的时间到了。	Ahhh, it's snack time.
1670124	没错！这是很正经的事！	No worries! This is good enough!
1672008	他本应该成为一个律师。	He should have been a lawyer.
1672212	翻译是一门学问。	Translation is a scholarly discipline.
1672239	选择太多导致无法选择。	Excessive choice results in the inability to choose.
1691794	成千上万的人死于瘟疫。	Thousands upon thousands have died from the epidemic.
1692330	这只老鼠是死还是活的？	Is the rat alive or dead?
1694988	昨晚，烟花厂发生了爆炸。	Yesterday, an explosion occurred at the fireworks factory.
1695405	一百年被叫做一个世纪。	One hundred years is called a century.
1699011	在看考试卷前，我有话要说。	Before we look at these test papers, I have something to say.
1700074	中国幅员辽阔,因而茶的品种繁多。	China's territory is vast, thus the types of tea vary.
1702813	说好要瞪眼比赛的呀！	I said we're doing a staring contest!
1702851	大家都在空地集合开会。	Everyone gathered together in the open space to meet.
1704331	他在对什么大发雷霆啊？	What is he so angry about?
1706454	我在兵库县立大学学习。	I'm studying at the University of Hyogo.
1706499	秋天是我最喜爱的季节。	Autumn is my favorite season.
1718780	我想我会一辈子单身。	I guess I'm never going to get married.
1719665	如果你不会说英语，你就很难得到一个好的职位。	You're much less likely to get a good position if you don't speak English.
1721862	这家公司在石油行业排名第二。	This firm ranks second in the oil trade.
1733231	他几乎从来都不会生气。	He almost never gets angry.
1735519	一棵大树在风暴中倒下了。	A big tree has fallen in the storm.
1735524	她持有与我不同的观点。	She has a view that is different from mine.
1735622	她的衣着不合我的口味。	Her dress is not to my taste.
1735628	大自然在我们的生活中扮演着重要的角色。	Nature plays an important role in our life.
1735641	我无法遏制住我的怒火。	I couldn't contain my anger.
1736070	学好一门外语需要坚韧不拔的毅力。	Mastering a foreign language involves a lot of patience.
1737865	水果一般不久就会腐烂。	Fruits tend to rot quickly.
1737894	招聘服务员。	Waiter needed.
1737909	我们想修改学校的规章制度。	We want to modify the regulations of our school.
1738287	我错过了奥运会的开幕式。	I missed the opening ceremony of the Olympics.
1742518	在麻醉剂的作用下，他昏了过去。	He lost consciousness under the influence of the anesthetic.
1743522	我还从来都没有写过简历呢！	I still haven't ever written a resumé!
1743568	不，直到现在她都没有恋爱过。	No, until now she has never fallen in love.
1743571	请把他所说的记录下来。	Please write down what he says.
1746023	这里曾是黑斯廷斯战役的战场。	This is the place where the battle of Hastings took place.
1746031	汤姆不习惯光着脚漫步。	Tom isn't accustomed to walking barefooted.
1746045	她缺乏常识。	She is lacking in common sense.
1746046	他缺乏常识。	He is lacking in common sense.
1746077	中国大陆的沿海城市普遍比内陆城市发达。	Chinese coastal cities are generally more developed than the inland ones.
1746082	防止山火，人人有责。	The prevention of forest fires is everyone's responsibility.
1746095	我听不懂同学说的粤语。	I cannot understand my school mate's Cantonese.
1746196	学生们在探讨语言和文化。	The students are talking about language and culture.
1749191	进入地球大气层后，小行星分裂成了无数的小块。	The asteroid broke up into small pieces as it entered Earth's atmosphere.
1749194	生活就像是舔仙人掌上的蜂蜜。	Life is like licking honey off a cactus.
1749264	迄今，一切妥当。	So far, so good.
1750348	这些裤子我穿起来很合身。	These pants fit me well.
1750410	学习物理能够改变思维。	Learning physics can change your way of thinking.
1750546	中国小孩特别擅长数学。	Chinese children are especially good at maths.
1750554	我最讨厌背诵课文了。	What I hate most of all is having to recite texts from memory.
1752450	说话就如过眼云烟，文字却能流传千古。	Words fly, texts remain.
1754873	小草间的对话不要得罪大树。	In conversation among the small grasses, do not offend the big tree.
1759602	他家后面有小溪，清可见底。	Behind his house is a stream so clear that you can see the bottom of it.
1762809	你煮饭用天然气还是电力？	Do you cook by gas or electricity?
1763159	我的笔记本是粉色的。	My notebook is pink.
1766099	这是违背体育精神的行为！	This is unsportsmanlike behavior!
1766113	起床了，太阳晒屁股了。	Get up. It's late.
1766130	他是个慢性子。	He is a slowcoach.
1766222	玩笑而已，不要太认真了。	Just kidding, don't be so serious.
1768155	你应该向他征求意见。	You ought to ask him for advice.
1772669	我改了一下我的网站的布局。	I've changed my website's layout.
1775442	你们需要重新启动电脑。	You need to reboot your computer.
1776568	这是一笔不错的交易。	It's a good deal.
1776707	你为什么要和经理争论？	Why are you arguing with the manager?
1776725	向雷锋同志学习。	Learn from Comrade Lei Feng.
1776771	我正在开发一个安卓应用。	I'm developing an Android application.
1777929	我不喜欢她说话的态度。	I don't like the way she speaks.
1778278	我想撤回我之前的陈述。	I would like to retract my previous statement.
1779210	我给她展示了我的房间。	I showed her my room.
1780741	唉呀！我差点忘记了！	Oh, no! I almost forgot!
1780764	你必须得学标准英语。	You have to learn standard English.
1781979	进一步的检查发现头骨受到剧烈的撞击而碎裂。	Another step forward revealed that the skull had received violent impact and disintegrated.
1783845	她侮辱了他。	She insulted him.
1783896	他的评论简洁且击中要害。	His comment was concise and to the point.
1785939	你能辨别小麦和大麦吗？	Can you tell wheat from barley?
1785951	汤姆和玛丽在打沙滩排球。	Tom and Mary are playing beach volleyball.
1785994	我认为这个事实很重要。	The fact is, I think, very important.
1788020	坏孩子们喜欢虐待动物。	Bad children love to torment animals.
1788023	再折磨他也没用，他不会招供的。	There's no point in torturing him, he isn't going to confess.
1788075	番茄是蔬菜而不是水果。	The tomato is a vegetable, not a fruit.
1788118	他的鼻子看起来像土豆。	His nose looks like a potato.
1789223	步行是有利于健康的运动。	Walking is a healthy form of exercise.
1790086	爷爷叼着烟管跟我说话。	Grandfather talked to me with a pipe in his mouth.
1807194	其实我还是觉得好浪漫哦。	Actually I find it quite romantic.
1830203	投资者把他客户的资金窃取了.	The investor stole the capital of his client.
1834265	我不会写繁体字，但我可以读。	I cannot write traditional characters, but I am fine reading them.
1834906	资产盈利能力或一些其他的价值，它们的主人。	Assets have earning power or some other value to their owner.
1839175	你可以利用他的图书馆。	You may make use of his library.
1855068	这一切在我看来都颇为荒唐。	I think that this is all quite absurd.
1860165	我把充电器的型号记下了。	I've memorized the model number of the charger.
1861206	中国主张钓鱼岛的主权。	China is an advocate for the Diaoyu Islands' sovereignty.
1865254	现在的贷款利率很高。	Interest on loans is high at present.
1870551	我的生日马上就要到了。	My birthday approaches.
1872274	这本书的内容是什么？	What is the book about?
1873022	海滩是一个供孩子们玩乐的理想场所。	The beach is an ideal place for children to play.
1873121	在这个时候，体育世界应当减少犯罪组织的勾结。	The sports world should, at this time, eliminate the collusion with criminal organizations.
1875280	我们之间应该有共同话题。	There should be something for us to talk about.
1878074	这个故事仓促地结了尾。	The story concluded abruptly.
1878226	爸爸因为做生意去了香港。	My father went to Hong Kong on business.
1883541	他被奖励了一块金表。	He received a golden watch as a prize.
1883635	他试图扩大自己的势力范围。	He tried to enlarge his sphere of influence.
1883656	这么拼命工作有什么意义？	What's the sense of working so hard?
1883692	你们要排除万难。	You have to overcome the difficulties.
1884669	他的身体状况每况愈下。	His condition got worse every day.
1884719	我没有领会这个意义。	I don't understand its significance.
1888659	这块布料被熨得很好。	This cloth irons well.
1888733	我不在讨论这个问题的状态。	I am not in a situation to discuss this problem.
1891214	他无非是别人的跟屁虫。	He is only someone's stooge.
1891368	那位帅哥是我们的老师。	That young man is our teacher.
1891622	他必须继承父亲的事业。	He must succeed to his father's business.
1895440	我需要工具来给花园除草。	I need a tool for pulling weeds in my garden.
1898544	计算机产业能够提供相当多的就业岗位。	There are many jobs available in the computer industry.
1899482	你喜欢什么牌子的酸奶？	What's your favorite brand of yogurt?
1901831	我们越等越不耐烦。	The longer we waited, the more impatient we became.
1901833	该国盛产石油。	That country abounds in oil.
1923687	就算下雨，比赛也将照常进行。	Even if it rains, the game will be played.
1926127	这是本有教育意义的书。	This is an instructive book.
1928684	我在街上遇到我的老师。	I greet my teacher on the street.
1929113	未经许可，我不能喝酒。	I'm not allowed to drink alcohol.
1936639	事实上他并不是主管。	He is actually not the manager.
1941105	我厌倦了现在单调的生活。	I am tired of my monotonous life.
1942372	你真的不该用盗版软件。	You really shouldn't use pirated software.
1944176	他很坚强，不会那么容易灰心。	He won't be easily discouraged, because he's a tough guy.
1944870	他的生命受到了威胁。	His life is in danger.
1945933	我们组织了一个专案团队。	We organized a project team.
1946772	老师和学生一样盼望假期。	Not only the student but their teacher is looking forward to holiday.
1946773	能把那玩意儿递给我吗？	Can you pass me that thingamajig?
1946805	人为生而食，非为食而活。	Man eats to live, he does not live to eat.
1946811	台子上有个发霉的面包。	A moldy loaf of bread lay on the table.
1948457	玛雅文明繁荣了多久？	For how long did the Maya culture flourish?
1950547	这个房间里面很暖和。	This room is very warm.
1963387	他怎么否定上帝的存在。	How can he deny God's existence?
1964659	我们得体谅她年轻。	We should take into account she is still young.
1964982	我纯粹只是喜欢交朋友。	I really just want to make friends.
1966667	你今天真的很有生产力。	You are really very productive today.
1977201	他喜欢回顾老录像带。	He likes re-watching the old videotapes.
1977877	当地人可以给予适切的建议。	Local people can give appropriate advice.
1982653	他的威信日渐衰落。	His prestige is fading.
1990184	他迫不及待地想试一下他的新冲浪板。	He couldn't wait to try out his new surfboard.
1990257	她的脸顿时红了。	Her face turned red suddenly.
1992627	你必须把桌子清理干净。	You must clear the table.
1992644	今天你看起来很迷人啊。	You look very charming today.
1992648	你才是自己命运的主人。	You are the master of your own destiny.
1994822	把小孩寄托给奶奶养。	Let Grandma take care of the kid.
1998069	富人有时会看不起穷人。	The rich sometimes despise the poor.
1998070	我为你的卑鄙行径感到羞耻。	I am ashamed of your despicable deed.
1998071	老板多留了我三十分钟。	My boss detained me more than 30 minutes.
2003190	你必须付三个月的房租作为押金。	You have to give three months' rent as a deposit.
2004549	这不是我们的错……大家都是逼不得已才这么做。	It wasn't our fault... We all had to do it.
2004621	双方都有几千人受伤。	Many thousands on both sides had been wounded.
2006590	他说话夹杂着台湾口音。	He spoke with a Taiwanese accent mixed in.
2007049	警察会调查这起案件。	The police will look into the case.
2014981	大伙儿玩得高兴吗？	You guys having fun?
2017436	我无法找到问题的根源。	I can't locate the source of the problem.
2022464	我劝他别老想着啃老。	I advised him to be independent of his parents.
2023315	这是一件全国性的丑闻。	It was a national scandal.
2023693	这是总理住的房子。	This is the house in which the prime minister lives.
2023698	凯特在厨房里做的作业。	Kate did her homework in the kitchen.
2023764	汤姆很不高兴，因为她从来不征求他的意见。	Tom was unhappy because she wouldn't ask him anything.
2023771	汤姆把他揍得满地找牙。	Tom knocked him down.
2024142	汤姆会被他老爸教训的。	Tom will be scolded by his father.
2024196	汤姆发烧了，正躺在床上。	Tom is in bed with a fever.
2025095	河的上游很美。	The upper reaches of the river are very beautiful.
2026011	汤姆比其他人都优秀能干。	Tom is head and shoulders above others.
2027916	这是一个伟大的时刻。	This is a great moment.
2027942	他有权出入美国大使馆。	He has access to the American Embassy.
2027987	该国严禁进口稀有野生动物。	The importation of rare wild animals to this country is strictly prohibited.
2027998	未来飞行员会在虚拟驾驶舱里训练。	The future pilot is trained in a mock cockpit.
2028045	褐煤是一种化石燃料。	Lignite is a fossil fuel.
2029290	门太窄了，这辆车通不过。	The gate is so narrow that the car can't pass through it.
2029294	这座雕像是由樱木雕刻而成。	The statue was carved from a block of cherry wood.
2029322	我这学期几乎没学物理。	I haven't studied physics much all semester.
2029327	他忠实地实行了该计划。	He carried out the scheme faithfully.
2029400	这对双胞胎长得一模一样。	Those twins look like two peas in a pod.
2029437	被告会向上级法院上诉。	The defendant will appeal to a higher court.
2029447	因为他的话，她非常伤心。	She got really sad because of what he said.
2029452	她声调突然变了。	There was a sudden change in her tone.
2029470	比赛前我一直都很紧张。	I always get nervous just before a match.
2030754	富人往往瞧不起穷人。	The rich are apt to look down upon the poor.
2031260	教书是我自己选择的职业。	Teaching is a profession of my own choosing.
2031282	我五年前做了网膜剥离。	I had retinal detachment five years ago.
2031441	该名青年将少女从流氓团伙中救了出来。	The young man saved the girl from a bunch of hoodlums.
2031470	约翰做了个愤怒的动作。	John made an angry gesture.
2031480	讨论最后变成了打架。	The argument ended in a fight.
2031838	丝绸是很珍贵的。	Silk is very precious.
2032208	至于该文件，我在保管。	As for the papers, I have custody of them.
2032235	他晋升为大佐。	He advanced to colonel.
2032264	罗伯特满足于现在的地位。	Robert is content with his present position.
2032295	我向他公司询问了他的经历。	I asked the company for his resume.
2032317	收获稻子时举办节日。	A festival is held at the rice harvest.
2033413	他因滥用公共基金而被捕。	He was arrested for abusing public funds.
2035072	如果你能当心些那就更好了。	If you could be a bit more careful, that would be even better.
2037323	我不想在恐惧中生活。	I don't want to live my life in fear.
2040277	汤姆不知道今天是期限。	Tom didn't know the deadline was today.
2040466	工作越公开，批评就越多。	The more public the work, the more criticism you receive.
2045073	麻由子总是追求完美。	Mayuko always aims for perfection.
2047578	夏天过得咋样啊？	How was your summer?
2047792	他们礼节性地相互打了个招呼。	They exchanged formal greetings.
2047863	他们垄断了原物料供应，并开天价。	They monopolized the supply market and drastically raised prices.
2047869	那个小孩子很没有规矩。	That little kid is quite bratty.
2050940	汤姆上了车，启动了发动机。	Tom got in the car and started the engine.
2051270	去医院要坐哪一路公交？	How can I get to the hospital by bus?
2051364	上周末我爬山去了。	On the weekend, I climbed the mountain.
2052714	他每天都在公园中跑步。	He runs in the park every day.
2054068	请给我一张芝加哥的往返票。	Please give me a round-trip ticket to Chicago.
2054116	我不忍目睹这种残酷的行径。	I cannot abide to see such cruelty.
2055680	周末我在超市打工。	I work part-time at the supermarket on weekends.
2058559	每个人都对囚犯表示同情。	Everybody showed sympathy toward the prisoner.
2058564	聚会已经推迟到了下周二。	The party has been put off until next Tuesday.
2058569	食物和饮料是物质需求。	Food and drink are material needs.
2065330	没有爱的人生没有意义。	Life without love has no meaning.
2076293	他被竞争公司挖去了。	He was hired away by a rival company.
2082971	你知道为什么吗？是猫的缘故。	And you know why? Because of cats.
2092447	这真是一个很善良的愿望。	This is a really kind wish.
2094645	家属对军方的说法高度置疑。	The family was highly doubtful of the statement from the military.
2102713	他不但没帮我，还骂了我。	Not only did he refuse to help me, but also he scolded me.
2105833	妈妈把被单连同床单一起拿去洗了。	Mom took the blanket along with the bedsheet to wash.
2110838	您的假设是根据什么?	What is the basis of your assumptions?
2110847	反动派被人民所推翻。	Reactionary groups were overthrown by the people.
2112340	他把我们弄糊涂了。	He confused us.
2128376	桌子上有个痕迹。	There is a trace on the table.
2135460	你今天去不去健身房？	Are you going to the gym today?
2138426	他的脸因羞耻而变红了。	His face reddened with shame.
2138619	那女孩跟我微笑打招呼。	That girl smiled and waved to me.
2138624	要爱护小动物！	Don't mistreat small animals!
2138635	要留神，他不容易受骗。	Be careful. He's not an easy one to swindle.
2138665	这男孩第一次骑在马上。	This boy is riding a horse for the first time.
2139991	没有玫瑰花是不长刺的。	There is no such thing as a thornless rose.
2141833	市场上到处都很热闹。	There isn't a place in this market that isn't lively.
2143983	我十四岁的时候，父亲死于蛛网膜下出血。	My father died of a subarachnoid hemorrhage when I was fourteen.
2144022	找到了寻找已久的珍本。	I found the rare edition that I've been looking so long for.
2145223	请让我看一下日程安排！	Please show me the schedule.
2145233	我们没有人满意此系统。	Not all of us were satisfied with the system.
2152762	这样辉煌的成绩，是如何取得的？	How can one achieve such brilliant results?
2158928	你的家长原来很爱我们.	Your parents used to really love us.
2165608	别着急，我们马上就来。	Don't worry, we're on our way.
2165985	花代价所换来的一点才智，抵过别人传授的数倍不止。	An ounce of wit that is bought is worse a pound that is taught.
2166008	算帐愈是精确, 友谊愈是坚定。	The more precise the calculations, the stronger the friendship.
2166049	意料之外，收获颇丰。	Unexpectedly, I struck fortune.
2166064	墙上挂着极漂亮的图画。	A very beautiful picture is hanging on the wall.
2174213	我常常访问我的亲戚。	I often visit my relatives.
2177504	他用绷带包扎了伤口。	He wound a bandage around the wound.
2183253	我的手表每天快一分钟。	My watch gains one minute a day.
2188412	这些产品的品质是一样的。	The quality of these products is the same.
2188447	演员的皮肤是化过妆的。	The actress' skin has makeup on it.
2188498	没有太阳，不可能有生命。	There cannot be life without the sun.
2192794	他命令我早点上床睡觉。	He ordered me to go to bed early.
2195285	他曾有一头暗棕色的头发。	He had dark brown hair.
2200447	他们在餐厅里看菜单。	They're at the eatery looking at the menu.
2200452	他在邮局给朋友寄包裹。	He's at the post office sending a package to a friend.
2217159	这家商店人员的态度特好，怪不得顾客也好多。	The staff in this shop are really friendly. It's no wonder they've got so much custom.
2217681	你觉得胸毛是性感的吗？	Do you think that chest hair is sexy?
2218911	这个岛是孩子们的天堂。	The island is a paradise for children.
2221100	溪流潺潺，催我入眠。	The murmur of the brook lulls me to sleep.
2228159	我一天吃了三次黑米粥！	I've had black rice congee thrice in one day!
2228186	重庆是一座丘陵的城市，道路弯弯曲曲的。	Chongqing is a hilly city with winding streets.
2237838	你磨蹭什么呀，快点去吧。	What are you lingering for? Hurry up and go.
2243466	您的行李箱有多重?	How heavy is your suitcase?
2251513	这儿连空气都有辣味儿	Even the air's spicy here.
2254052	汤姆真是特别机灵。	Tom is truly very bright.
2254186	这名乞丐在收集干面包。	The beggar is collecting stale bread.
2254360	我把这个杯子倒满了牛奶	I filled this glass with milk.
2254365	男孩观察了一整天鸟。	The boy observed the birds all day.
2254370	这个女人生了一个女婴。	The woman gave birth to a baby girl.
2254378	估计那就是个笑话吧。	I guess it's only a joke.
2254420	大多数学生都在为期末考试复习。	Most students are preparing for the final exams.
2256386	我们队输了第一场比赛。	Our team lost the first match.
2256415	你的意志力很强。	You've got a lot of willpower.
2257007	他说英语有德国口音。	He speaks English with a German accent.
2257011	你愿意告诉我怎么做吗？	Would you be willing to show me how to do that?
2263259	我在发呆。	I'm out of it.
2271194	不能把牙膏塞回管里。	You can't put toothpaste back in the tube.
2279122	可惜电话占线。	The number is unfortunately busy.
2286080	保守分子不一定是反动分子。	A conservative is not always a reactionary.
2298344	幸好没有发生什么不愉快的事。	Thankfully nothing unfortunate happened.
2298442	能帮我把它包装成礼品吗？	Can you gift-wrap this, please?
2298446	他的性格很消极。	He has a passive character.
2298533	鲁莽的开车容易造成交通事故	Reckless driving can easily lead to an accident.
2298567	要想有良好的人格魅力，必须要有聪慧的头脑。	If you want to have an attractive personality, you need to have a good head on your shoulders.
2299470	孩子们在丛林中迷路了。	The children got lost in the jungle.
2301839	别和这个人打交道。	Don't get involved with that guy.
2306749	你是我最可靠的朋友。	You're the most reliable friend I have.
2307152	希望与现实之间的矛盾，因何而起？	From what stems this contradiction between our hopes and our reality?
2307199	政府的开支有些过头了。	The government's expenditures are a bit excessive.
2307240	人们说，狐狸比其他动物要狡猾。	People say that the fox is more cunning than other animals.
2307429	十年来，他靠父亲的救济生存。	He's been living off his father's financial support for ten years now.
2309573	晚上我们去吃饺子，好吗？	We're going out for dumplings in the evening, all right?
2312182	药物缓解了他的痛苦。	The medicine decreased his pain.
2312261	现在的日本动画片越来越色情了！	Japanese anime these days is becoming more and more like pornography.
2317166	体育场里有很多兴奋的球迷。	There were a lot of excited fans in the stadium.
2318397	这个男孩刀叉用得很好。	This boy is very good at using the knife and fork.
2324979	在这点上他泄露了秘密。	He let out the secret regarding this matter.
2332832	玛丽总是说汤姆不够浪漫。	Mary is always saying that Tom isn't romantic enough.
2333743	汤姆和我之间的秘密被曝光了。	Tom and my secret came to light.
2333756	汤姆看起来很疑惑。	Tom looked puzzled.
2333885	推特就是荒谬的绝佳例子。	Twitter is a good example of absurdity.
2333893	没有你们，就没有这个组织。	This organization cannot exist without you.
2335917	坦白地说，我不喜欢你的发型。	Frankly speaking, I don't like your haircut.
2335949	婴儿被志愿者们照顾着。	The babies are taken care of by volunteers.
2342830	她不仅没责怪他，反而称赞他。	It wasn't just that she didn't blame him - she actually praised the guy.
2348881	她是文艺青年。	She is a young artist.
2349144	它长得很茂盛。	It grew luxuriantly.
2349243	你又皮发痒了，找抽，是吧？	You just can't stand still, huh? What are you, looking for a fight?
2353494	他比您更刻苦。	He's even more hardworking than you are.
2367271	我的邻居是个十足的洁癖。	My neighbor's a real mysophobe.
2367446	直到党委书记出面加以解释，才算打消了这种想法。	Only when the Party Committee Secretary came in person to resolve it was this point of view dispelled entirely.
2367529	中国有中国的特点。	China has Chinese characteristics.
2367540	他一向只关心具体问题。	He was only bothered about concrete questions.
2367550	总部里有另外一种气氛。	There was a different kind of atmosphere in the headquarters.
2367557	对我们来说，最重要的是领会领导意图。	For us, what’s most important is understanding the intention of the leadership.
2367559	工人拿不到基本工资。	The workers didn't get their basic wage.
2367581	太阳一出来，雪就会融化。	The snow will melt when the sun comes out.
2367587	我一得到一大笔钱就捐一部分给慈善机构。	Whenever I get a large sum of money, I donate some of it to charity.
2367631	想起这些，我忍不住要笑。	When I thought of that, I couldn’t help smiling.
2367633	我决定顺便去看望看望他。	I decided to take the opportunity to go and visit him.
2367645	北方的春天送来狂风扫路。	Spring in the north sends gales to sweep the roads.
2368479	我想特别强调这一点。	I want to emphasize this point in particular.
2370676	孩子们都充满了活力。	Children are full of energy.
2370677	他是一个体育爱好者。	He is a lover of sports.
2383149	玛丽喝咖啡不喜欢放糖。	Mary likes her coffee without sugar.
2383499	这个岗位不合适小姑娘。	The job is not suitable for young girls.
2384329	祝今晚首演顺利，成功！	Good luck with tonight's performance!
2386271	天空逐渐明亮了起来。	The sky is getting brighter.
2390038	她们只是胡说八道。	They're just talking shit.
2390191	你愿意加入这个项目吗？	Would you take part in the project?
2392988	她是啃老族。	She's still dependent on her parents.
2393046	手机如同马桶一样被细菌污染。	A cell phone is as contaminated with bacteria as a toilet is.
2393684	她的法语不输给任何人。	She is second to none in French.
2393826	希望我们有机会再合作。	Hope we can do business again someday.
2394350	不由得想起了故乡。	I can never forget my hometown.
2394373	她说的每句话都是事实。	Whatever she says is true.
2394464	汤姆天生就是个运动员。	Tom is a natural athlete.
2394469	培养政治意识要花费时间。	Developing political awareness takes time.
2394575	这个节目变得千篇一律。	This program has become stereotyped.
2394584	所有的观众都站起来鼓掌。	The whole audience got up and started to applaud.
2394799	汤姆出神地一边看着天空一边吸着香烟。	Lost in thought, Tom watched the sky as he smoked a cigarette.
2394825	我们不能愁闷地看着这个城市就这样衰退下去。	We can't just look on dejectedly while this city continues to go into decline.
2394890	虽说是高学历，也未必就有教养。	A good education doesn't imply a good upbringing.
2397081	他不像从前那样精力充沛了。	He isn't as energetic as he once was.
2409695	英特尔公司由那个发明取得着巨大的专利权收入	Intel gets a huge royalty from the invention.
2409714	这个药没有有害的副作用效果。	This medicine doesn't have any harmful side effects.
2410972	我会尽快给你打电话的。	I'll call you as soon as I can.
2411006	他是那个职位最有希望的候选人。	He was the strongest candidate for the position.
2411919	她有咬指甲的习惯。	She has a habit of biting her nails.
2411921	她会尽量按时赶来的。	She will do her best to be here on time.
2411929	昨天的台风把树刮倒了。	The tree had been blown down by the typhoon of the day before.
2411938	他继承了他爸爸的庞大遗产。	He succeeded to his father's large property.
2416132	我在这里总感到约束。	I feel always restricted here.
2422280	我居然忘记了今天有课！	I completely forgot that there was class today!
2431737	形式是暂时的，等级才是永恒的。	Form is temporary, class is permanent.
2431787	一个没有信仰的人是可怕的。	A person without faith is frightening.
2432794	今天下午到我家来一趟。	Come to my house this afternoon.
2437253	我一直这么认为并且坚持。	I've always believed in and insisted on this.
2440609	接下来该怎么做，我完全听从您的吩咐。	I will follow your advice fully from here onwards.
2440616	小明同学管理能力很强。	My classmate, Xiao Ming, has strong managerial capability.
2440695	她的演技堪比专业人士。	Her acting is on the level of a professional.
2440912	鲍勃已无法忍受她老婆的慢性子。	Bob got impatient at his wife's delay.
2442071	人们常说拿在手里没有感觉的东西还是放手的好。	People often say: "If something in your hand no longer feels right, it's better to let it go."
2442133	赞扬比批评更容易让人接受。	People can accept praise more easily than criticism.
2442142	那个团体为难民们提供食品供给。	The organization furnished the refugees with food.
2442146	多数人会犯相同的错误。	Many people make similar mistakes.
2442225	他身负机密使命。	He was charged with a secret mission.
2442249	忍耐是最美的美德。	Patience is the most beautiful virtue.
2444296	水是生命的源泉。	Life cannot exist without water.
2448826	在旅游淡季，机票会很便宜。	When out of tourist season, the tickets will be cheap.
2453078	先下手为强，后下手遭殃。	Get them before they get us.
2454690	他们主要输出的产品是纺织品，尤其以丝绸和绵为主。	Their main exports are textiles, especially silk and cotton.
2454755	不能吃甜食是极其痛苦的事情。	Not being able to eat sweets is an extremely painful thing.
2455632	提交工作内容之前请仔细检查，这里有疏忽的地方。	Edit your work better before you submit it, it's sloppy.
2456036	这没什么大不了的。	It's no big deal.
2456042	我们应该了解相应的规则。	We are supposed to know the rules.
2456079	船的残骸从海底被打捞上来。	The wreckage of the ship was salvaged after it had gone to Davy Jones's locker.
2456088	印刷术是哪年发明的？	In what year was printing invented?
2456618	逃避并不能解决问题。	Avoiding a problem isn't going to help you solve it.
2456628	他们公司的公关团队非常强悍。	Their company's public relations team is very strong.
2474895	总金额达到了两万日元。	The sum came to over 20,000 yen.
2474902	我的额头烧得很烫。	My forehead burned with fever.
2485269	汤姆最近在工作中发挥不太好。	Tom has not been doing very well at work recently.
2511384	那鱼栖息在淡水域中。	That fish lives in fresh water.
2511405	有关癌症成因的研究耗费颇巨。	Research on the causes of cancer is very expensive.
2516527	他竭尽全力地讨好他老婆。	He bent over backward to please his wife.
2516726	我们去一家档次再高点儿的餐厅怎么样？	Shall we go to a little more upscale restaurant?
2518643	今天早晨被头给疼醒了。	I woke up with a headache this morning.
2520860	旗帜是国家象征。	A flag is a national symbol.
2555339	学习是一个循序渐进的过程。	Studying is a step-by-step process.
2561515	我把这封信寄给爷爷了。	I sent this letter to my grandfather.
2567409	因为他认为美剧镜头很血腥，所以他不喜欢看美剧。	Because American dramas are very bloody, he doesn't like watching them.
2567618	在权利斗争中，非友即敌。	In a struggle of power, if you aren't with us, you're against us.
2575652	我们只能滥用善良的。	We can only abuse of things that are good.
2581516	这场谈论即将对污染问题展开讨论。	The talks will deal with the problem of pollution.
2581519	这场谈话将要持续三天。	The talks will last three days.
2581535	这位老师用试验论证了这个想法。	The teacher demonstrated the idea with an experiment.
2581653	不要低估自己的实力。	Don't underestimate your own strength.
2599850	汽车在汽车工厂里生产。	Automobiles are made in factories.
2599865	这家工厂生产汽车配件。	This factory manufactures automobile parts.
2615163	冲动是魔鬼。	Impulsiveness is the devil.
2625982	我会给你些提示。	I'll give you a little tip.
2626332	狮子听从驯兽师的指挥。	The lion followed the trainer's commands.
2629714	他给我一张明信片。	He gave me a postcard.
2633562	他的脸上呈现了愤怒。	Anger showed on his face.
2638764	他死前累积了庞大的财富。	He amassed a large fortune before he died.
2656482	月饼是中国点心的一种。	The mooncake is a kind of Chinese snack.
2665544	我对祖母的记忆很模糊。	I have a dim memory of my grandmother.
2675123	短裙不时髦了。	The short skirt is out of fashion.
2680428	大使馆就在最高法院旁边。	The embassy is located next to the Supreme Court.
2680869	小木屋沐浴在月光之中。	The little cabin was bathed in moonlight.
2690861	这场足球赛充满着激情和精彩的竞争。	This soccer match is full of energetic and splendid competition.
2694370	自信是伟大事业的第一要素。	Self-confidence is the principal element of any great endeavor.
2699608	恐怕这里提法不妥当。	I'm afraid this is an incorrect formulation of the question.
2704934	请多保重身体。	Please take care of your body.
2715470	钢铁是重点产业。	Steel is a key industry.
2737408	要是卖完了，就算了。	If it’s sold out, then just forget it.
2737442	这条项链是我奶奶送给我的。	My grandma gave me this necklace.
2737453	她是什么时候去蒙古的？	When did she go to Mongolia?
2757047	他以绑架罪被起诉。	He is accused of kidnapping.
2757207	上个礼拜天我刚好有空。	It happened that I was free last Sunday.
2766894	妈妈，别等我来吃中午饭。	Mom, don't wait for me to have lunch.
2771090	从太空中看，地球是什么模样呢?	What does the earth look like from space?
2771100	佛教起源于印度。	Buddhism had its beginnings in India.
2777861	所有的动物都是平等的。	All animals are equal.
2777872	我不是独裁者。	I'm not a dictator.
2777942	汤姆总是旷课。	Tom is always absent.
2819988	我们所有人都祝福你。	Best wishes from all of us.
2819990	准确性在计算中很重要。	Accuracy is important in arithmetic.
2819991	算数处理数字。	Arithmetic deals with numbers.
2819994	酸性腐蚀了金属。	The acid ate into the metal.
2819996	酸性会腐蚀含有金属的物质。	Acid acts on things which contain metal.
2843701	革命的时候他被吊死了。	He was hanged during the Revolution.
2848643	一般说来，男生的肌肉比女生发达。	Generally speaking, men are physically stronger than women.
2865886	坦率地说，我不喜欢你。	Frankly speaking, I don't like you.
2887887	我喜欢有很多蔬菜的汤。	I like soups with lots of vegetables.
2887894	不要太神经质。	You don't have to be so nervous.
2889801	我帮助我爸爸给花浇水。	I helped my father water the flowers.
2906698	大多数学生同意这个建议，并列出了他们同意的理由。	Most students agree with the proposal and have made a list of arguments in favour of it.
2915091	结果与我们预期的相反。	The result is opposite to what we expected.
2915531	根据当前的状况，这个项目绝对会成功。	Judging from the current situation, this project is sure to succeed.
2915553	一个应用的架构直接关系到它的整体性能。	The infrastructure of an application is directly related to its overall performance.
2915561	总之，下一步是要决定我们下一步应该做什么。	In conclusion, the next step is to decide what we should do for the next step.
2919635	对不起，是我辜负你了。	I am sorry for disappointing you.
2938652	日程表只受到了这次延误的轻微影响。	The schedule is only slightly affected by this delay.
2938672	在限定时间内完成任务是一个职员的基本素质。	It is a basic quality of an employee to complete his tasks within a fixed time.
2938682	首先，我们检查出勤情况。	Firstly, let's check the attendance.
2938685	首先，我想宣布几条新制度。	In the first place, I would like to announce several new regulations.
2938688	首先，关闭手机，保持安静。	First of all, power off your cellphones and remain silent.
2938692	其次，按照日程今天有将要发布的项目吗？	Secondly, is there any project scheduled to be released today?
2938696	另外，之后我们会颁发“每月最佳员工”奖。	In addition, we will issue the 'employee of the month' award afterwards.
3031847	他热泪盈眶。	His eyes were brimming over with tears.
3031919	父母教育我要遵守承诺。	My parents teach me to abide by my promises.
3043962	我在报纸上刊登了我的房子的广告。	I advertised my house in the newspaper.
3043964	他的记忆力总让我吃惊。	His memory never ceases to astonish me.
3044029	我想和你的舅舅谈一谈。	I want to talk to your uncle.
3054543	他们的关系有些暧昧。	Their relationship is dubious.
3059603	你度过了很不安宁的一夜。	You've had a very restless night.
3059628	这树林延续数里。	This forest goes on for a while.
3060461	哎，今天真丢人，我把衣服穿反了。	Argh, I was so embarrassed today. I wore my clothes inside-out.
3060463	你把书拿反了，这是反面，这才是正面。	You're holding the book upside-down. This is upside-down and this is right-side up.
3060497	快一点，否则就要迟到了。	Hurry up or we'll be late.
3061876	父母很重视孩子的教育。	The parents value their children's education.
3065605	我的上司被逼迫辞职。	My boss was forced to resign.
3065695	我很思念过去的日子。	I really miss the old days.
3068504	我们担心着爷爷和奶奶。	We are worried about grandpa and grandma.
3068614	你做事不能半途而废。	You shouldn't do things by halves.
3068634	这个笑话的意思是什么？	What is the meaning of this joke?
3068706	我当时非常清醒。	I was as sober as a judge.
3076570	有些人在入口处停留。	Some people were hanging around at the entrance.
3076590	去东京站怎么走最方便？	What's the most convenient way to get to Tokyo Station?
3076595	我已经等了将近半个小时。	I have already waited nearly half an hour.
3076613	这真是彻底的虚伪！	This is pure hypocrisy!
3078783	我不喜欢别人在背后议论我。	I don't like people talking about me behind my back.
3080265	广场被鲜明的灯火照亮。	The square was illuminated by bright lights.
3081237	这个电影很有争议。	This movie is highly controversial.
3106250	每人心里都有牢骚。	Everyone has something that's troubling him.
3130823	道德上的恶乃是无知的后果。	Moral evil is the result of ignorance.
3130826	哲学不是书面上的学问，而是一种生活的方式。	Philosophy is not a written subject, but a way of life.
3130828	所有的事物都要被怀疑、被验证，思想没有界限。	Everything has been suspected and been inspected; thoughts have no boundaries.
3130844	自古至今，容忍的总是老百姓，被容忍的总是统治者。	Since ancient times, it has always been the commoners who tolerate their ruler.
3142364	我可以在哪个柜台预约?	On which counter can I make my appointment?
3149362	他叫自己的妻子不要冲动购物。	He told his wife to stop impulsively shopping.
3149436	请你在餐桌上守规矩点。	Mind your table manners.
3149460	这家出版社专门出版儿童文学。	This publisher specializes in children's literature.
3149502	真相总算在我们面前揭晓了。	At last, the truth was revealed to us.
3149505	价格反映着需求。	Price reflects demand.
3158497	记得称赞她的新洋装。	Remember to admire her new dress.
3158529	我们往下看，是一片水泥丛林。	Looking down, we saw a concrete jungle.
3188388	当时正是早高峰，来来往往的行人和车辆很多。	It was the morning rush hour, and there were a lot of passing pedestrians and cars.
3188396	默默守护中，有人跑到街头，叫来了协警。	As everyone stood guard silently, someone ran to the corner of the street and called over a police officer.
3197610	可惜你不知道如何跳舞！	What a pity you can't dance!
3275885	缅甸反华情绪正在增长。	Anti-Chinese sentiment is on the rise in Myanmar.
3285886	中国是一只沉睡的狮子，一旦觉醒，将会震惊世界。	China is a sleeping tiger, but once it wakes up, it will shock the world.
3289593	鸟儿渐渐飞离了视线。	The bird flew away and was lost to sight.
3289602	这些形容词都是积极的。	These adjectives are all positive.
3307640	请立即将世界语订为欧洲联盟的官方语言	Esperanto, an official language of the European Union, now!
3309268	星星太遥远了。	The stars are too far away.
3322732	根据气象预报，明天会是晴天。	According to the weather report, tomorrow will be a fine day.
3341549	你就是要面子。	You're only saving face!
3364384	东欧的酒精消耗量比西欧高。	Alcohol consumption is higher in Eastern Europe than in Western Europe.
3364551	您需要我们的协助吗？	Do you need our assistance?
3364552	你需要我们的协助吗？	Do you need our assistance?
3378033	我有钱，我胖而且我快乐。	I am rich, fat and happy.
3378039	我对中国宗教感兴趣。	I am interested in Chinese religion.
3378093	我吃一片面包。	I eat a slice of bread.
3380491	那个日文词汇没有对应的英文。	That Japanese word has no equivalent in English.
3380545	下个月就要进行硕士论文答辩了。	The defense of the master thesis is just happening next month.
3380552	最大的胜利是战胜自己。	The biggest victory is to win over yourself.
3383957	思想自由为宪法所保障。	Freedom of thought is guaranteed by the constitution.
3430839	妈妈在厨房里围着围裙。	Mother is in the kitchen wearing an apron.
3466804	熊猫是一种很美的动物。	Pandas are beautiful animals.
3466806	熊猫是很美的一种动物。	Pandas are beautiful animals.
3468058	如果我是你，我就忽略它。	If I were you, I would ignore it.
3470141	指南针的指针指向北边。	Compass needles point to the north.
3476975	你能不能给我打折？	Can you give me a discount?
3479877	他的鼻子上长了一个小疙瘩。	On his nose grew a small pimple.
3481983	公元前七千年那段时间发生了很多重要的历史事件。	Many important historical events took place 7000 years B.C.
3493409	孩子们正在花园里摘花。	The kids are picking flowers in the garden.
3516407	隔壁的男孩常常晚回家。	The boy who lives next door often comes home late.
3523955	他说的话不合情理。	What he says is total nonsense.
3526185	他只是责怪别人，从不自责。	He only blames other people, and never himself.
3526214	现在的时代是原子时代。	The current era is the atomic era.
3526284	我在这家餐厅订了位子。	I booked a seat at this restaurant.
3534639	今天电视有什么好节目？	Are there any good programs on TV today?
3534648	你喜欢昨晚的演出吧？	Did you enjoy the performance last night?
3537570	推行普通话，是中国的国策。	Promoting Mandarin Chinese is China's national plan.
3537583	令人遗憾的是，他并没有在决赛发挥他的最佳水平。	The regrettable thing is that he didn't even play at his highest level in the finals.
3537642	他在工作上遇到了麻烦。	He encountered difficulties in his work.
3537860	沸水蒸发成气体。	Boiling water evaporates and turns into a gas.
3537951	飞机降落在新山一机场。	The plane is landing in Tan Son Nhat airport.
3538027	这种布既便宜又结实。	This kind of cloth is both cheap and sturdy.
3538033	他仍然还在教室里学习。	He's still here in the classroom studying.
3538037	你既然已经知道了，还问什么？	If you already know, why are you still asking?
3544971	他毕业后回到了农村。	He went back to the village after he graduated.
3544974	这个国家的军事力量很先进。	The military power of this country is very advanced.
3554253	世上的罪恶差不多总是由愚昧无知造成的。	The world's evil almost always comes from ignorance.
3559283	电视台现在正在播放足球赛。	The football game is now on the air.
3559499	现在电视台正在播放足球赛。	The football game is now on the air.
3565107	你能代替我出席会议吗?	Can you fill in for me at the meeting?
3565123	他参加了董事会的一些决策会议。	He sat in on some of the board's policy-making meetings.
3567591	云层的构成方式有好几种。	There are several kinds of cloud formations.
3567594	人体的组织是由细胞构成的。	Human tissue is made up of cells.
3576063	他们奋斗的目标是消灭天花。	They are struggling with the goal of wiping out smallpox.
3577756	你喜欢赌博吗?	Do you like to gamble?
3579529	裁判吹响了口哨，判定他手球。	The referee blew the whistle and called a hand ball on him.
3579551	贝尔被犯规了，球队获得了任意球。	Bale was fouled, and his team was awarded a free kick.
3579578	足球教练站在边线上对自己的队伍喊出指令。	The manager and coach stood on the touchline shouting out instructions to their team.
3579591	在上一届世界杯上，新西兰在比赛中被墨西哥淘汰。	In the last World Cup, New Zealand was knocked out of the competition by Mexico.
3580020	不要因为吃得太多而扰乱胃的正常消化。	Don't eat too much and disrupt the stomach's normal digestion process.
3596585	每堂课我都分别有一本笔记。	I have a separate notebook for each class.
3605628	汤姆说要跟我们玩扑克。	Tom said he wanted to play poker with us.
3625653	特快火车正驶进轨道。	The express train is moving down the track.
3625821	他在一条狭窄的道路上走。	The man is hiking on a narrow path.
3629993	为什么我的兄弟是笨蛋？	Why is my brother stupid?
3630130	一些疾病的产生原因是基因缺陷。	Some diseases are caused by a defective gene.
3630142	这种药片对心脏有疗效。	These pills act on the heart.
3660224	不要随意在路边停车。	Don't just park along the road as you please.
3660673	黑板的句子被抹掉了。	The sentence on the blackboard was erased.
3664641	他勤俭节约，甚至是小气的。	He is thrifty, not to say stingy.
3666900	地球表面的三分之一是沙漠。	One third of the earth's surface is desert.
3667795	这里交通繁忙。	Traffic is busy here.
3667852	她埋葬了她的独生子。	She buried her only son.
3667864	每年冬天，我的嘴唇都会干裂。	I get chapped lips every winter.
3669448	他心脏停止了跳动, 随即死亡。	His heart stopped beating and he died immediately.
3671667	我是不会系领带的。	I won't be wearing a tie.
3680886	他把奖金存到银行了。	He deposited the prize money in the bank.
3690036	他没有朋友，没有钱，没有房子……他照样玩得很开心。	He had no friends, no money, no home...but he played happily all the same.
3699681	上海人普通话说得怎么样？	What does Shanghai people's Mandarin sound like?
3700299	现今手机非常普及。	Nowadays mobile phones are very popular.
3700316	你还年轻，可是没有永久。	You're still young, but not permanently.
3700720	我把课本翻到最后一页。	I flicked through the textbook to the final page.
3701733	我们从前很穷，但很快乐。	We were poor, but we were happy.
3701769	我因为时差而感到疲惫。	I feel exhausted because of jet lag.
3701783	我的叔叔们有时会来探望我。	My uncles come to see me from time to time.
3702790	你明天下午有什么安排？	Any plan for tomorrow afternoon?
3703826	说实在的，我真的喜欢你。	Honestly, I really like you.
3704923	您昨晚没来真是太可惜了！	It's a pity you didn't come last night.
3709245	我们不能让对方钻空子。	We can't leave the counterparty any loopholes.
3709276	总的来说，这部电影从剧本到银幕是成功的。	Overall, the movie was a success from script to screen.
3709292	你要是再给我们公司出洋相，我可就不客气了。	If you make fun of our company again, we certainly won’t be polite to you.
3709346	他说的不见得对。	What he's saying is not necessarily true.
3709348	他今天不见得会来。	He is unlikely to come today.
3709423	我们先前不知道要怎么做，所以才求助。	We didn't know how to do it, so we asked for help.
3713309	当时我没想到这个问题。	During that time I didn't expect to have a problem.
3713313	学校规定学生不能抽烟。	The school rules that students cannot smoke.
3713331	他是这个国家的总理。	He is the prime minister of this country.
3716040	圣诞老人住在北极。	Santa lives at the North Pole.
3718950	婚姻是造成离婚的主因。	Marriage is the main cause of divorce.
3739154	我先前在中国住了六个月。	I've lived in China for six months.
3742398	我搆不到那罐番茄罐头。	I can't reach that can of tomatoes.
3742425	他是作家，还是政治人物。	He is an author and a politician.
3752948	他从书架上取下那本书。	He got the book down from the shelf.
3763511	这条延长线太短了。	This extension cord is too short.
3763520	面条下锅前要先掰成小块。	Before you put the noodles in the pot, you have to break them up into small pieces.
3779045	早上起来，嗓子变得很沙哑，我想是不是感冒了。	I've had a scratchy throat since this morning. I wonder if I've caught a cold.
3779051	所有美国人都需要缴税。	All Americans have to pay their taxes.
3783081	给予汤姆一些你力所能及的帮助。	Give Tom any help you can.
3783107	她理所当然的取得了胜利。	She's sure to succeed.
3783436	她为了他的钱嫁给了他。	She married him for his money.
3783465	汤姆是一个年轻而且英俊的人。	Tom is a young and handsome man.
3805027	开始下载时，请点击“保存”按钮。	When you begin downloading, please press the "Save" button.
3805154	今天想吃清淡的食物呢。	Today I want to eat something light.
3812371	有多少本算数书留着？	How many arithmetic books are left?
3845383	在日本生活消费很高。	Life in Japan is expensive.
3845390	从古到今，没有过不灭亡的国家。	There has never been a nation that was not eventually destroyed.
3856444	公司欢迎消费者对他们产品的反馈	The company welcomes feedback from consumers who use their products.
3857684	他们尽一切手段避免战争。	They explored every avenue in an attempt to avoid war.
3857724	凶杀案于凌晨三到五点间发生。	The murder happened between 3 a.m. and 5 a.m.
3883059	这太不像话。	It doesn't look like anything.
3890896	我是我们办公室的头儿。	I am the boss in my office.
3890959	医生正在量病人的脉搏。	The doctor is taking the patient's pulse.
3947643	许多犹太人被德国人驱逐。	Many Jews were expelled by the Germans.
3964744	别对我大吼大叫。	Don't shout at me.
3966153	这终究不是一个很好主意	This wasn't such a good idea after all.
3982114	可以相信他到什么程度？	To what extent can he be trusted?
3988961	你有很多休闲时间吗？	Do you have a lot of time to relax?
4071835	葡萄酒帮助消化。	Wine helps with digestion.
4071846	肥皂可以清除脏汙。	Soap can clean grime.
4071847	你能帮我洗这些碗盘吗？	Can you help me wash these dishes?
4104704	他被任命为驻美日本大使。	He was accredited to the United States to represent Japan.
4117385	一条龙住在洞穴里。	A dragon lives inside the cavern.
4133704	猎人跟着熊的踪迹。	The hunter followed the bear's tracks.
4147177	现在有什么烦恼的事情吗？	Is there anything that worries you right now?
4147266	突然，从茫茫大雾中出现了一艘船。	Suddenly, a ship appeared through the fog.
4147269	我们要向这个怪兽投降吗？	Are we going to surrender to these monsters?
4147360	请给我统统说清楚什么时候在哪里发生了什么事。	Please tell me in complete detail what occurred, when and where.
4148169	所有人都喝醉了，除了我。	Everyone was drunk, except me.
4167282	你发神经了吗？	Have you gone nuts?
4182615	他让我做他的助理。	He made me his own assistant.
4182625	我们同事的母亲过世了。	Our colleague's mother passed away.
4214160	我要订官舱。	I want to reserve a first-class stateroom.
4247391	他有能力教授西班牙文。	He is capable of teaching Spanish.
4262044	你想要知道如何避免皱纹吗？	Would you like to know how to prevent getting wrinkles?
4262047	若没有将衣服折起来或是挂在衣架上，会起皱纹。	If you don't fold your clothes or hang them, they will be wrinkled.
4262068	你们俩是团队的核心。	You two are the nucleus of the team.
4262069	家庭是社会的核心。	The family is the fundamental unit of society.
4262103	她耸了耸肩。	She shrugged her shoulders.
4262124	金星的大气压力非常高。	Venus' air pressure is very high.
4262137	他抓到了二十只蝴蝶。	He caught 20 butterflies.
4262139	我抓到一只漂亮的蝴蝶。	I caught a beautiful butterfly.
4262150	他们喝可口可乐。	They drink coke.
4262161	我从不过滤咖啡。	I never filter my coffee.
4262361	他有一个数学硕士学位。	He has a master's degree in mathematics.
4262389	我的父母准备买一个新的光盘。	My parents are going to buy a new CD.
4263850	公共汽车多久发车一次？	How often do the buses depart?
4264664	我本来想走的，但后来忘了。	I wanted to go, but I forgot.
4265049	她常常利用他的无知。	She often takes advantage of his ignorance.
4265144	劳驾，来一杯咖啡。	Could I have a cup of coffee?
4265160	我们可能误解她了。	We might have misunderstood her.
4265163	我哥哥假装工作很努力。	My brother pretended to be working very hard.
4265172	即便她不喜欢你，你也要完成工作。	Even if she doesn't like you, you still have to finish the work.
4265178	亲爱的，给客人端点咖啡吧。	Please serve the guests some coffee, dear.
4267179	这张沙发占了太多空间。	This sofa takes up too much space.
4267296	你认为我把自己当傻瓜？	Do you think I think of myself as an idiot?
4267327	我当初要是买音乐会的票就好了。	I wish I had bought a ticket for the concert.
4267375	想象一下，假如你有一台时光机。	Imagine that you have a time machine.
4267384	汤姆是聋哑人。	Tom is deaf and mute.
4267386	你答应过，会照顾他们的。	You promised to take care of them.
4270139	母亲给我做了一个娃娃。	Mother made me a doll.
4270716	克拉娃嫉妒柳霞。	Klava envied Lyusya.
4270729	塞尔维亚语是她的母语。	She is a native speaker of Serbian.
4273587	他不是罗马大学的研究生吗?	Isn't he a graduate student at the University of Rome?
4274299	为什么我们不订披萨呢？	Why don't we order the pizza?
4282947	千万别误会我的意思。	Please don't mistake my meaning.
4302094	羊屁股先生可没告诉我还有搭档。	Mr. Goat Butt never told me there would be a partner.
4308988	汤姆的住宅有一个不错的花园。	Tom's house has a nice garden.
4353695	他在波兰买的这辆卡车。	He bought this truck from Poland.
4402794	难道你不感到荣幸？	Don't you feel honored?
4405712	我摧毁了所有的证据。	I destroyed all the evidence.
4408164	这件事对谁都没有好处。	This event benefits no one.
4419033	我的气垫船装满了鱔鱼	My hovercraft is full of eels.
4436124	没有什么能阻碍我邪恶的计划。	Nothing will hinder my malicious plan.
4439896	让苔藓盖上我的坟墓吧。	Let moss cover my grave.
4444897	我经常觉得沮丧。	I feel depressed often.
4455656	天空中有数十亿的星星。	There are billions of stars in the sky.
4455675	我偏好结局圆满的小说。	I prefer novels that have a happy ending.
4463248	对于这个问题我无可奉告。	I have nothing to say with regard to that problem.
4463319	眼下我不得不和我朋友同住这间房间。	I have to share this room with my friend at present.
4463427	他将袜子的里外穿反了。	He had his socks on inside out.
4467186	我第一次知道这个网站。	This is the first time that I have heard of this website.
4488694	大脑只是个复杂的机器。	The brain is just a complicated machine.
4504515	老人时常自言自语。	Old people often talk to themselves.
4506250	我跑着从他们面前经过。	I went running past them.
4506255	他额头上的疤痕很醒目。	The scar on his forehead really stands out.
4547051	世界人口急剧增长。	World population has rapidly increased.
4547222	生活支出急剧上涨。	Living costs have increased rapidly.
4547227	非常时期需要非常措施。	Desperate times call for desperate measures.
4566039	她感到茫然。	She felt dazed.
4581682	阳光照亮田野，痛苦点亮心灵。	Sun lights the landscape, pain illuminates the soul.
4621026	汤姆非常性感。	Tom is so hot.
4625754	风俗习惯包括食物，庆祝和舞蹈。	Customs include food, celebrations and dancing.
4625759	没吃早饭，我有些不舒服。	I don't feel very good when I haven't eaten breakfast.
4632996	她得了肝炎，难怪越来越瘦了。	She got hepatitis no wonder she is losing so much weight.
4635781	他打扮得像女人一样。	He dressed up as a woman.
4645581	在这个湖上滑冰安全吗？	Is it safe to skate on this lake?
4649778	我是个脚踏实地的人。	I have my feet firmly planted on the ground.
4674461	他们是典型的年轻人。	They're typical youngsters.
4709715	不要把精确和准确搞错。	Let's not mistake precision for accuracy.
4717465	近来各方面都有所改进。	We've seen all-round improvements lately.
4717467	改革者的目标是要改进政府。	Reformers aim to improve the government.
4717470	我们算计着改革生产流程。	We are planning changes to the manufacturing process.
4732062	我们买了张舒适的扶手椅。	We bought a comfortable new armchair.
4739241	这个协会有三十个会员。	The association counts thirty members.
4739245	他只是个事业合伙人。	He's just a business associate.
4739246	我申请成为协会会员。	I applied for membership in the association.
4743922	他能够超越所有困难。	He can overcome any obstacle.
4746474	你不觉得这个名字很讽刺吗，「神圣的战争」？	Don't you think the name "The Sacred War" sounds a bit sarcastic?
4757234	我不喜欢跟人打交道。	I don't like to socialize.
4757251	汤姆拧干毛巾挂起来晾干。	Tom wrung out the towel and hung it up to dry.
4757587	汤姆买了一双黑色皮鞋。	Tom bought a pair of black leather shoes.
4757646	我们知道他是个勇敢的人。	We know him to be a brave man.
4757702	他消失了，不留一丝踪迹。	He disappeared without a trace.
4759969	我准备好了承担后果。	I'm prepared to accept the consequences.
4759971	神平等造人而人心各异。	God created all men equal but men think it differently.
4759980	我发誓我看到了外星人。	I swear, I saw an alien!
4759986	他被妻子诬陷了。	He was framed by his wife.
4759990	许多人嫉妒汤姆的成功。	Many people envy Tom's success.
4759992	汤姆埋怨玛丽从来不帮他。	Tom complained that Mary never helped him.
4760000	不言而喻。	That goes without saying.
4760001	我不是有意要保密的。	I didn't mean to keep it secret.
4760015	汤姆老是发牢骚。	Tom complains all the time.
4760021	园丁后来发现就是凶手。	The gardener turned out to be the murderer.
4760026	真的不敢相信你在吃医生叮嘱不要食用的东西。	I can't believe you are eating something the doctor has told you repeatedly you shouldn't eat.
4760045	我在电梯里面闻到烟味。	I smell smoke in the elevator.
4760079	茶点过后我们接着开会。	We will continue the meeting after some light refreshments.
4760086	你太谦虚了。	You are much too modest.
4760090	她忙着照料孩子。	She is busy with the care of her children.
4760133	我感觉有滴雨落在头上。	I felt a drop of rain on my head.
4761589	我对东方陶瓷有兴趣。	I'm interested in oriental pottery.
4764580	汤姆掏出钥匙开了门。	Tom took out his key and opened the door.
4764593	我是个有决心、有条理、有责任的人。	I'm a determined, organized, and responsible person.
4764635	约翰·道尔顿是原子学说的创始人	John Dalton was the creator of the atomic theory.
4764642	首相解散了国会。	The prime minister dissolved the Diet.
4773192	我才不管别人怎么想我。	I don't give a damn what people think about me.
4794656	汤姆什么时候被开除的?	When was Tom fired?
4794659	汤姆什么时候被解雇的?	When was Tom fired?
4794676	他们全部都应该被开除。	They should all be fired.
4799111	我不想承担这样一个风险。	I don't want to take such a risk.
4805737	汤姆被卡车撞到而且当场死亡。	Tom was hit by a truck and died instantly.
4805791	汤姆遗失了他的钥匙。	Tom has lost his keys.
4809348	我需要一个会说法语的助理。	I need an assistant who speaks French.
4813369	这样说是不是更加地道呢？	Is it more idiomatic if I say it like this?
4813370	你知不知道思念的滋味？	Do you know the taste of thought?
4813375	听说大数据技术现在很热门。	I hear that the network is very popular now.
4813387	一个人得遇到多大的挫折才会自杀？	How frustrated must a person be to commit suicide?
4813399	经鉴定，此人三观不正。	This person's worldview is officially unhealthy.
4813405	这家报社在当地知名度颇高。	This newspaper is well known in the local area.
4813406	个人隐私就是一个笑话。	Personal privacy is a joke.
4813513	这则讯息将在五秒后自动销毁。	This message will self-destruct in five seconds.
4817417	谁是您最喜欢的导演？	Who is your favourite director?
4832323	这家饭馆的餐具很讲究	This restaurant is particular about cutlery.
4835824	我本来什么也不知道啊！	Originally, I knew nothing about it at all!
4835844	他是个忠厚老实的人，不免上当。	He is an honest person, and he will always be lied to.
4844580	嗯。。。我可以加入你的小组嘛	Um... can we join your group?
4844752	我们应该走出什么样的步伐。	What steps should we take?
4844755	我们应该往哪个方向走？	Which way should we go?
4844805	那里有许多雏菊围绕着钢铁大厦。	There are daisies around the steel building.
4844821	你应该去竞选城市委员会。	You should run for city council.
4844824	你应该开始从事高尔夫。	You should take up golf.
4844828	老的犬可以学新的诡计。	Old dogs can learn new tricks.
4844830	第二优秀是远远不够的。	Second best is never enough.
4844847	汤姆不会系领带。	Tom can't tie a tie.
4845007	坚持下去直到我找到你。	Hang on till I get to you.
4845071	你可以给我一个提示吗？	Would you give me a hint?
4845151	欧洲人统一有可能吗？	Is a common European identity possible?
4846808	你的名字已经从名单删除了。	Your name has been crossed off the list.
4846812	人们需要更多的交流。	People should get more involved.
4859573	别吓我！我的护照不见了！	You must be joking! I can't find my passport!
4859610	这只是脑子想象出来的。	It's just imaginary.
4859714	我妈妈小心翼翼地打开门。	My mother opened the door very carefully.
4866939	我仍旧无法相信我居然做了这种事。	I still can't believe I did it.
4874073	我不知道该和谁商量好。	I don't know who to consult with.
4876376	我很感激汤姆所做的。	I'm grateful for what Tom did.
4900875	上天会帮助自力更生的人。	Help yourself and God will help you.
4929474	玩这些电脑游戏要反应灵敏。	You need to have quick reactions to play these computer games.
4932038	我想花点时间斟酌斟酌再作决定。	I'd like some time to consider before I make a decision.
4948520	他对生活感到很无奈。	He feels powerless about his own life.
4948541	我无奈只得跟随着她。	I was compelled to follow her.
4948552	他觉得必须报道这件事。	He felt compelled to report the incident.
4952772	你今儿有点反常.	There's something off about you today.
4954169	你是真的很乐意帮忙吗?	Are you really willing to help?
4960569	天气预报说明天会下雪。	The weather forecast says it'll snow tomorrow.
4969996	一些人被甜言蜜语欺骗。	Some are deceived by fair words.
4970000	可以给我优惠券吗？	May I have coupon tickets?
5026683	这样对待他似乎不太公平。	It doesn't seem very fair to treat him like this.
5068216	就连最黑暗的夜晚都会结束，太阳仍会照常升起。	Even the darkest night will end and the sun will rise.
5068344	他们把房子装饰了一下。	They decorated the room.
5085532	汤姆承认了他的恐惧。	Tom admitted his fear.
5085533	限制白糖和盐的摄取量。	Limit the consumption of white sugar and salt.
5085546	我只知道那个绅士的名字。	I know that gentleman only by name.
5085554	那件家具不适合摆在客厅。	That piece of furniture is not fitting for the living room.
5091078	根本就没实施过逮捕行动。	No arrests were ever made.
5091154	汤姆瞥了一眼就移开目光了。	Tom glanced away.
5091165	人固有一死。	Everybody will die.
5091184	我有一个设想。	I had a vision.
5091274	你依然和父母住一起吗？	Are you still living with your parents?
5091297	汤姆说他留了张便条。	Tom says he left a note.
5091320	那没什么大不了的。	That's no big deal.
5091339	有人在监视。	Someone is watching.
5091355	我想要一些新鲜的鸡蛋。	I want some fresh eggs.
5091377	这出乎意料地容易。	It was amazingly easy.
5091416	你觉得汤姆是不是太嫩了？	Do you think Tom is too young?
5091515	在考试的时候，汤姆作弊抄了玛丽的答案。	During the exam, Tom cheated off Mary.
5091518	你必须积极主动。	You have to be proactive.
5091663	一片寂静无声。	There was complete silence.
5091680	我是足球的忠实粉丝。	I'm a big football fan.
5091752	我怎样报名参加呢？	How do I sign up?
5091981	这好比大海捞针。	It is like looking for a needle in a haystack.
5092076	我饿得跟饿虎扑羊似的。	I'm as hungry as a horse.
5092091	甲之蜜糖，乙之砒霜。	One man's meat is another man's poison.
5092558	我迷失了。	I'm lost.
5092701	停止射击。	Stop shooting.
5094948	今年将会不同以往吗？	Will this year be different?
5096471	可以用万事达信用卡吗？	Do you take MasterCard?
5096805	汤姆那里有联系过你吗？	Have you heard from Tom?
5097586	我没想到今天居然会哭的。	I never expected I would end up crying today.
5097616	为什么你做饭那么拿手呢？	Why are you so good at cooking?
5097690	脸色这么差不要紧吗？要不还是去一趟医院比较好吧？	Your face looks pale. Are you OK? Maybe it would be better if you went to the hospital, don't you think?
5099407	汤姆交际广。	Tom knows a lot of people.
5100254	你一旦不做个乖孩子，圣诞老人就不会来噢。	As soon as you start misbehaving, Father Christmas will not come to see you.
5102417	哪来那么大的自信啊？	Where did all that self-confidence come from?
5105880	美国的任务是将共产主义从世界上消除。	The American mission is to eliminate communism from the world.
5113313	你上网了吗？	Have you been online?
5117087	你习惯在宿舍生活了吗？	Are you used to living in the dorms?
5117089	这条路上的许多居民素质都很差。	Most of the residents on this street are wrong 'uns.
5136689	咱们能不能再等一会儿？	Couldn't we wait a little longer?
5136700	咱们回顾一下。	Let's review.
5136717	恰巧我们有同样的生日。	It happens that we have the same birthday.
5144690	我打算去应聘那个公司的营销部经理职位.	I plan to accept the offer from that company to become their marketing department's manager.
5144741	我为我家人奋斗。	I fight for my family.
5144753	他们有时候有矛盾冲突	Every now and then they clash over their differences.
5145184	他的梦想是成为航天航空工程师。	His dream is to become an aerospace engineer.
5147500	不要为这事发愁。	Don't worry about it.
5149842	我正好上个星期日有空。	I happened to be free last Sunday.
5150258	这个饭馆的菜是清真吗？	Is the food at the restaurant halal?
5158830	汤姆有残疾。	Tom is handicapped.
5234825	城市里的机动车数量增加了。	The number of motor vehicles in the city has increased.
5250643	这是什么旗帜？	What is this flag?
5254657	引起一片混乱。	It caused a mess.
5254702	瑪丽把钱藏在了文胸里。	Mary hid the money in her bra.
5267737	我刚才说的内容，你想补充么？	Is there anything you want to add to what I just said?
5290486	教堂在村子的中心位置。	The church is in the middle of the village.
5292979	我在小巷子里转向了。	I turned into a small alleyway.
5350381	社区是安静的。	The neighborhood was silent.
5359480	我不得不说我羡慕你们。	I have to say I envy you guys.
5359859	你最喜欢的哲学家是谁？	Who's your favorite philosopher?
5359862	你最喜欢哪一个哲学家？	Who's your favorite philosopher?
5363945	女孩在教室的角落啜泣。	The girl was sobbing in the corner of the schoolroom.
5364042	我奶奶喜欢坐火车旅行。	My grandmother likes traveling by train.
5372278	她很了解最新的时尚趋势。	She knows a lot about the latest fashions.
5401376	这个酸奶是什么口味的？	What flavour does this yoghurt have?
5401381	帮我搓一下背好吗？	Can you rub my back?
5401612	跟她说我正在看新闻。	Tell her that I am watching the news.
5405533	她忽视了我所有的警告。	She ignored all my warnings.
5405564	她承认我的声明是真实的。	She acknowledged that my statement was true.
5422705	你需要在星期一前注册。	You need to register by Monday.
5422708	我想要用挂号寄这封信。	I want to have this letter registered.
5422711	请用挂号寄这个。	Please send this by registered mail.
5452165	你冷静下来，从头开始跟我说。	Calm down and explain it from the beginning.
5471753	我最好的朋友怀孕了。	My best friend is pregnant.
5496290	他的公司没有从危机中幸存。	His company didn't survive the crisis.
5505578	他吓得全身僵硬。	He was rigid with terror.
5505594	那是个坚固的栏杆。	This is a sturdy handrail.
5542980	我签署了文件。	I signed the document.
5548487	你最喜欢的家常菜是什么？	What's your favorite home-cooked food?
5548492	这个果汁喝起来酸酸的。	This juice tastes sour.
5548509	比起果汁，我比较喜欢牛奶。	I prefer milk to juice.
5548521	我有咖啡、茶、水跟新鲜果汁。	I have coffee, tea, water, and fresh fruit juice.
5549559	汤姆很会预测选举结果。	Tom did a good job predicting who would win the election.
5549587	你姐姐的狗叫什么名字？	What is your sister's dog called?
5549687	让我们假设她在这里。	Let us suppose she is here.
5551019	我说我爱你时是认真的。	I was serious when I said I love you.
5551026	澳大利亚是世界第五大煤炭产地。	Australia is the world's fifth-largest coal producer.
5551035	鹰的一只翅膀断了。	One of the hawk's wings is broken.
5551180	他们把他奉为领袖。	They looked up to him as their leader.
5551547	报名时间已经过了。	The registration period is already over.
5552149	你们的效率太低了。	It is inefficient of you.
5554534	你这个吝啬的老头。	You're a mean old man.
5555129	参与者大部分是女性。	The participants were for the most part women.
5555194	我是据我所知最懒的人。	I am the laziest person I know.
5555233	他们受到的对待公正吗？	Are they treated fairly?
5555771	校长想跟你谈话。	The principal wants to talk to you.
5556063	汤姆需要更新他的网站。	Tom needs to update his website.
5558511	汤姆的严酷考验远没有结束。	Tom's ordeal was far from over.
5558516	愚蠢骑着没有闸的单车。	Stupidity is riding a bike that doesn't have brakes.
5558539	我们是不是该退一步，免得倒下？	Maybe we should take a step back before we fall?
5558698	他是一个放射科医生。	He is a radiologist.
5571046	他打出租车以及时赶到。	He took a taxi to get there in time.
5571951	你记得自己该买蜡烛吗？	Did you remember that you were supposed to buy candles?
5574448	我想成为决策的人。	I want to be the one who decides.
5574453	我确实在这里丢了东西。	I'm clearly missing something here.
5574498	谁能揭开海洋的奥秘？	Who shall ever unravel the mysteries of the sea?
5574520	我能等奇迹发生，是不是？	I can hope for a miracle, can't I?
5574566	我孤单的时候总会想起他。	I always think of him when I'm alone.
5574606	你摔坏过你的眼镜吗？	Have you ever broken your glasses?
5574631	我被雷劈了。	I was struck by lightning.
5574829	他的瘫痪正在恶化，不久他就不能下床了。	His paralysis is progressing, and soon he won't be able to get out of bed.
5574854	让我们享受这平静和安宁。	Let's just enjoy this peace and quiet.
5574859	我过了难挨的一天。	I had a hard day.
5574863	好奇是哲学家的本性。	Wonder is the true character of the philosopher.
5576759	航空专家详细分析了统计数据。	The aviation expert analyzed the statistics in detail.
5576760	在新加坡的街道上扔垃圾会被罚款。	They fine you in Singapore if you throw trash in the streets.
5576762	相互理解能促进和平。	Mutual understanding promotes peace.
5576768	汤姆给自己浇凉水以清醒过来。	Tom poured cold water over himself to wake himself up.
5576773	汤姆哄玛丽做他的作业。	Tom tricked Mary into doing his work for him.
5576778	在人类自我毁灭的边缘，第一次接触成了福音。	First Contact became humanity's salvation as it was at the brink of self-destruction.
5576798	我看你该做这交易。	I think you should make the deal.
5576802	我需要胶水。	I need glue.
5576804	汤姆试着控制他的情绪。	Tom tried to control his emotions.
5576820	你有多余的钥匙吗？	Do you have an extra key?
5576825	我给他镇静剂。	I gave him a sedative.
5576826	要不我们找时间喝一顿。	Perhaps we could get a drink sometime.
5581593	空间科学还在起步阶段。	Space science is still in its infancy.
5581655	船长要为乘客安全负责。	The captain is responsible for the safety of passengers.
5581668	她总和她父母吵架。	She was always quarreling with her parents.
5581683	事实是倔强的，但统计是柔顺的。	Facts are stubborn things, but statistics are pliable.
5581777	机密文件被藏起来了。	The classified documents were hidden.
5585161	汗水从我的额头上落下。	The sweat was dripping off my brow.
5591011	交通高峰期该有更多公交车。	There ought to be more buses during the rush hours.
5595117	他跟他们干脆地断绝来往了。	He made a clean break with them.
5595122	我们决心保卫祖国。	We are determined to protect the motherland.
5595159	她可以同时做这两件事。	She can do both at the same time.
5595228	当我第一次回波士顿时，我真是孤独。	When I first came back to Boston, I was really lonely.
5611531	你能同时做多少个工作？	How many jobs can you do at once?
5611555	他们受到迫害。	They were persecuted.
5611590	你跟你的老板说什么了？	What did you tell your boss?
5611605	我能闻到他呼吸中的酒精味。	I could smell the alcohol on his breath.
5611619	嘿，你的狗刚咬了我。	Hey, your dog just bit me.
5613609	我注意到她戴着新眼镜。	I noticed that she was wearing new glasses.
5613618	我在耕地。	I am plowing my land.
5613627	你真是警惕。	You're very alert.
5613631	这会打击我们的生意。	This could hurt our business.
5613644	该有人告诉她真实情况。	She deserves to know the truth.
5613651	我们还是脆弱不堪。	We're still vulnerable.
5613652	我出身贫寒。	I grew up in a poor family.
5613669	多么出色的晚饭啊！	What a splendid dinner!
5613674	请把每一页复印三份。	Please make three copies of each page.
5613678	我们必须学会与自然和谐共处。	We must learn to live in harmony with nature.
5613724	汤姆不假思索脱口而出。	Tom speaks without thinking.
5617154	食物在吞咽前要经过咀嚼。	Food should be chewed before being swallowed.
5617156	我发誓我不会做这种事。	I swear I will never do such a thing.
5617251	汤姆奇怪为什么玛丽哭。	Tom wondered why Mary was crying.
5624136	丹想让你知道他不恨你。	Dan wanted you to know that he didn't hate you.
5624868	丹必须学会为自己着想。	Dan has to learn to think for himself.
5624938	我还留着那起事故的伤疤。	I'll still have a scar from that accident.
5624968	是约翰让她的梦想成真。	It was John who helped make her dream come true.
5624979	他浑身是债。	He is up to his ears in debt.
5630453	学术造假比你想象的普遍。	Academic fraud is more common than you might think.
5631888	我只想注意积极方面。	I want to just focus on the positive.
5632405	我猜这是我们的运气坏。	I guess it was our bad luck.
5637329	汤姆不在你的联盟里。	Tom is out of your league.
5640711	她和她父亲的争吵爆发了。	An argument erupted between her and her father.
5640728	胃里如同千军万马开过。	An army marches on its stomach.
5640749	我给汤姆当了三年助手。	I worked three years as Tom's assistant.
5640755	特种部队包围了建筑物。	Special forces surrounded the building.
5640769	数千人受此疾病所害。	Several thousand people became victims of this disease.
5640777	农业需要消耗大量的水。	Agriculture consumes a great amount of water.
5640778	很多日本人对政治冷淡。	Lots of people in Japan are indifferent to politics.
5646181	尽管有逆境，建筑师还是获得了享誉全球的荣誉。	Despite adversity, the architect achieved worldwide fame.
5650425	油价上涨的可能性很高。	There is a good chance that gasoline prices will go up.
5655280	一条小路跨过桥梁，穿过田野，还爬上小丘。	A small road ran across the bridge, through the fields, and over a hill.
5655348	我凭韧性克服了困难。	I got over the difficulty with my characteristic tenacity.
5655357	每个人都向往幸福。	Everybody desires happiness.
5655373	浅间山现在是寂静的。	Mt. Asama is now dormant.
5658824	汤姆究竟在做什么？	What exactly does Tom do?
5660531	出租车司机没有受重伤。	The cab driver wasn't seriously injured.
5663499	汤姆把手放在麦克风上。	Tom put his hand over the microphone.
5663511	瑪丽的包里有辣椒喷雾。	Mary carries pepper spray in her purse.
5663583	我们的供给要用完了。	Our supplies are running out.
5663585	我在给魔鬼当辩护士。	I'm just playing the devil's advocate.
5663599	利率和通货膨胀很高。	Interest rates and inflation were high.
5670768	羊羔通常在一岁前被宰杀吃掉。	Lambs are usually killed before they are one year old and eaten by humans.
5670786	她请了个私人调查员。	She hired a private investigator.
5670789	那是场精彩的会议。	That was an excellent meeting.
5670790	氢是最轻的元素。	Hydrogen is the lightest element.
5683213	汉语是一个声调语言。	Chinese is a tonal language.
5685461	我想成为一个体育记者。	I want to be a sport reporter.
5685863	我认为辩论该继续进行。	I believe that the debate should be carried on.
5685886	我右鼻孔里有豌豆。	There's a pea in my right nostril.
5685892	汤姆为去音乐会而激动。	Tom was excited to go to the concert.
5685893	媒体近几个月只讨论一件事：经济危机。	The media has only discussed one thing in the last few months; the economic crisis.
5685897	汤姆拒绝提供详细信息。	Tom declined to give details.
5685915	丹甚至没有上过基础解剖课。	Dan didn't even take basic anatomy classes.
5685930	你认为这是个预兆吗？	Do you think it's a sign?
5685934	地球比台球更光滑。	The Earth is smoother than a billiard ball.
5687172	美国警察穿蓝色的制服。	The American police are in blue uniforms.
5687429	端午节要赛龙舟。	During the Dragon Boat Festival, there needs to be a dragon boat race.
5687432	端午节是纪念屈原的。	The Dragon Boat Festival commemorates Qu Yuan.
5689265	这是一个晾衣服的器具。	This is an appliance for drying clothes.
5691256	我完全不认可你的方法。	I'm not in agreement with your methods at all.
5691258	我感觉像羽毛一样轻飘。	I felt light as a feather.
5691262	老龄化的人口需要更多医疗保健支出。	An aging population will require more spending on health care.
5691286	我们在法律面前要负责。	We are all responsible before the law.
5692358	在哥伦比亚，天主教习俗盛行。	In Colombia, Catholic customs prevail.
5694497	杂草完全占据了花坛。	The weeds have completely overtaken the garden bed.
5694522	我拦不住汤姆把饼干吃完。	I couldn't prevent Tom from eating all the cookies.
5698033	水是生命所不可缺少的。	Water is indispensable to life.
5698044	我们应该禁止针对儿童的广告。	We should ban advertising aimed towards children.
5698045	我今晚能借你的数码相机吗？	Can I borrow your digital camera tonight?
5698057	我在周末起床比平时晚。	On weekends I got up later than usual.
5701329	我知道你对他评价很高。	I know you think highly of him.
5715116	这些患者走路有困难。	These patients have trouble walking.
5715133	我无从得知。	I have no way of knowing that.
5715195	你为什么对我这么小气？	Why are you so mean to me?
5715200	他们必须联合起来。	They must unite.
5728707	我父亲骑自行车去上班。	My father goes to work by bike.
5762984	我们已经将它做了分析。	We've had it analyzed.
5763042	工作之前先收好思绪。	Collect your thoughts before you begin your work.
5767608	无数星星在天上闪烁。	Countless stars were twinkling in the sky.
5767609	他匿名向红十字捐了大笔钱。	He anonymously donated a large sum of money to the Red Cross.
5780510	我们决不能把它两个混淆。	We must never confuse the two.
5780560	有人要她去劝他刷房子。	She was asked to convince him to paint the house.
5780563	汤姆在这宾馆待了三周。	Tom stayed at this hotel for three weeks.
5780596	记住我的级别在你的之上。	Remember that I outrank you.
5780602	我恐怕不是个很好的伙伴。	I'm afraid I wouldn't be very good company.
5780612	我不跟你这样的人做生意。	I don't make deals with people like you.
5794150	汤姆鼓励他儿子学法语。	Tom encouraged his son to study French.
5815581	她有着一头金发，瘦高的身材。	She has blonde hair and a slim figure.
5818091	你知道中央情报局的什么？	What do you know about the CIA?
5818099	我们被要求不再这么做。	We've been asked to not do this anymore.
5819704	听讲座时，你应该保持安静。	When listening to a lecture, you should be quiet.
5819712	嘿，看我找到了什么。	Hey, look what I found.
5819723	我再也受不了那噪音了。	I can't stand that noise any longer.
5830178	这是本对儿童有益的书。	This is a good book for children to read.
5833766	中国的当代青年文化很空洞。	Contemporary Chinese youth culture is very shallow.
5842641	汤姆非常勇敢，不是么？	Tom is very courageous, isn't he?
5844854	汤姆掌握了三种语言。	Tom is fluent in three languages.
5846067	汤姆拥抱了他的父亲。	Tom embraced his father.
5849917	求三角形的面积	Please find the area of the triangle.
5854684	元宵节要猜灯谜。	It is a must to guess lantern riddles during the Lantern Festival.
5856316	他自己创造了一种语言。	He created a language himself.
5856320	他的伯父很喜欢打猎。	His uncle likes hunting.
5856321	现在穿越剧为什么这么火？	Why are series about time travel so popular at the moment?
5856738	我们做这事没有额外报酬。	We won't get paid extra for doing this.
5856745	这收音机不比火柴盒大。	This radio is no bigger than a matchbox.
5856791	汤姆从没忘记在婚礼周年纪念日送给他妻子花。	Tom never forgets to give his wife flowers on their wedding anniversary.
5863280	我们有个好极了的团队。	We have a great team.
5863305	汤姆还在等候室里坐着。	Tom is still sitting in the waiting room.
5865506	这算是汤姆的新体验。	This is a new experience for Tom.
5865520	汤姆感谢玛丽的光临。	Tom thanked Mary for coming.
5865529	必须有外交解决的途径。	There must be a way to arrive at a diplomatic solution.
5868151	塔有点向西边倾斜。	The tower leaned slightly to the west.
5869911	这两个词容易混淆。	These two words are easily confused.
5897899	我不想在这些条件下工作。	I don't want to work under these conditions.
5900380	我们游览了所有主要城市。	We toured all the major cities.
5900381	你应该给你的孩子们树立好榜样。	You should set a good example for your children.
5903213	此国将周边诸国都视作威胁。	This country considers every neighboring country as a threat.
5903216	这个国家将周边的所有国家都视作威胁。	This country considers every neighboring country as a threat.
5903476	你在签字前必须仔细看合同。	You must look over the contract before you sign it.
5909459	纽约警察穿深蓝色制服。	The New York City police wear a dark blue uniform.
5909520	如果你迷路了，请向警察询问。	If you get lost in the street, ask a policeman.
5911616	他们说情况只是暂时的。	They said the situation was only temporary.
5911627	我们必须降低能源需求。	We must reduce energy demand.
5911660	我在海边捡了个漂亮贝壳。	I picked up a pretty shell at the seaside.
5911710	对里士满的威胁结束了。	The threat to Richmond was ended.
5919520	他娶了一个加拿大姑娘。	He married a Canadian girl.
5924726	这张火车票能报销吗？	Can I get a refund for this train ticket?
5924727	我们快破产了。	We're almost broke.
5931761	我们会给你留个位置。	We'll save a seat for you.
5941700	现在很多年轻人追捧小鲜肉的现象正常吗？	Is it normal that many young people these days idolize pretty boy stars?
5941708	这是一部低成本的电影。	This is a low-budget movie.
5941937	首先，我一点钱也没有。其次，我也没有时间。	First, I don't have any money. Second, I don't have the time.
5942073	每年都有大量新书出版。	A great number of books are published every year.
5948457	我想她想要的是束缚与支配。	I guess she's into bondage and domination.
5951353	这是一座边境小城。	This is a small border town.
5951354	边境上有一片农业区。	On the border, there is a stretch of agricultural land.
5951860	他还是赶快闭嘴的好。	The sooner he shuts up, the better.
5953340	我知道你的感情受伤了。	I know your feelings are hurt.
5957621	我参加了一个摄影比赛。	I participated in a photography competition.
5958725	他是一家海滨餐厅的服务员。	He is a waiter in a seaside restaurant.
5963985	我们知道我们的权利。	We know our rights.
5964270	我父亲每天早上都跑步。	My father goes jogging every morning.
5964274	我要成为最小气的那个。	I want to become the stingiest one.
5965724	这男人试着安装他自己的天线。	The man tried to install his own antenna.
5967293	汤姆很喜欢巧克力蛋糕。	Tom likes chocolate cake a lot.
5967303	他的工作是驾驶观光巴士。	His job is driving a sight-seeing bus.
5967631	这人把灵魂卖给魔鬼。	The man sold his soul to the devil.
5967633	我看到汤姆跟瑪丽争论。	I saw Tom having an argument with Mary.
5973395	我们乘车去以免迟到	So as to avoid being late, we went by car.
5973397	一个铜管乐队沿着路前进。	A brass band is marching along the street.
5973398	我们像澄清这个问题	We want to clear up this problem.
5977439	这是一种再加工茶叶。	This is a type of reprocessed tea.
5978323	我整个下午都在花园里。	I was in the garden all afternoon.
5978350	汤姆仔细地给玛丽解释。	Tom explained it to Mary very carefully.
5983609	我们要设法跟他们交流。	We have to try to communicate with them.
5983618	她没有试图掩盖真相。	She didn't try to hide the truth.
5983686	她在那地方待了片刻。	She stayed in that area for a short while.
5985457	我们有充分的理由论证这个假设。	We have sufficient evidence to prove this hypothesis.
5985468	我时间还来得及。	I can still make it.
5993925	我没看见什么弹孔。	I don't see any bullet holes.
5993945	这是非常好的土壤。	This is very good soil.
5993946	汤姆不能掩饰他的失望。	Tom couldn't conceal his disappointment.
5993948	爆米花是我最喜欢的零食。	Popcorn is my favorite snack.
5995376	这本书讲的是中国历史。	This book talks about Chinese history.
5998474	这件事是他人生的一个重要的转折点。	This was the turning point of his life.
5998475	这是一个历史的转折点。	This is a turning point in history.
6001195	卫兵神圣,不可侵犯	The guards are sacred and inviolable.
6005568	我喜欢视野好的房子。	I'd like a room with a good view.
6005570	他在全力以赴。	He's doing his best.
6005574	冷战以苏联解体结束。	The Cold War ended when the Soviet Union collapsed.
6010255	中国大陆的沿海有渤海，黄海，东海和南海。	The Chinese mainland's coasts are surrounded by the Bohai sea, the Yellow Sea, the East China sea and the South China sea.
6014700	你是否有恶心呕吐的感觉。	Do you feel nauseous?
6015798	他说话很没分寸。	He has no filter for what he says.
6017319	新剧院看上去很豪华。	The new theatre looks very luxurious.
6020619	我们的新家有一台电梯。	Our new home has an elevator.
6020626	她怀孕后仍然坚持工作。	She still went to work even after getting pregnant.
6023201	这个规定太不人性化了。	This rule is so inhumane.
6023203	这个设计很人性化。	This design is very ergonomic.
6028203	你最近去哪里旅游了吗？	Have you traveled anywhere recently?
6031629	这是一张多语言的单词对照表。	This is a multi-language word comparison table.
6037679	留西雅是一个很单纯的姑娘。	Lucia is a simple kind of girl.
6039669	在商朝，贝朋为通用货币。	Seashells were the legal tender in the Shang dynasty.
6044387	汤姆失去了信誉。	Tom lost his credibility.
6047129	我朋友会说汉语和日语。	My friend can speak Chinese and Japanese.
6047390	我没接触过这个球类游戏。	It's a whole new ball game for me.
6047432	船被安全地领入港口。	The boat was piloted safely into harbor.
6047434	好天气能持续到明天吗？	Will the fine weather keep up till tomorrow?
6047485	契约签订了。	The contract was signed.
6055118	我想学汉语，还想去中国。	I want to study Chinese and go to China.
6056519	明天上午你在露西家吗？	Will you be at Lucy's home tomorrow morning?
6057771	一片叶子正在掉下来。	A leaf is falling.
6057848	那天有数百万人受影响。	Millions were affected that day.
6057856	你为甚么哭得这么厉害？	Why did you cry so much?
6059536	瑪丽把头发染成蓝色的。	Mary dyed her hair blue.
6064620	那是我买这本书的原因。	That's the reason I bought this book.
6065362	那是唯一的出路。	It was the only way to go.
6065377	汤姆在监狱里待了三年。	Tom has spent the past three years in prison.
6065884	我发动不了我的拖拉机。	I can't get my tractor started.
6065940	我想让你歇歇。	I want you to take a break.
6075175	雕鸮和仓鸮有什么区别？	What's the difference between an eagle-owl and a barn owl?
6075515	我不调皮。	I am not mischievous.
6075666	你还想拥抱我一下吗？	Do you still want to give me a hug?
6077435	我不能预言会发生甚么。	I can't predict what'll happen.
6077487	我们承担不了犯错的后果。	We can't afford to make mistakes.
6081688	她穿着华丽的丝绸服饰。	She is wearing gorgeous silk clothes.
6081856	如果细究起来，实则不然。	If you begin to look at it more closely, actually, it is not.
6082513	此外，她有艺术家天赋。	In addition, she has an artistic flair.
6082528	他出生在一个宫殿里，那宫殿已经不存在了。	He was born in a palace that isn't there any more.
6084405	我认为我们该换个题目。	I think we should change the topic.
6089712	爱护文物, 人人有责。	It is everyone's duty to cherish cultural relics.
6089774	我有脑肿瘤。	I have a brain tumor.
6089947	骗子们必须有好记性。	Liars must have a good memory.
6092785	老师允许我提前回家。	The teacher granted me permission to go home early.
6093897	我们没有时间来辩论。	We don't have time to debate.
6094880	我肯定越来越接近了。	I must be getting close.
6095969	我在困难时总是依赖他。	I always rely on him in times of trouble.
6098464	他武装到牙齿。	He is armed to the teeth.
6099870	请你去超市买些水果来。	Please go to the supermarket to buy some fruit.
6100194	她的言论引起了舆论的不满。	Her remarks caused dissatisfaction in the public.
6100214	丝绸之路形成的初衷并非是贸易。	The original purpose of the Silk Road was not for trade.
6101330	这是两件里便宜的那个。	This is the cheaper of the two.
6101461	你能感受到不同之处吗？	Can you feel the difference?
6103177	我注意到一个图案。	I noticed a pattern.
6105229	汤姆平时不那样穿衣服。	Tom doesn't usually dress like that.
6109275	我不再是你的助手了。	I'm no longer your assistant.
6109291	我们必须开始考虑回收。	We've got to start thinking about recycling.
6109310	你最喜欢的电台是什么？	What's your favorite radio station?
6111596	他们在不同的领域取得了卓越的成就。	They have achieved excellent results in different fields.
6111597	他在多个领域取得了成就。	He achieved success in many fields.
6111850	我知道人们认为我古怪。	I know people think I'm odd.
6111937	林肯本人是沉默寡言的。	Lincoln himself was silent.
6111942	汤姆意识到他丢了钱包。	Tom realized that he had lost his wallet.
6111955	实际上，我没有暗示什么。	Actually, I'm not suggesting anything.
6120158	你去过西班牙的酒吧吗？	Have you ever gone to a Spanish bar?
6120205	他是一个很有爱心的人。	He is a very loving person.
6120902	我从没给我的狗喂过香蕉。	I have never fed my dog a banana.
6128441	我父母反对我出国留学。	My parents objected to my studying abroad.
6128471	我的文件在那个箱子里。	My papers were in that box.
6129093	今天晚上吃糖醋排骨。	I will eat sweet and sour spareribs tonight.
6131458	你读那本书需要大量词汇。	You need a large vocabulary to read that book.
6131479	孩子们不喜欢摸黑外出。	Children don't like to go out in the dark.
6131489	我确定没人跟踪我。	I made sure no one was following me.
6135011	我们国家必须开发自然资源。	Our country must develop its natural resources.
6135018	浴缸里满是热水和花瓣。	The bathtub was filled with hot water and flower petals.
6142013	昨天举办了开幕式。	The opening ceremony took place yesterday.
6142057	傍晚我喜欢沿着湖边散步。	At nightfall I like following the tradition of taking a walk along the lakeside.
6142061	看她的状态，快近于发疯了。	She looks as if she's almost lost it.
6142125	欧洲四季分明，是最适合人类居住的地区。	Europe, with its four distinct seasons, is the most suitable environment for the human race to live in.
6142335	总统不得解散国会。	The President cannot disband the Parliament.
6142490	美国总统有权否决与退回法案。	The President of the United States has the power to veto and send back legislation.
6142563	北极与南极的温度不一样。	The temperature at the North Pole is different from at the South Pole.
6145384	我奇怪为甚么汤姆那么激动。	I wonder why Tom is so excited.
6145401	我们有在这里停车的许可。	We got permission to park here.
6147563	他的父亲把一生奉献给了科学。	His father dedicated his life to science.
6147574	他对自己没有多少信心。	He has little confidence in himself.
6149799	他看到了一位内科医师。	He saw a physician.
6150008	一些程式错误被改正了。	Some bugs were fixed.
6151835	平流层的臭氧会吸收紫外线。	The ozone in the stratosphere absorbs ultraviolet radiation.
6151846	路卡利欧是《神奇宝贝》系列中的一种生物。	Lucario is a creature in the Pokémon series.
6152794	汤姆是最先作出反应的。	Tom was the first to react.
6154336	我需要去查一下档案。	I need to have a quick look at the files.
6154339	他们完全损坏了国家的形象。	They completely destroyed the image of the country.
6156203	图书馆在公车站牌旁边。	The library is next to the bus stop.
6158457	这里的特色菜是什么？	What is the specialty food here?
6158463	有其他样式吗？	Do you have other types?
6159420	这个航空公司的飞机怎么样？	How are this airline's airplanes?
6159421	他的双脚被交叉捆绑着。	His legs were crossed.
6161733	我喜欢喝天然的矿泉水。	I like to drink natural mineral water.
6183603	我的手机充电器坏了。	My phone charger is broken.
6195279	为什么我们进度这么落后?	Why are we so behind on this?
6197287	汤姆的护照过期了。	Tom's passport has expired.
6199275	汤姆输入密码。	Tom typed in the password.
6215776	您寄航空还是海运？	Do you like to send it by air mail or by surface mail?
6284425	这个词来源于希腊语。	This word is derived from Greek.
6285073	日本车的方向盘在右边。	Japanese cars' steering wheels are on the right.
6286224	这次核试验成功了。	This time, the nuclear test was a success.
6286225	这次核试验失败了。	This time, the nuclear test failed.
6291557	生活中的烦恼在所难免。	The troubles of life are inevitable.
6292467	他不愿意为同胞作证。	He is not willing to testify for his compatriot.
6298218	他的西语水平还应该提高。	His level of Spanish should still be improved.
6309814	他的谦逊值得尊敬。	His modesty is worth respecting.
6316775	让我们来简单地了解一下这个课题。	Let's take a brief look at this topic.
6321862	我快要到高潮了。	I am reaching the climax.
6325052	小心点，它很锋利。	Be careful. It's very sharp.
6325054	我那时还是个外行。	I was still an amateur at that time.
6325072	下周一再见。	See you again next Monday.
6325099	汤姆是个普通的青少年。	Tom is a normal teenager.
6333801	他的思维方式很幼稚。	His way of thinking is very childish.
6333811	我不贪婪。	I'm not greedy.
6333820	汤姆把日历挂在墙上。	Tom hung the calendar on the wall.
6401604	我需要先放一枚硬币吗？	Do I need to put a coin in first?
6404922	咖啡和茶使我感到兴奋。	Coffee and tea stimulate me.
6451962	星期日是我休息的日子。	Sunday is my rest day.
6451999	我儿子上小学三年级.	My son's in the third grade.
6452032	他的痛苦现在已经过去。	His pain is past now.
6452053	晚饭时他吃了一些米饭。	He had some rice for supper.
6461951	挣钱容易攒钱难。	It is easier to get money than to keep it.
6465599	如果相信，一切皆有可能。	All things are possible if you believe.
6467551	我们的性生活不是十分和谐。	Our sex life is not completely harmonious.
6467557	我该不该跟她坦白我的过去？	Should I make a confession of my past to her?
6477965	您现已切换至手动呼吸模式。	You are now breathing manually.
6478563	两队至今均未尝败绩。	Both teams are unbeaten.
6482306	这文件其实是汤姆写的。	This document was actually written by Tom.
6484890	预定在一点半与博士见面。	I planned to meet the professor at 1:30.
6534047	我们不能强迫人去做。	We can't force people to do that.
6534934	我没有做过非法的事。	I've never done anything illegal in my life.
6535140	他们是我们的合作伙伴。	They are our partners.
6535836	它发生在一眨眼之间。	It happened in the blink of an eye.
6535887	昨天我们写了我们的散文。	Yesterday we wrote our essays.
6559052	保镖要求看她的身份证。	The bouncer asked to see her I.D.
6559084	你为什么总是发短信？	Why are you texting all the time?
6559087	这个故事有一个悲惨的结局。	This story has a sad ending.
6563557	要是我说错话被人议论，我是不管的。	I don't mind being criticized when I am wrong.
6569992	担忧只是想象力的误用。	Most of the things you worry about never happen!
6570014	爱把喜悦带给所有的生命。	Love is what gives joy to all creation.
6579330	我觉得这个赞助不太合适。	I don't think this sponsor is very suitable.
6583580	我是最后交的考试卷。	I was the last one to turn in my test.
6585417	你不喜欢我的黄围巾吗？	Don't you like my yellow scarf?
6585429	周年纪念很重要。	Anniversaries are important.
6623204	很明显，汤姆已经做完了。	Tom has apparently done that already.
6624673	汤姆给瑪丽在她桌上留了便条。	Tom left a note for Mary on her desk.
6624724	汤姆怀疑瑪丽是否诚实。	Tom doubts whether Mary is honest.
6678463	汤姆告诉瑪丽他的年龄。	Tom told Mary his age.
6678479	他很快就适应了新环境。	He quickly accustomed himself to his new surroundings.
6680077	就算这样地球也照样转！	Even so, the Earth moves!
6682954	他是个富有才能的年轻导演。	He is a talented young director.
6682957	翻译的挑战让我着迷。	I'm captivated by the challenges of translation.
6714811	你太会胡说八道了！	You are so full of crap!
6744748	他下个一月从新加坡回。	He comes back from Singapore next January.
6744776	汤姆很笨拙。	Tom is all fingers and thumbs.
6774603	毒品问题是国际性的。	The drug problem is international.
6799628	我看这雨还会下一阵子。	I don't think this rain will let up anytime soon.
6799640	汤姆挺固执的不是吗？	Tom is being quite obstinate, isn't he?
6822541	他总是挑别人的毛病。	He is constantly finding fault with other people.
6822550	我想延长这里的住宿多几天。	I want to extend my stay here for a few more days.
6822734	医生决定立刻动手术。	The doctor decided to operate at once.
6822753	为抢救病人医生已尽力了。	The doctor tried every possible means to save his patient.
6822762	那时汤姆相当一个兽医。	Tom wanted to become a veterinarian.
6828259	惠子巧妙地把碗碟迭起再拿到水槽。	Keiko deftly piles up the dishes and takes them to the sink.
6832183	我不能破例。	I can't make an exception.
6835401	老师用录音机放音乐。	The teacher played music using a recorder.
6857070	有件事我一直想跟你商量。	There's something I've been meaning to discuss with you.
6867630	难怪我们没有办法说话。	No wonder we could not speak.
6903774	我不觉得汤姆是认真的。	I don't think Tom is serious.
6936203	我一定要给汤姆投票。	I'll definitely vote for Tom.
6937178	她床头有一根黄瓜。	She has a cucumber at her bedside.
6938113	汤姆就和玛丽一样兴奋。	Tom was just as excited as Mary.
6940029	我们本该更加努力学习。	We should've studied harder.
6947203	我们早餐有燕麦和玉米。	Our breakfast has oats and corn in it.
6952645	我想把这些土豆切成丝。	I want to slice these potatoes into strips.
6956942	说实话，我不太喜欢汤姆。	I don't like Tom very much, to be honest.
6956978	你能再买点儿泡黄瓜吗？	Can you buy some more pickles?
6962933	我始终不能理解看足球的乐趣，呵呵。	I have never been able to understand the joy of watching football, haha.
6967108	德国被韩国淘汰。	Germany was eliminated by South Korea.
6999507	我去注册一家健身房。	I'm going to register at a gym.
6999515	我想在研究生院注册。	I want to enroll at graduate school.
7004963	他迫切的需要找到工作	He urgently needs to find work.
7004964	他欺负比他小的孩子	He bullies younger children.
7011754	她刚刚买了两本娱乐杂志。	She just bought two entertainment magazines.
7011755	她在看一本娱乐杂志。	She is reading one entertainment magazine.
7012155	我们路上一帆风顺，直到遇上暴风雪。	We made good time until we ran into a blizzard.
7015501	他们似乎得罪了裁判。	They seemed to offend the referee.
7033616	靠武力取胜，犹如落败，因为这样的胜利不会长久。	Victory attained by violence is tantamount to a defeat, for it is momentary.
7069035	原版很好，然而葡萄牙语译文有误。	The original edition is great, but the Portuguese translation contains errors.
7139267	可怜的猫！ 她无法抓住敏捷的老鼠。	Poor cat! She can't catch the nimble mouse.
7218807	这种说法其实有点可疑。	This statement is actually kind of suspicious.
7432368	如果汤姆不投降，就开枪	If Tom doesn't surrender, shoot him.
7484365	废话少说，说重点。	Stop saying trifles! Focus on the main point.
7497326	祭祀结束之后，天就晴了。	The sky cleared up after the ritual was over.
7704620	我一直都相信你的判断。	I've always trusted your judgment.
7753622	骑士宣誓效忠于国王。	The knight swore an oath of allegiance to the king.
7767643	我知道你喜欢体育运动。	I know you like sports.
7767678	她很有可能会有所成就。	It's likely that she'll succeed.
7767712	我不歧视人。	I don't discriminate.
7768008	他没反抗。	He did not resist.
7768009	我在堕落！	I'm degenerating!
7768145	他的牙齿白得像珍珠一样。	His teeth are white like a pearl.
7768203	别再接近我的女朋友了！	Don't you ever go near my girl again.
7768217	汤姆决定陪玛丽在一起。	Tom decided to stay with Mary.
7768220	他终于恢复了理智。	He finally came to his senses.
7768298	我失去了生命中的十五秒。	I've lost 15 seconds of my life.
7768400	货物毫无损坏地到达了。	The goods arrived undamaged.
7769164	有一天这会让你遗憾的。	You will be sorry for it some day.
7771902	当时有多达千人在那里。	As many as a thousand people were there.
7771909	他在意大利出版图书。	He publishes books in Italy.
7771916	要小心那些说自己客观的人。	Beware of anyone who claims objectivity.
7771962	现在是买它的最好时机。	Now is a great time to buy one of those.
7772529	我的朋友相信阴谋论，我该试着向他指出他错了吗？	My friend believes conspiracy theories; should I try to prove him wrong?
7774366	可否劳驾你帮我个忙？	Could you please do me a favor?
7774415	没工夫休息的人，早晚会有工夫生病的。	People who cannot find time for recreation are obliged sooner or later to find time for illness.
7774602	无可奉告。	No comment.
7774769	她永远也做不到保守秘密。	She can never keep a secret.
7780621	他给了汤姆一个重要的地位。	He gave Tom an important position.
7780623	他歌儿唱得不咋地。	He can't sing well.
7781436	你看起来累了。你该歇息一会儿了。	You look tired. You should rest a little.
7781509	人类不能在火星上生存。	Humans cannot survive on Mars.
7787472	汤姆写了篇非常有深度的报道。	Tom wrote a very profound report.
7787475	谢谢你的祝福。	Thanks for your well-wishes.
7823015	我怀疑汤姆也感到兴趣。	I suspected that Tom was interested.
7832320	登月是一项里程碑式的成就。	The moon landing was a monumental achievement.
7835064	我办完事会立刻联络你。	I'll call you as soon as I've finished.
7837569	你几时动身去罗马？	When are you leaving for Rome?
7841360	把玛丽交代你去做的事告诉汤姆。	Tell Tom what Mary asked you to do.
7841362	汤姆犯了个大失误。	Tom has made a big mistake.
7841412	我想她肯定有其他技能。	I'm sure she has other skills.
7885811	汤姆对局势一无所知。	Tom knows nothing about the situation.
7885813	汤姆找到了他以为已经遗失的钥匙。	Tom found the key that he thought he'd lost.
7885818	我估计我无法及时赶到。	I don't think I'll be able to get there on time.
7976839	萨米的表演简直是灾难。	Sami's show was a disaster.
7976842	萨米不是个好的魔术师。	Sami is not good at being a magician.
7980283	他们是不会停止折磨我的。	They wouldn't stop torturing me.
7986223	你能把这清单按字母顺序排列吗？	Could you rearrange this list so it's in alphabetical order?
7999732	这条街的居民大多是无赖。	Most of the residents on this street are wrong 'uns.
8091305	都到了这地步，跟他争论也没有用。	There was no point in arguing with him at this point.
8091337	她在哪买到那双手套的？	Where did she buy those gloves?
8362583	你要吃面条还是吃米饭？	Do you want to eat noodles or rice?
8387370	他的房间总是很整齐。	His room is always tidy.
8387395	多亏了冷夏，啤酒卖的不好。	Thanks to a cold summer, beer has sold poorly.
8388770	我们被鼓励使用想像力。	We are encouraged to use our imagination.
8463527	她把鼻子贴在玻璃上。	She pressed her nose against the glass.
8463615	这场爆炸中有三人丧生。	Three people were killed in the explosion.
8463669	我删除了这个应用。	I deleted the app.
8463684	你的轮胎爆了一个。	One of your tires is flat.
8490496	汤姆不尊重玛丽的观点。	Tom doesn't respect Mary's opinion.
8496245	玛丽穿了一条朴素的白裙子。	Mary wore a simple white dress.
8501536	西班牙语是他们的母语。	Spanish is their native language.
8503017	有时候盟军无法避免战争。	Sometimes the Allies could not avoid battle.
8508415	今年我们会盈利的。	We'll be profitable this year.
8510726	她口齿伶俐。	She has a fluent tongue.
8511060	我可以轻而易举地碰到我的脚趾。	I can easily touch my toes.
8511422	你媳妇怎么样，汤姆？	How's your wife, Tom?
8511424	汤姆买了一台新的多功能打印机。	Tom bought a new multifunction printer.
8511547	这样的话，我会改变主意。	In that case, I'll change my mind.
8550358	阿尔及利亚不会崩溃。	Algeria isn't going to collapse.
8550957	难道不该有人帮汤姆吗？	Shouldn't someone be helping Tom?
8555685	我趴着睡觉。	I sleep on my stomach.
8558443	阿尔及尔没有双层巴士。	There are no double-decker buses in Algiers.
8558444	阿尔及尔有一条美丽的海滨长廊。	Algiers has a beautiful promenade on the seashore.
8558455	我们的友谊受到了考验。	Our friendship was put to the test.
8560567	法国是在试图压制阿尔及利亚的发展吗？	Is France trying to suppress Algeria's development?
8560794	阿尔及尔是一座有着超过三百多万人口的繁华都市。	Algiers is a bustling city of over three million people.
8560803	我希望汤姆已经吸取教训了。	I hope that Tom has learned his lesson.
8563446	不是所有的临床研究都是假设驱动的。	Not all clinical studies are hypothesis-driven.
8580989	阿尔及尔从不停滞不前。	Algiers never stands still.
8589162	什么是格式塔疗法？	What is Gestalt Therapy?
8589277	萨米对顾客变得更加挑衅了。	Sami became more aggressive with customers.
8589654	汤姆把欠我的钱还给我了。	Tom paid me back the money he owed me.
8589661	汤姆很长时间没洗澡了。	Tom hasn't taken a bath in a long time.
8591215	据我所知，她仍然失踪。	As far as I know, she is still missing.
8591218	玛丽翘着二郎腿坐在沙发上。	Mary sat cross-legged on the couch.
8591227	学校会提供帐篷给我们。	The school will provide tents for us.
8591290	有钱人未必比穷人幸福。	The rich are not always happier than the poor.
8592701	玛丽盘着腿坐在沙发上。	Mary sat cross-legged on the couch.
8593085	珠穆朗玛峰的海拔有多高？	What is the height of Mt. Everest?
8599723	这些进食模式是习得性行为。	These eating patterns are a learned behavior.
8602118	这里每一个人都害怕你。	Everyone here is afraid of you.
8603763	我父亲示意我离开会议室。	My father motioned for me to leave the meeting room.
8605825	各尽所能、按需分配。	From each according to their ability, to each according to their needs.
8605871	他做的和我要求的相反。	He did the reverse of what I asked.
8605876	玛丽暗自发笑。	Mary chuckled to herself.
8606824	再检查一下汤姆的脉搏。	Check Tom's pulse again.
8606842	你真该看看玛丽脸上的表情。	You should have seen the look on Mary's face.
8612474	我会找到你丢失的戒指。	I will find you your lost ring.
8621496	他的英文书不超过五本。	He has no more than five English books.
8631019	统治一个国家并不简单。	To govern a country is no easy job.
8635816	我不认识符合条件的人。	I don't know anyone who meets that description.
8635820	这个描述太抽象了。	This description is too abstract.
8637410	与此同时江琴分散了江枫的哥哥燕大侠的注意力。	Meanwhile, Jiang Qin distracted Jiang Feng's older brother Yan Daxia.
8640260	请诸位斟满酒，为新郎和新娘干杯！	Please charge your glasses and drink a toast to the bride and groom!
8652791	他为他的失败感到羞耻。	He is ashamed of his failure.
8654332	我想拔你的胡须。	I want to pluck your facial hair.
8658809	汤姆捐一半他的薪水给他最喜欢的慈善机构。	Tom donates half his salary to his favorite charity.
8673682	金泽市是个安静的城市。	Kanazawa is a quiet city.
8673761	汤姆的鞋底粘了口香糖。	Some chewing gum was stuck to the sole of Tom's shoe.
8679909	我对自己的作为很内疚。	I'm very ashamed of myself about what I've done.
8679940	蕾拉脱了衣服，赚到了钱。	Layla stripped and made money.
8685598	学校很快就要放暑假了。	School will soon be over for summer vacation.
8686666	我们是为了死亡而诞生的。	We were born to die.
8686669	感觉这不会有个好结局。	I feel like this isn't going to end well.
8686670	你的寒假怎么过的？	How did you spend your winter vacation?
8686686	我的软件全都是开源的。	All of my software is open source.
8686689	玛丽赶紧避开了眼光。	Mary quickly averted her eyes.
8686691	汤姆没法压抑自己的怒火了。	Tom couldn't hold back his anger.
8689147	今天早上我耳朵流血了。	My ear was bleeding this morning.
8690265	他想要减少进口品的税。	He wanted to reduce the tax on imports.
8692947	我抵抗不了甜食的诱惑。	I can't resist sweet things.
8696293	他把牛奶倒到杯子里了。	He poured the milk into the glass.
8696302	软件正在不断进化。	Software is constantly evolving.
8697595	汤姆发现了新的证据。	Tom found new evidence.
8697597	请把进展情况报告一下。	Please report the progress.
8697777	光阴飞似箭，水果飞似蕉。	Time flies like an arrow; fruit flies like a banana.
8706755	他牺牲生命，出卖组织。	He sacrificed his life and betrayed the organization.
8709405	没有合格的申请人吗？	Aren't there any qualified applicants?
8709410	这种药会减轻你的疼痛。	This medicine will decrease your pain.
8709512	汤姆和玛丽入住了一家高档酒店。	Tom and Mary stayed at a fancy hotel.
8709799	今晚我没心情出去吃饭。	I don't feel like eating out this evening.
8715017	这个森林里有很多小鸟。	There are many birds in this forest.
8715847	我觉得汤姆需要减肥了。	I think Tom should go on a diet.
8715879	正式工比临时工要好。	A permanent job is better than a temporary one.
8725728	两者之间有显着的差别。	There are noticeable differences between the two.
8725793	汤姆正昏迷不醒。	Tom's out cold.
8727930	汤姆对每个人都很友好。	Tom is friendly to everyone.
8730053	这个月我过得有点艰难。	This month was kind of difficult.
8730057	你们什么时候开始营业？	What time do you open?
8739379	亚马逊河有很多支流。	The Amazon is fed by a large number of tributaries.
8739618	他有超过一百万美元的资产。	He has over a million dollars in assets.
8739642	不要忘记汤姆对花生过敏。	Don't forget Tom is allergic to peanuts.
8739649	汤姆弯下腰，捧起了一把沙子。	Tom bent down and picked up a handful of sand.
8742174	不要在意，不是你的问题。	Don't worry about it. It's not your problem.
8742179	人造皮革是比不上真皮的。	Artificial leather can't compare with the real thing.
8743560	这会损害我们的信誉。	This will erode our credibility.
8743623	她雇佣我来帮助她。	She hired me to help her.
8743959	患者现在处于深度昏迷状态。	The patient is in a deep coma.
8744085	电视遥控器在沙发下面。	The TV remote control is under the couch.
8744705	你是动手能力强的人吗？	Are you a hands-on person?
8744840	狮子在跟踪它的猎物。	The lion is stalking its prey.
8744858	渔民用他的网捕到了一只紫色的水母。	The fisherman caught a purple jellyfish in his net.
8744878	他们总是为了小事吵架。	They always fight over little things.
8744936	这只燕子的翅膀受伤了。	This swallow's wing is injured.
8744964	整个过程需要耗费数月。	The whole process will take months.
8746404	玛丽让我坐在她的旁边。	Mary let me sit next to her.
8746408	这台电脑的屏幕很清晰。	This computer has a sharp screen.
8746512	汤姆在表达自己的意见的时候总是很慌张。	Tom never felt comfortable expressing his own opinion.
8746513	汤姆有可能对你撒谎了。	It's possible that Tom lied to you.
8748556	这是一个误导性的标题。	It's a misleading title.
8748559	他们认为自己是幸运的。	They consider themselves fortunate.
8748584	我们一定不能忘记每个人的内在价值。	We must never forget the inherent value of every human being.
8748585	汤姆和一堆陌生人在一起。	Tom was with a bunch of strangers.
8749668	在这里稍微休息一下吧。	Let's rest here.
8750728	汤姆在竞选国会议员。	Tom is running for Congress.
8750752	汤姆和玛丽不着急做那件事。	Tom and Mary are in no hurry to do that.
8750754	她称自己为业余爱好者。	She calls herself a hobbyist.
8750765	玛丽往嘴里塞了点东西。	Mary put something in her mouth.
8751425	你敢干涉我的事试试！	Don't you dare to meddle with my affairs.
8751463	阿尔及利亚能依赖可再生能源吗？	Can Algeria rely on renewable energy?
8761470	比起面包，我更喜欢米饭。	I prefer rice to bread.
8761472	我们打算下个月去旅游。	We are going on a journey next month.
8763577	汤姆是一位完美的专业人士。	Tom is a consummate professional.
8765053	它像婴儿的屁股一样光滑。	It's as smooth as a baby's bottom.
8765187	现在的猫都不吃老鼠了。	Cats don't eat mice these days.
8765223	“我也那样觉得。”她附和道。	"I think so, too," she chimed in.
8765233	没有人能逃过衰老。	No one can escape growing old.
8765864	猎人们用枪瞄准了大象。	The hunters aimed at the elephant.
8767479	包裹被海关扣了。	The package was seized by customs.
8775791	他向学生们告别了。	He bade farewell to the students.
8775850	她用手捂住了电话的话筒。	She covered the mouthpiece of the phone with her hand.
8775853	汤姆正站在房间的角落。	Tom is standing in the corner of the room.
8775992	因为堵车， 我开会迟到了。	Because there was traffic, I was late to the meeting.
8776014	等候室里有五位患者。	There are five patients in the waiting room.
8791831	你为什么这么含糊其辞？	Why are you being so evasive?
8791832	汤姆的回答很含糊不清。	Tom's answer was very evasive.
8791840	这位老教授的讲座冗长而沉闷。	The old professor's lectures are long-winded and ponderous.
8791841	她的脚步沉重地落在木地板上。	Her footsteps fell ponderously on the wooden floor.
8791843	汤姆握紧了他的拳头。	Tom clenched his fists.
8791845	他有明显的肌肉线条。	He's ripped.
8791851	汤姆把这一页撕掉了。	Tom ripped out the page.
8792021	我不像我以前那么拖延了。	I don't procrastinate as much as I used to.
8792027	你的项目进展得怎么样？	How's your project coming along?
8792037	我们需要称职的领导人。	We need competent leaders.
8792104	建夫专心致志地解决数学问题。	Takeo is engrossed in solving mathematical problems.
8795179	蒙娜丽莎有着神秘的微笑。	The Mona Lisa has an enigmatic smile.
8795204	他摆出一副无辜的样子。	He put on an air of innocence.
8795214	开罗的一栋大楼倒塌了。	A building collapsed in Cairo.
8795349	舌头和上颚都是味觉器官。	The tongue and the palate are the taste organs.
8798293	我向天地神明发誓我的话绝无一丝虚假。	I'm not lying. I swear to God!
8800301	我们必须执行他的命令。	We must execute his orders.
8800719	我有失眠症。	I can't sleep at night.
8800808	我的身体被冻得瑟瑟发抖。	I'm shivering with cold.
8815172	这块地毯是手工制作的。	This rug is handmade.
8824163	我喜欢草莓味的冰淇淋。	I like strawberry ice cream.
8824166	瑪丽婭抱着一个西瓜。	Mary is carrying a watermelon.
8825041	你从来没吃过獼猴桃吗？	Have you never eaten a kiwi fruit?
8825044	他做的蓝莓蛋糕很好吃。	The blueberry cake he made was delicious.
8832014	这个夏天我胖了两公斤。	I have put on two kilograms this summer.
8842856	嫌疑人是一位白人女性。	The suspect is a caucasian female.
8842862	感叹号是标点符号。	An exclamation mark is a punctuation mark.
8853717	汤姆好像颇为忙，对不对？	Tom seemed quite busy, didn't he?
8853770	他是个自由意志主义者。	He's a libertarian.
8854614	汤姆是个专业的魔术师。	Tom is a professional magician.
8857222	我的女朋友甩了我。	My girlfriend dumped me.
8860207	汤姆要甩了玛丽吗？	Is Tom going to dump Mary?
8871010	别唠叨！我需要学习。	Don't chatter! I have to study.
8877847	她的声音因愤怒而颤抖。	Her voice was quivering with anger.
8882018	他们根据情报采取行动。	They acted on the information.
8882024	他为自己的利益行事。	He is acting on his own behalf.
8883779	我们真的得加紧步伐了。	We've really got to step on it.
8889268	凡美的事物就是永恒的喜悦。	A thing of beauty is a joy forever.
8889568	你该选择个安全的密码。	You should choose a strong password!
8892936	解放龟岛！	Free Turtle Island!
8894421	在沙发下，汤姆找到了玛丽的项链。	Tom found Mary's necklace under the sofa.
8899415	汤姆好像很急切。	Tom seems eager.
8899417	他急切地学习了日语。	He studied Japanese eagerly.
8899420	胎盘的角色是滋养胎儿。	The role of the placenta is to nourish the foetus.
8899483	公主向皇帝请求饶恕。	The princess begged forgiveness from the emperor.
8902624	这块肥皂里添加了天然香料。	This soap is infused with natural fragrances.
8902684	我将增加画龙点睛的功能。	I'll add the finishing touch.
8903275	大熊猫只住在中国里。	Giant pandas live only in China.
8903292	这些汽车在日本制作了。	These cars are made in Japan.
8904342	你有新冠病毒的症状吗？	Do you have coronavirus symptoms?
8904354	我从来没乘坐船。	I've never been on a ship.
8905179	神仙只在童话里存在。	Fairies exist only in fairy tales.
8914614	情况丝毫没有改变。	The situation hasn't changed at all.
8914627	二的平方等于四。	Two squared equals four.
8916884	相对于橙子，我更喜欢苹果。	I prefer apples to oranges.
8926999	你见到今天早上的彩虹了吗？	Did you see the rainbow this morning?
8928634	我现在非常集中的学习。	I'm studying very hard.
8928655	他对外国人有偏见。	He has a prejudice against foreigners.
8930121	非洲是转移的大洲。	Africa is a continent of migration.
8930177	☭ 是一个共产主义的符号。	The ☭ is a symbol of communism.
8930184	锤子与镰刀代表共产主义。	The hammer and sickle symbolizes communism.
8930308	我很确定我们有足够好的汽油回家。	I'm pretty sure we have enough gas to get home.
8931550	汤姆是个无赖。	Tom is a scumbag.
8932001	你需要离开你的舒适区。	You need to get out of your comfort zone.
8932017	日本的军队在当时很强。	Japan's army was very powerful.
8932118	她告诉了我她很迷惑的。	She told me that she's puzzled.
8932461	别吸烟。吸烟可能缩短你的阴茎。	Don't smoke. Smoking can shorten your penis.
8932475	你从来吮了阴茎吗？	Have you ever sucked a penis?
8934247	大学被招收了三个中国学生。	Three Chinese students were admitted to the college.
8935386	我经常用信用卡，而不是钞票。	I usually use a credit card instead of cash.
8935930	汤姆终身未娶。	Tom remained a bachelor until his death.
8935964	男孩依旧沉默不语。	The boy remained silent.
8935967	森林外有一个美丽的湖泊。	A beautiful lake lay just beyond the forest.
8936275	我该用短一点的用户名的。	I should've chosen a shorter username.
8936304	你要注意不要太自信。	You should beware of overconfidence.
8936382	我觉得你应该赶紧走。	I think you should leave as soon as you can.
8960535	我在波士顿成长。	I grew up in Boston.
8968582	在七楼，你可以找到四个豪华餐厅。	On the seventh floor, you can find four luxury restaurants.
8969803	阿尔及利亚仍国境贫困。	Algeria is still poor.
8969819	我们有必要为上这门课买本教材吗？	Will it be necessary for us to buy a book for this class?
8971717	汤姆三年前创作了那首歌。	Tom wrote that song three years ago.
8975257	没什么能阻止你出发了。	There's nothing to prevent you from going.
9007579	我会更倾向于第二句话。	I would prefer the second sentence.
9007593	比起羊肉我更喜欢牛肉。	I like beef more than lamb.
9007596	汤姆是个杰出的爸爸。	Tom is an excellent father.
9035056	我们能在走廊里说话吗？	Can we speak in the hall?
9035057	把你的雨伞放在走廊里。	Leave your umbrella in the hall.
9035486	我给他展示了我的卧室。	I showed him my bedroom.
9037054	我在阳台上吃的早饭。	I ate breakfast on my balcony.
9037057	一家人在阳台上吃早饭。	The family eats breakfast on the balcony.
9046310	汤姆把钱藏在床垫底下。	Tom hid his money under his mattress.
9054559	避孕套可以预防性传播疾病。	Condoms offer protection against STDs.
9054618	这是我的历史课笔记本。	This is my history notebook.
9054932	我总是觉得她在隐瞒东西。	I always felt like she was hiding something.
9074739	这个鼠标突然毛病了。	Suddenly, this mouse stopped working.
9135868	你会用筷子吃饭吗？	Do you know how to eat with chopsticks?
9140854	我都不知道该怎么夸他们了。	I cannot praise them too highly.
9176169	我家后面有条胡同。	There's an alley behind my house.
9176184	事故发生在高速公路上。	The accident took place on the highway.
9179853	这艘船有六个桨。	This boat has six oars.
9306465	你胡乱打枪，会吓跑猎物的。	Your random firing will scare away the prey.
9400814	我说服汤姆帮我这么做。	I talked Tom into doing that for me.
9400943	汤姆和玛丽在超级市场。	Tom is at the shopping center with Mary.
9400946	很罕见看到像汤姆的人。	People like Tom are rare.
9400990	早安，师傅。我应该怎么样提高听力能力？	Good day, lords. In what way can I refine upon my adroitness in aural comprehension?
9401546	汤姆和我溅了对方。	Tom and I splashed each other.
9401573	汤姆是个差劲的教练。	Tom was a bad coach.
9401695	我至今还珍惜你十年前给我的项链。	I still cherish the necklace you gave me ten years ago.
9409405	你一向来都很好。	You've been very good.
9409437	他们说压力导致高血压。	They say stress causes high blood pressure.
9409456	我们必须学会互相尊重。	We must learn to respect each other.
9415042	他不要我跟着她去购物。	He didn't want me to go shopping with her.
9415197	对不起，我毁了你的婚礼。	I'm sorry I ruined your wedding.
9419111	汤姆没有以前那么条理。	Tom isn't as neat as he used to be.
9419127	我认为汤姆考试会及格。	I think that Tom is going to pass the examination.
9419143	汤姆很仔细地参考地图。	Tom is looking closely at the map.
9423234	我不必知道所有的细节。	I don't have to know all the details.
9423272	汤姆在车厢里找到玛丽的雨伞。	Tom found Mary's umbrella in the trunk of his car.
9423276	他的肚脐发炎了。	He had an infection in his belly button.
9423281	你干脆也来吧。	You might as well come, too.
9423572	印度的历史悠久。	India has a very old history.
9432343	汤姆收到玛丽的短信。	Tom got a message from Mary.
9432351	所目睹的不一定是真的。	Things that you see with your eyes are not necessarily true.
9432377	汤姆凝视了双脚。	Tom stared at his feet.
9432378	我流鼻涕。	I have a runny nose.
9436264	我认识胡安，我们是同事。	I know John – he's a workmate of mine.
9473402	我知道你阻止不了汤姆。	I know you can't stop Tom.
9475761	这些废墟年代久远。	These ruins are ancient.
9475767	这座城市成为了一片废墟。	The city fell into ruins.
9475787	一位王子骑着白马到来了。	A prince arrived, riding a white horse.
9480679	你应该考虑他们的宗教。	You should think of their religions.
9489468	我们时常发照片给对方。	We often send each other pictures.
9495276	没人体会我的感受。	Nobody knows how I feel.
9495803	我很惊讶，并且感到难过。	I was surprised and became sad.
9496157	太阳公公躲在云朵后面。	The sun is hiding behind the clouds.
9501200	这些问题必须谨慎处理。	These problems must be dealt with carefully.
9501483	我的脑一片空白。	My mind was blank.
9518505	这样做你能节约几个小时。	If you do it this way, you can save several hours.
9518553	该仪器需要校准。	This instrument needs to be calibrated.
9518683	我不愿意勾起久远的回忆。	I don't want to stir up old memories.
9524603	汤姆趴在方向盘上睡着了。	Tom fell asleep at the wheel.
9533748	汤姆和瑪丽脱离了危险。	Tom and Mary are out of danger.
9535876	亚历克斯是非二元性别。	Alex is non-binary.
9544140	我昨天停用了推特账户。	I deactivated my Twitter account yesterday.
9555186	他发言完后，大家陷入了沉默。	When he finished speaking, everyone was silent.
9578375	友谊紧紧联系着我们。	We are bound to each other by a close friendship.
9589458	从申请单中删除他的名字。	Delete his name from the list of the applicants.
9637787	那是个微妙的局势。	That's a delicate matter.
9694379	这几件睡衣是不分性别的。	These are unisex pyjamas.
9701594	女人通常比男人寿命长。	Women commonly live longer than men.
9772999	垂直的金发滑过她的肩膀。	Straight golden hair slides over her shoulder.
9779553	你班上最幽默的人是谁？	Who's the funniest person in your class?
9779555	你明白我有多么爱你吗？	Do you know how much I love you?
9780012	这条新闻哄动了世界。	This news shocked the world.
9780061	我会捍卫我的原则。	I'll stick to my principles.
9788833	水果富含维生素和矿物质。	Fruits are rich in vitamins and minerals.
9817742	问心无愧是一个成语。	"Having a clear conscience" is an idiom.
9931141	我把果酱撒到电源插座上短路了。	I spilled jam on the electric outlet and there was a short circuit.
9932480	平行四边形的对边平行。	The opposite sides of a parallelogram are parallel.
9932501	为什么你买了旅行保险？	Why did you buy travel insurance?
9932533	他不能处理好复杂情况。	He can't cope with complicated situations.
9952201	我们是同胞。	We're fellow countrymen.
9952204	请你在阅读完毕后归还此书。	Please return the book when you have finished reading it.
9952512	哪些文具不值得买？	What stationery isn't worth buying?
9955405	哪一件休斯敦火箭球衣最好看？	Which Houston Rockets jersey looks the nicest?
9955802	你用什么方式释放压力？	How do you relieve stress?
9955893	他凭直觉发现她在撒谎。	By intuition he knew she was lying.
9955974	黑面包在德国很受欢迎。	Dark bread is popular in Germany.
9956006	大概三平方英里。	It's about three square miles.
9956324	汤姆不加思索地行动。	Tom acted without thinking.
9956359	石油被油船运输。	Oil is transported by tanker.
9956384	和他们一起训练不是游戏。	Training with them is not a game.
9956880	不好意思，但我有点恶心。	Excuse me, but I feel sick.
9956961	我通过运动来缓解压力。	I exercise to relieve stress.
9958162	这不是一件开玩笑的事。	This isn't a joking matter.
9958222	汤姆被一只灰熊揍了。	Tom was attacked by a grizzly bear.
9958252	时间快来不及了。	We're running out of time.
9958489	我给他一个微笑，他也回报我一个微笑。	I smiled at him and he smiled back.
9958525	这是个很艰难的斗争。	It was an uphill struggle.
9958559	这份合同没有法律效力。	This contract is null and void.
9958577	我们可能会将你的私人信息和其他信息结合在一起。	We may combine your personal information with other information.
9958584	凉子有一张可爱的小脸。	Ryoko has a cute little face.
9958629	我只是想敞开心扉。	I just need to get something off my chest.
9959081	他被宣告破产。	He was declared bankrupt.
9959098	让我们赶走腐败的政客！	Let's chase out corrupt politicians!
9959670	玛丽打扮成一个女巫。	Mary dressed up as a witch.
9959680	我希望我没有得到职位。	I wish that I hadn't taken the office.
9959850	你想和我一起去逛街吗？	Would you like to go shopping with me?
9961254	你可以给我一张床单吗？	Can you give me a sheet?
9961292	这个实验室配备了最新的计算机。	This laboratory is equipped with the latest computers.
9961328	他是个卑鄙小人。	He is a despicable person.
9961446	更清晰些。	Be more precise.
9962129	汤姆不是种族主义者。	Tom isn't a racist.
9962255	汤姆不知道贫穷的感受。	Tom doesn't know what it's like to be poor.
9962473	下午你把房间收拾干净。	Clean up the room in the afternoon.
9962477	你在准备论文答辩吗？	Are you preparing for your thesis defense?
9962879	不要放松警惕。	Don't let your guard down.
9962913	高速列车在欧洲很常见。	High speed trains are common in Europe.
9963094	怪物的笑容很残忍。	The monster's smile was cruel.
9963138	自由是我们所力争的。	Freedom is what we're fighting for.
9963188	汤姆以前和我女儿约会。	Tom used to date my daughter.
9963234	门纳德的演讲非常完美。	Mennad's presentation was perfect.
9963251	面粉是那些你始终应该储备在厨房里的产品之一。	Flour is one of those products you should always have in your kitchen.
9964332	恐伊斯兰是个正在加剧的问题。	Islamophobia is a problem that's on the rise.
9964337	他把我忘了，难道不是吗？	He had forgotten me, didn't he?
9965444	我在这座小镇感到很孤独。	I feel lonely in this town.
9965488	那个谣言很快传播开来。	That rumor soon spread.
9969088	汤姆是个无知的傻子。	Tom is an ignorant fool.
9969116	他觉得自己占了上风，但我反过来扭转了局面。	He thought he had the upper hand, but I turned the tables on him.
9969120	我希望你对此保密。	I'd like you to keep this a secret.
9969130	她试着改正孩子撒谎的习惯。	She has tried to correct the child’s habit of telling lies.
9969171	毕竟，我应认真相信些什么？	In the end, what must I really believe in?
9969185	移民川流不息地进入这个国家。	The immigrants entered the country in a steady flow.
9969247	飞机失去了一部分机翼。	The plane lost part of its wing.
9969248	这是个企业生活区。	This is a company town.
9969995	蟋蟀的叫声与蛙鸣催我入眠。	The sound of crickets chirping and frogs croaking lulls me to sleep.
9970061	你们知道谁发明了火药吗？	Do you know who invented gunpowder?
9970070	你度过愉快的时光了吗？	Did you have a good time?
9970747	我们应该对人使用基因编辑吗？	Should we use genetic engineering on people?
9972488	我要另一片面包。	I want another slice of bread.
9972813	玛丽是个了不起的女人。	Mary is a wonderful woman.
9972816	它是给容易上当受骗的人的。	That's for suckers.
9974944	我们落后于原定计划。	We are behind schedule.
9974952	游艇绕浮标航行。	The yacht sailed around a buoy.
9974954	系统会调整成允许你看到的内容。	The system will be adjusted to what it is that you are allowed to see.
9975372	你必须每天背一篇古典文献。	You should memorize a piece of classical literature every day.
9975381	这是个非常好的数据库。	This is a very good data base.
9981327	”原谅我。” — “我应该原谅什么？”	"Forgive me." "What do I have to forgive?"
9982229	玛丽希望能够出去玩耍。	Mary wished she could go outside and play.
9982231	汤姆腿上的伤口愈合了。	The wound on Tom's leg has healed.
9987048	吴语的方言差异很大。	Different variants of Shanghainese differ greatly with each other.
9987054	口语比书面语更贴近生活。	Spoken language is closer to life than written language.
9987116	我将会努力作贡献的！	I will work hard to contribute!
9989854	算了，我们聊点开心的事吧！	Forget it, let us talk about happy stuff!
9989857	这段时间昼夜温差很大。	There is a large temperature difference between day and night during this period of time.
9989886	你擅长书法吗？	Are you good at calligraphy?
9989940	我并没有义务帮助你。	I actually don't have an obligation to help you.
9989956	我突然很想念我的故乡。	I suddenly feel nostalgic for my homeland.
9990044	我灵感枯竭了。	My inspiration has run dry.
9990126	你觉得说这种话合适吗？	Do you think it's appropriate to talk like that?
9990195	她总是很自卑。	She is always so unconfident.
9991964	关于这种方言的资料很少。	There is little information about this dialect.
9992003	这种墨水颜色鲜艳。	This ink is colorful.
10005869	在第一个信号灯处右转。	Turn right at the first traffic light.
10006997	它好像是非结构性的。	It seems to be unstructured.
10007055	人们必须查看硬币的正反面。	People must examine the front and back of a coin.
10011673	我的证件丢了。	I lost my papers.
10011733	这是片干燥地区，几乎是一片荒漠。	It is an arid region, almost a desert.
10019601	这套房子设施便利齐全。	The house has all the conveniences.
10021144	你不需要提高你的音量。	You don't have to raise your voice.
10021153	我们会用银行转帐付款。	We will make the payment by bank transfer.
10021235	她从姜黄里提取美丽色彩。	She extracts beautiful colors from turmeric.
10023039	他梦想着成为一名英雄。	He dreamed of being a hero.
10024462	夏天总是闷热而又潮湿。	Summer is always hot and humid.
10024483	你的论文还需要改进。	Your essay still needs some improvement.
10028087	这对他来说是致命的打击。	To him this is a deadly blow.
10028117	你怎么看待这个词的定义？	What do you think of this word's definition?
10040443	警察以走私为由逮捕了他。	The police arrested him for smuggling.
10040489	屋顶有一部分被刮走了。	Part of the roof blew off.
10041925	正规的考试不允许使用涂改液。	A proper test does not allow the use of correction fluid.
10041929	要不要买个无线鼠标呢？	Should I buy a wireless mouse?
10041955	馒头和馍馍有区别吗？	Is there a difference between steamed buns and steamed bread?
10041966	变性者需要不断服用激素来维持性别特征吗？	Do transgender people need to continuously use hormones to maintain their sexual characteristics?
10041979	画龙点睛是一则寓言故事。	"Drawing dragons and dotting in the eyes" is a fable.
10043970	我最近忙得晕头转向。	I’ve been absolutely off my feet lately.
10045058	难以抵抗给句子押韵的愿望。	It's hard to resist the wish to make the sentence rhyme.
10045286	这只猫跳上了他的肩膀。	The cat jumped onto his shoulder.
10047711	汤姆捏了玛丽的手。	Tom squeezed Mary's hand.
10058503	章鱼小丸子真的很美味！	Takoyaki is really quite delicious.
10064219	药物的作用还不确定。	Whether the medicine will work or not is uncertain.
10085622	因此，我们必须自己照顾自己。	Hence, we have to take care of ourselves.
10086127	他有个随地吐痰的习惯。	He has the habit of spitting on the ground.
10098963	他一直都对他的未来事业保持着开明的心态。	He always kept an open mind about his future career.
10099066	我们有一些令人鼓舞的消息。	We have some encouraging news.
10109504	终于，他来到了绝望之井。	At last, he arrived at the Well of Despair.
10109525	汤姆和玛丽达成了协议。	Tom and Mary came to an understanding.
10160409	我们测量了这条河的深度。	We measured the depth of the river.
10184281	那一瞬间，仿佛一切都停止了。	In just a moment, it seemed like everything stopped.
10188034	美国的工人开始抗议。	American workers began to protest.
10188035	我是美国的公民。	I'm an American citizen.
10188059	巴哈伊信仰是个很棒的宗教。	The Baha'i Faith is a very cool religion.
10188069	我对现代艺术不感兴趣。	Modern art doesn't interest me.
10189727	经过几十年的内战，秩序恢复了。	After decades of civil war, order was restored.
10191055	现代艺术对我没有兴趣。	Modern art isn't interested in me.
10192243	你想要哪种风格的家具？	What style of furniture would you like?
10192308	挣钱是他的宗教。	Making money is his religion.
10192344	澳大利亚有很多中餐厅。	There are many Chinese restaurants in Australia.
10192346	严格来说，中文包含几百种方言。	Strictly speaking, Chinese consists of hundreds of dialects.
10193682	汤姆是个会计师。	Tom is an accountant.
10193684	我是个会计师。	I'm an accountant.
10193685	汤姆是一名金融分析师。	Tom is a financial analyst.
10194195	这个产品是中国制造的。	This product was made in China.
10194197	中国有日益壮大的中产阶层。	China has a growing middle class.
10198208	这个女孩在超市买牛奶。	This girl is buying milk at the supermarket.
10199249	我们的航班被取消了。	Our flight was canceled.
10201151	当然，杂技演员必须有完美的平衡感。	Of course, an acrobat must have a perfect sense of balance.
10201155	墨汁用作染料时会产生有趣的图案。	India ink produces an interesting pattern when used as a dye.
10206403	汤姆送我的苹果好好吃。	The apples Tom sent me were delicious.
10206425	汤姆下个星期一会被判决。	Tom will be sentenced next Monday.
10215680	幕后操纵者是谁？	Who's behind it?
10219956	虽然我没在火车上睡觉。	Although I haven't slept on the train.
10230468	她的衣服破旧不堪。	Her clothes are worn out.
10260349	别指望我会帮你写作业。	Don't expect me to help you with your homework.
10260760	我的老婆孩子都依靠我。	My wife and children depend on me.
10260791	一座新的教学楼正在建设。	A new school building is under construction.
10265160	他在收获他的劳动果实。	He is reaping the fruits of his labor.
10265783	我感到万分焦虑。	I felt incredibly nervous.
10266092	这件事真的感动到我了。	I was really moved by this.
10268907	宇宙里有多少个星系呀？	How many galaxies are there in the universe?
10268920	为什么你们在打喷嚏？	Why are you sneezing?
10269023	那一刻，时间仿佛静止了。	At that moment, time seemed to stand still.
10269070	瑪丽亚在教我挪威语。	Maria teaches me Norwegian.
10271714	即便是小孩子也能做到呢。	Even a child can do it.
10272133	工业化常会导致环境污染。	Industrialization often goes hand in hand with pollution.
10272162	您为什么喜欢打篮球？	Why do you like playing basketball?
10272583	音乐是人类共同的语言。	Music is a common speech for humanity.
10272653	起初的天灾迅速演变为了人祸。	What was at first a natural disaster rapidly became a man-made debacle.
10273855	哪条路都可以去公园哦。	You can reach the park by either road.
10273865	可恶，家的钥匙到底放哪去了?	Shit, where the fuck did I put my home keys?
10273870	她突然有了一个绝妙的灵感。	Suddenly she had a brilliant inspiration.
10273871	即使在受到表扬的时候，谦虚也是很重要的。	Even when one is being praised, modesty is important.
10275150	这部电影是我迄今为止看过的最好的一部。	This is the best movie I've ever seen.
10275162	饿着肚子是没法打仗的。	You can't fight on an empty stomach.
10278322	我觉得她一点也不可怜。	I don't feel sorry for her.
10283288	您在哪些国家居住过呀？	What countries have you lived in?
10298144	我有不同尺寸的锤子。	I have hammers of different sizes.
10301350	你应该认为这是个很可观的改进。	You must think of this as a great improvement.
10301547	你干嘛不穿件连衣裙呢？	Why don't you wear a dress?
10301645	汤姆和瑪丽亚到树林里采集蘑菇去了。	Tom and Mary went into the forest to collect mushrooms.
10303626	我已经不记得第一次碰到汤姆的情形了。	I don't remember the first time I met Tom.
10305415	他当时是可以保护她的。	He could've protected her.
10305694	我们轮流划船吧。	Let's take turns rowing the boat.
10305855	不决定本身就是一个决定。	Not choosing is choosing already.
10308990	所有人都有享有国籍的权利。	Everyone has the right to a nationality.
10311937	她们提高了她们的嗓门。	They raised their voices.
10320491	汤姆在嘴里叼了根儿烟。	Tom had a cigar in his mouth.
10320533	他重新戴上了他的头盔。	He put his helmet back on.
10325746	我从来不做梦，这正常吗？	I never dream. Is that normal?
10326108	太空旅行已不再是幻想。	Space travel is no longer a dream.
10327482	相信你的梦想，不论它们有多么地不切实际。	Believe in your dreams, no matter how impossible they seem.
10327497	别让狭隘的人让你相信你的梦想过于宏大。	Don't let narrow-minded people convince you that your dreams are too big.
10329965	那玩意儿怎么在这儿？	What's that doing here?
10332929	汤姆在波士顿学新闻学。	Tom studies journalism in Boston.
10332961	汤姆起码比我高一个头。	Tom is at least one head taller than I am.
10333114	我的尿液是透明的。	My urine is clear.
10333122	这或许是个不好的例子。	Maybe this is a bad example.
10334982	这不意味着你不应该小心。	That doesn't mean you shouldn't be careful.
10335157	我不相信汤姆是位律师。	I don't believe Tom is a lawyer.
10336111	她有一张椭圆形的脸。	She has an oval face.
10339533	你确信这条路是对的吗？	Are you sure this is the right way?
10339661	汤姆摘下了他的老花镜。	Tom took his reading glasses off.
10341476	大家当时的心情都很差。	Everyone was in a bad mood.
10342214	“天天寒暄就是我们做的所有事了。”汤姆无奈地回答。	"Exchanging courtesies every day is all we've done," Tom answered with resignation.
10342221	要说容貌，她不比她姊姊难看。	In terms of appearance, she's not any worse than her sister.
10342269	我喜欢地理学和历史。	I like geography and history.
10342272	你需要赔偿他损失的钱。	You must compensate him for the money he lost.
10342282	纯素食者们闻起来更好。	Vegans smell better.
10342293	爱你自己，成为纯素食者！	Love yourself. Go vegan!
10355131	汤姆很野蛮。	Tom is an animal.
10355169	请勿给野生动物喂食。	Please don't feed the wild animals.
10355180	动物依靠牠们的本能行动。	Animals act on instinct.
10355410	汤姆肯定不止三十了。	Tom must be over thirty.
10361420	我们明天去跳蚤市场吧。	Let's go to the flea market tomorrow.
10365089	我知道汤姆是名教练。	I know that Tom is a coach.
10365092	他是下一代人的领袖。	He's the leader of the next generation.
10365093	他每天起码会看一部电影。	He watches at least one movie a day.
10367177	什么赋予了人生意义？	What gives life its meaning?
10368487	我喜欢那件紫色的上衣。	I like that purple shirt.
10369278	瑪丽亚在打磨她的指甲。	Mary is filing her nails.
10369291	汤姆在蹦床上跳了几个后空翻。	Tom did some backflips on the trampoline.
10370976	他是个孤儿，而且不识字。	He was an orphan and illiterate.
10376116	汤姆教运动心理学。	Tom teaches sport psychology.
10400702	我平均每月看两部电影。	On average, I watch two films a month.
10450538	别尝试转变话题。	Don't try to change the subject.
10450772	她是潮流的奴隶。	She is a slave of fashion.
10450945	你为什么假装不认识我？	Why are you pretending you don't know me?
10455456	汤姆和瑪丽就是没法儿和睦相处。	Tom and Mary never got along.
10460402	汤姆也表示了相似观点。	Tom has expressed similar ideas.
10460425	我们缺氧时就会打哈欠。	We yawn when we are short of oxygen.
10460709	丹因为琳达被炒了魷鱼。	Dan was fired because of Linda.
10460780	警方将催泪弹投掷到了建筑中。	The cops threw tear-gas bombs into the building.
10460820	外币的汇率天天都变。	The exchange rates for foreign currency change daily.
10461326	那如石头一般坚硬。	It was hard as rock.
10467023	你的腮帮子肿了多久了？	How long have your cheeks been swollen?
10472678	我不小心格式化了你的硬盘。	I've formatted your hard disk by mistake.
10473445	只有个别人才懂了我的意思。	Only a few people understood me.
10484053	我的梳子在哪里呢？	Where is my comb?
10484057	她把梳子放在抽屉里面。	She put the comb in the drawer.
10484061	振奋起来！	Chin up!
10484073	垃圾桶空了。	The bin is empty.
10484075	我讨厌我的眉毛。	I hate my eyebrows.
10484079	玛丽有绿色的眉毛。	Mary has green eyebrows.
10484113	屋子物美价廉。	The house looked good; moreover, the price was right.
10484379	这真的是主观的。	It's really a matter of opinion.
10484398	玛丽跪了下来。	Mary knelt down.
10485558	我们得销毁证据。	We must destroy the evidence.
10488765	凡是大城市都有交通堵塞的问题。	All big cities have traffic problems.
10491068	厨房里的水龙头在漏水。	The faucet in the kitchen is dripping.
10495212	汤姆在虚张声势。	Tom's bluffing.
10498055	他不顾我们的一再劝告。	He ignored all of our warnings.
10503089	汤姆预料这会发生。	Tom expected this to happen.
10503994	汤姆是中介。	Tom is a realtor.
10504010	他讲一口地道的俄语。	He speaks Russian perfectly.
10510971	你为什么只拦下了外国人？	Why did you stop only the foreigners?
10513294	许多苍鹭在沼泽地中生活。	Lots of herons live in the marsh.
10513310	我是你的代理人。	I'm your deputy.
10514116	很多人都相信针灸有治愈疾病的功效。	Many people believe acupuncture can cure diseases.
10518650	我们的到来引起了注意。	Our arrival drew attention.
10518656	衰老不得，智慧不得不得。	Don't get older, get wiser.
10518665	结果并不可观。	It was a modest outcome.
10518733	用拧檬汁代替醋。	Use lemon juice instead of vinegar.
10522522	我的裁缝很有钱。	My tailor is rich.
10524990	只可惜那些美妙的词语并非出于我手。	Unfortunately those beautiful words are not my own.
10530868	你什么时候需要交作文？	When have you got to hand in your essay?
10534918	我需要一张证件照。	I need a passport photo.
10535643	他一天去五次清真寺。	He goes to the mosque five times a day.
10537173	他们没法发动他们的车。	They couldn't get their car started.
10537176	我们启程开车去卡比利亚。	We started driving to Kabylie.
10537181	我茕茕孑立，形影相吊。	I was alone.
10540056	我咀嚼困难。	I have difficulty chewing.
10541216	约翰当时在疯狂地打手势。	John motioned furiously.
10541554	你们这儿什么菜最有特色？	What's your most special dish?
10541555	他在自然地理科学界取得了突破性的成果。	He did pioneering work in the field of physical geography.
10546741	秘书把信塞到了信封里。	The secretary stuffed the letter into an envelope.
10548248	你怕啥？就是部电影罢了。	Why are you so scared? It's just a movie.
10551913	他的农场的土地十分肥沃。	The land on his farm is very fertile.
10557501	我更偏向于这个版本。	I prefer this version.
10559111	阿尔及利亚有资助伊斯兰主义者和恐怖主义。	Algeria finances Islamists and terrorism.
10569123	他倚着我的肩膀睡着了。	He fell asleep on my shoulder.
10569129	她当时只有一丁点儿钱。	She had only a small sum of money.
10569499	给丢到垃圾桶里去。	Put it in the rubbish.
10569641	还有不少人依然相信呢。	Quite a number of people still believe it.
10571811	瑪丽着装暴露。	Mary is scantily clad.
10580106	服务站的卫生间大多很脏。	The toilets at motorway service stations are often very dirty.
10581715	我干嘛在跟你叨叨这些？	Why am I telling you all this?
10600522	太阳突然被乌云遮住了。	The sun was hidden suddenly by dark clouds.
10602054	这座寺庙是何时建的呢？	When was this temple built?
10606798	我希望您没出什么岔子。	I hope you did not have any problem.
10609045	汤姆受不了像那样的人。	Tom can't stand people like that.
10610066	这些旧硬币是她给我的。	She gave me these old coins.
10613086	他曾经反对垄断。	He was opposed to monopolies.
10613732	她在为一本书收集材料。	She is collecting material for a book.
10613830	我睁开了一只眼睛。	I opened one eye.
10618353	挺住。救护车马上就来了。	Hang on. The ambulance will get here in just a little bit.
10619348	瑪丽友好地向我点了点头。	Mary gave me a friendly nod.
10628449	穆勒先生是我儿子汤姆的班主任。	Mr Miller is the form teacher of my son Tom.
10628472	他的名字众所周知。	Everyone knows his name.
10628774	谁是你最喜欢的摄影师？	Who is your favorite photographer?
10629949	这首歌会让我联想到他的名字。	I associate this song with his name.
10641751	你的状况并非毫无希望。	Your situation isn't hopeless.
10643764	睡觉之前把牙给刷了啊。	Brush your teeth before you go to sleep.
10648750	汤姆每次要是不带地图的话就会迷路。	Tom always gets lost if he doesn't carry a map.
10654560	汤姆是体育解说员。	Tom is a sports commentator.
10695949	我知道汤姆对蜜蜂过敏。	I know that Tom is allergic to bees.
10696003	一点火花让火药爆炸。	A spark caused the gunpowder to explode.
10696011	油漂浮在水上。	Oil will float on water.
10699367	你是否身患需服药的疾病？	Do you suffer from diseases that require medication?
10700112	她流泪了。	She shed tears.
10706234	田野和小径被雾气笼罩着。	Mist hung over the fields and footpaths.
10713324	我的职业正是我的爱好。	My profession is my hobby.
10733069	我必须知道。	I have to know.
10734052	不要点击那个链接。	Don't click on that link.
10734972	你的嘴唇上有东西。	You've got something on your lip.
10738214	我们想下午到街上去逛。	We would like to go shopping in the streets in the afternoon.
10739014	我该走了，要不然我会迟到的。	I have to go, otherwise I'll arrive late.
10742655	谁会禁止这样的事情呢？	Who would forbid such a thing?
10752758	奴役制是一种危害人类罪。	Slavery is a crime against humanity.
10752782	人平均一分钟眨几次眼睛？	How many times a minute does the average person blink?
10752789	我在下载这份网络档案。	I'm downloading this internet archive.
10752801	汤姆害羞胆怯。	Tom is shy and cowardly.
10871952	她笑眯眯的对我招手。	She waved her hand to me, smiling brightly.
10895605	松鼠动作敏捷。	Squirrels are quick of movement.
10961056	爸爸，我的杯子在哪里？	Dad, where's my glass?
10966765	那个饭馆在火车站前面。	That restaurant is in front of the train station.
11044298	您新买的是辆崭新的车吗？	Have you bought a brand-new car?
11046260	麦克每天大概赚三百元。	Mike makes about 300 yuan a day.
11122879	别跟轻易放弃的人交往。	Don't associate yourself with people that give up easily.
11122919	我不需要你口头上的温柔。	I don't need your verbal gentleness.
11136297	你不能回避官方政策	You can't avoid office politics.
11136309	我等待她对我的答复	I'm waiting for her to answer me.
11136330	我只能描述这可怕的味道像呕吐物混合着烂肉。	I can only describe the terrible smell as vomit mixed with rotting flesh.
11199814	汤姆为这个披萨付了钱。	Tom paid for the pizza.
11238626	“她又有魅力又风趣！” “那她会做饭吗？” “谁在乎？”	"She's not only beautiful but also humorous." "Can she cook?" "Who cares?"
11238627	我对书法略知一二。	I know a bit about calligraphy.
11239871	我放松时会听古典乐。	I relax while listening to classical music.
11240802	他在沙滩上建了座小屋。	He built a cabin on the beach.
11243372	这个词有两种含义。	This word has two meanings.
11243446	每个人都可能变成尸体。	Every man is a potential corpse.
11380976	玲奶奶死的不瞑目。流传说那栋房子至今未人敢入住。	Grandma Ling died with unfinished business. It is said that to this day no one has dared to live in that house.
11406546	年轻就是本钱。	Youth is an asset.
11509090	你太可笑了!	You are ridiculous!
11577947	你今天乖吗？	Did you behave today?
11698196	愚昧始终是危险的。	Ignorance is always dangerous.
11706409	那个位置很偏僻。	It's quite a remote spot.
11762465	这个坏掉的花瓶无法修复了。	This broken vase can't be repaired.
11763427	我想学日语，但是我不喜欢看日本动画片。	I want to learn Japanese but I don't like watching anime.
11837204	大家都很喜欢这个节日。	Everyone likes this festival very much.
11837290	服务员，请给我们菜单。	Waiter, please give us the menu.
11841594	亚妮住在阿尔及尔的郊区	Yanni lives on the outskirts of Algiers.
11841598	我相当肯定汤姆的成功	I'm quite sure of Tom's success.
11841644	她发现了他的真实面目，嗯？	She sniffed out his true intentions, huh.
11958947	那别墅因为听说闹鬼所以很便宜。	The mansion was so cheap because it was known to be haunted.
12043652	我知道汤姆与瑪丽口渴。	I know that Tom and Mary are thirsty.
12059640	他有群众魅力。	He's got charisma.
12080367	她是强大的对手，不是吗？	She's a tough competitor, isn't she?
12080599	汤姆害怕待在洞穴里。	Tom was afraid to stay in the cave.
12088482	你是一名杰出的摄影师。	You're a brilliant photographer.
12120003	你的刀生锈了。	Your knife is rusty.
12137293	存在主义是一种人道主义。	Existentialism is a humanism.
12166254	她即使不化妆也非常可爱。	Even without makeup, she's very cute.
12221550	现在我规律服药。	Now I take medication regularly.
12253231	我开心得不得了。	I was over the moon!
12267890	城堡如今已经成了废墟。	The castle is now in ruins.
12271016	快步前进，同志们！	Hurry on, comrades!
12278107	电视遥控器是怎么运作的？	How do TV remotes work?
12278582	「他是特意的。」「谁特意在做什么？」	"She's doing it on purpose." "Who's doing what on purpose?"
12278585	这里全都是语法纳粹党人。	It's all grammar nazis up in here.
12283022	去阳台上晒晒太阳怎么样？	Why don't you go out on the balcony and get some sun?
12295216	斑马的影子没有条纹。	Zebra shadows don't have stripes.
12303579	日常用品变得愈加贵了。	Daily commodities increased in price.
12310604	小伙子，在这儿干嘛呢？	What are you doing here, young man?
12333049	汤姆不会使用指南针。	Tom doesn't know how to use a compass.
12363118	汤姆一向违反知识产权。	Tom always violates copyright laws.
12369743	瑪莉拉阴沉着脸。	Marilla's face was rather grim.
12387607	我太着急了，忘了锁门。	I was in such a hurry that I forgot to lock the door.
12393577	有的鸟可以穿越音障。	Some birds can break the sound barrier.
12420185	用尺子画线。	Draw a line with a ruler.
12422337	我在便利店买了肉包吃了。	I bought meat buns at the convenience store and ate them.
12422361	南方和北方的差异很大。	The north differs greatly from the south.
12422626	我在东京做导游。	I'm a tour guide in Tokyo.
12438588	狗停下了脚步，好像在抗议。	The dog stopped walking, as if to complain.
12487859	弹钢琴需要手指灵活。	Playing the piano requires manual dexterity.
12568674	大多数动物都有保护幼仔的本能。	Most animals have an instinct to protect their young.
12568677	爬树的动物, 比如猫, 长有爪子。	Animals that climb trees, like cats, have claws.
12568707	柳枝在微风中轻轻荡悠。	The willow branches swayed gently in the breeze.
12568721	这张钞票是假造的。	This banknote is a forgery.
12568730	资本家倾向于压榨工人。	The capitalists tend to exploit the working people.
12568849	他的羽毛球打得真厉害。	He plays badminton very well.
12568858	文章开头讲了当前的形势。	The article begins with an account of the current situation.
12574933	他善于在青年中识拔人才。	He is good at spotting young talent.
12574943	大妈, 我们给您拜年来啦！	Auntie, we’ve come to wish you a Happy New Year.
12615413	雅妮像中了圈套的狼一样惊慌	Yanni panicked like a wolf in a snare.
12615476	发泄很少改善我的情绪，反而经常使它更糟。	Venting rarely improves my mood and often makes it worse.
12615500	展望未来！	Look towards the future!
12617579	汤姆竭尽全力追赶。	Tom did his best to catch up.
12686314	希望你喜欢黎巴嫩菜肴。	I hope you like Lebanese food.
12686333	我一直住这家酒店的哦。	I always stay at this hotel.
12686374	我最喜欢的颜色是棕色。	My favorite color is brown.
12705159	天行健，君子以自强不息；地势坤，君子以厚德载物。	As heaven maintains its vigorous motion, the noble person should strive for continuous self-improvement. As the earth's nature is receptive and nurturing, the noble person should cultivate great virtue to support and carry all things.
12796464	汤姆分不清游戏与斗争。	Tom couldn't tell the difference between play and struggle.
12880276	省略掉无用的词！	Omit needless words!
12986027	吹噓与雄心的差别甚小。	The difference between bragging and being ambitious is miniscule.
12992342	她揉了揉她的眼睛。	She rubbed her eyes.
12992702	别把菸头往地上扔，要不然蟑螂会得癌症的。	Don't throw cigarette butts on the ground. Cockroaches might get cancer.
13006906	他半夜给了我一枚戒指。	He gave me a ring at midnight.
13008351	汤姆买了台很高级的相机。	Tom bought a very good camera.
13008982	没有调查就没有发言权。	No investigation, no right to speak.
13042874	枪杆子里面出政权。	Political power grows out of the barrel of a gun.
13043297	凡是反动的东西，你不打，它就不倒。	Everything reactionary is the same; if you do not hit it, it will not fall.
13046619	你今年做的最刺激的事是什么？	What's the most exciting thing you've done this year?
13049706	直接和我说我要做什么。	Just tell me what I have to do.
13060206	这对夫妇有七个子女之多。	The couple have no less than seven children.
13069523	你有光明的未来。	You've got a bright future.
13086604	西里西亚省是波兰人口稠密度最大的地区。	The Silesian Voivodeship is the most densely populated region of Poland.
13104195	这冰太薄不能承受你的重量。	The ice is too thin to bear your weight.
13108708	汤姆蹲了三年多的监狱。	Tom spent more than three years in jail.
13108715	我们想为弗洛依德讨要公道。	We want justice for Floyd.
13108739	阿尔及利亚什么都进口。	Algeria imports everything.
13108740	音量调节在哪里？	Where's the volume control?
13108741	他是扁平足。	He has flat feet.
13108747	那本小说的作者是谁呢？	Who is the author of the novel?
13108748	汤姆穿着潜水服。	Tom is wearing a wetsuit.
13108749	不要慌张喔。	Don't do anything hasty.
13108752	不行，今天不知为何没有干劲。	It's useless, I'm not motivated today for some reason.
13108765	我只想休养。	I just want to rest.
13109245	印度尼西亚有许多残留日本兵。	Indonesia had many Japanese holdout soldiers.
13109383	将混合物搅拌均匀。	Blend the mixture together until it is smooth.
13109401	我用玉米搭配豇豆。	I combined black-eyed beans with corn.
13109411	阿尔及利亚人是好客的族群。	The Algerians are a hospitable people.
13109731	汤姆和好友打算抢银行。	Tom and his friends planned to rob a bank.
13110029	萨米看到照片，立刻感到厌恶。	Sami the picture and he was immediately disgusted.
13111467	我认为，你已经完全具备了潜伏的资质。	I believe you already possess all the qualities needed to go undercover.
13111770	还要花能量砍掉。	It still costs energy to chop it off.
13117508	我真的很想扁一个人。	I really need to hit somebody.
13117528	为了赶上她，他尽快的走。	He walked as fast as he could to catch up with her.
13117550	我知道汤姆比我矮很多。	I know Tom is a lot shorter than I am.
13117563	晚了！墙上杂志就要发布了！	Too late! The wall magazine is ready to be published!
13117586	人们指控他参与了这场阴谋。	They accused him of being part of the plot.
13117590	我觉得，有些课程一定有人学。	I think some lessons have definitely been learned.
13117591	签名是伪造的。	The signature had been a forgery.
13117596	石楠花有助于抑制花园里的杂草。	Heathers help to suppress weeds in your garden.
13118943	我精简语言。	I shortened my speeches.
13118945	这是一项艰苦的工作。	This is painstaking work.
13118951	他相信，战争是为了正义而战。	He believed that the war was fought in the cause of justice.
13118956	由硬体到软体的转变是缓慢的。	The transition from hardware to software happened gradually.
13119003	问题不是政治不纯洁，而是整个政治博弈已经腐朽。	The trouble is not with impure politics, but that the whole game of politics is rotten.
13119351	汤姆说，他真的没有借助他人协助，自己完成了那件事。	Tom said that he really did do that without anybody's help.
13119361	你的歌声清澈如太平洋的海水。	You sing with a voice as clear as the waters of the Pacific Ocean.
13119411	勤劳的人将获得成功人生。	An industrious person will succeed in life.
13119417	请你把真实体验写下来。	Please write about your real experience.
13124362	你是何时创作这幅画的?	When did you paint this?
13135831	我们都有要实现的命运吗？	Do we all have a destiny to fulfill?
13137879	我不想吹牛。	I don't mean to brag.
13137951	莎米没想让萊拉难过的。	Sami didn't mean to upset Layla.
13138104	汤姆没想侮辱谁。	Tom didn't mean to insult anybody.
13138161	我并不想唠叨你。	I don't mean to nag you.
13138195	我没想要让你牵扯进来。	I didn't mean to involve you.
13138228	我没想要让你难堪。	I didn't mean to embarrass you.
13138449	他已经足够大去投票了	He's old enough to vote, isn't he?
13138864	我省略了什么？	What did I omit?
13138984	詹姆士上网搜寻。	James searched online.
13144698	加布里埃尔打扰了莉瑪。	Gabriel disturbed Rima.
13153640	穿过花园时，请勿践踏花坛。	Please don’t stomp on the flower beds when you walk through the garden.
13153667	他愤怒地践踏水坑，弄得泥水四溅。	Angrily, he stomped on the puddle, splashing mud everywhere.
13153773	峡谷对他来说非常深。	The gorge looked very deep to him.
13153774	铁桥峡谷是联合国教科文组织世界遗产。	Ironbridge Gorge is a Unesco world heritage site.
13155816	背后感受到她的目光。	I felt her gaze from behind.
13175392	像四月一样反复无常。	Capricious as April.
13175449	阿尔及利亚公布了新的经济计画。	Algeria has unveiled a new economic plan.
13180223	雅尼正在学习环境科学。	Yanni is studying environmental science.
13180224	这是环境灾害。	It's an environmental disaster.
13180229	城市扩张会对环境造成破坏。	Urban sprawl is environmentally damaging.
13180265	有时候，现实比科幻还奇妙。	Sometimes reality surpasses fiction.
13180315	他提倡减税。	He advocated reduction of taxes.
13180318	存活分析显示，机率显着减少。	Survival analysis showed a significant reduction.
13180325	他们要求减少工作时长。	They demand a reduction in working hours.
13180342	法西斯主义传播至全球。	Fascists are globalized.
13180351	放眼全球，立足本土。	Think globally, act locally.
13188332	谢谢你的辛勤工作。	Thank you for your hard work.
13190507	价格应该符合预算。	The price should fit my budget.
13190509	我需要耐用好几年的手机。	I need a phone that can last for several years.
13190518	相机品质是我的优先考量。	Camera quality is a top priority for me.
13190520	我想要支持快充的手机。	I'd like a phone that supports fast charging.
13190529	一座历史地标已经修复并将重新开放。	A historical landmark has been restored and will reopen.
13199813	一切事物皆是相对的。	Everything is relative.
13201785	快点储存！	Save now!
13201786	现在储存！	Save now!
13201807	学生们佩服她的领导能力。	Students admire her leadership skills.
13201814	汤姆天生具有领导能力。	Tom has natural leadership ability.
13201817	有领导潜力吗？	Do you have leadership potential?
13203683	乌克兰是一个主权国家。	Ukraine is a sovereign country.
13204746	外行谈策略，内行谈后勤。	Amateurs talk strategy, professionals talk logistics.
13204773	这是世界上最美妙的声音。	That's the most beautiful sound in the world.
13206628	开辟新天地。	Break new ground.
13206712	太空人为发射做准备。	The astronauts prepared for launch.
13231604	苏联是在二十五年前解体的。	The Soviet Union collapsed 25 years ago.
13233040	我们正在探索火星。	We are exploring Mars.
13233798	这把刀对我来说很实用。	This knife was very useful to me.
13236120	阿拉伯语的语法很难理解。	Arabic grammar is hard to understand.
13240167	不可被她的外表蒙骗。	Don't be fooled by her appearance.
13244332	反思并回应。	Reflect and respond.
13244372	你们的演说很出色。	Your speech was excellent.
13244375	仇恨言论会煽动私刑。	Hate speech incites lynchings.
13249545	我将车停在建筑物后面。	I parked behind the building.
13249631	台湾是一个岛屿国家。	Taiwan is an island nation.
13249633	你在台湾品尝过火锅吗 ?	Have you tried the hot pot in Taiwan?
13249663	台湾是高科技领先国。	Taiwan leads in tech.
13249683	台湾的夏天很潮湿闷热。	Summers in Taiwan are sweltering.
13249688	台湾是出口导向的经济体。	Taiwan is an export-oriented economy.
13249689	台湾的货币是什么 ?	What is the currency of Taiwan?
13249700	棒球在台湾是热门的运动。	Baseball is a popular sport in Taiwan.
13249708	台湾曾经是日本的殖民地。	Taiwan was once a colony of Japan.
13249715	我们需要保卫台湾的主权。	We need to defend Taiwan's sovereignty.
13249725	台湾的森林终年常青。	The forests in Taiwan stay green all year round.
13254646	和平谈判再次破裂了。	The peace talks failed again.
13259020	欢迎来到我的频道。	Welcome to my channel.
13259727	台湾将维护自由。	Taiwan will remain free!
13278101	汤姆的笑声很有感染力。	Tom's laughter is infectious.
13278108	他对流浪狗很小心。	He's careful of stray dogs.
13285174	他们确认了风险因素。	They identified the risk factors.
13285183	形势似乎非常紧张严峻。	The situation seemed very tense and dangerous.
13293538	雅尼去了一场大型音乐节。	Yanni went to a huge music festival.
13321256	从此，咖啡的价格翻倍。	The price of coffee has doubled since then.
13346878	爱泼斯坦没有自杀。	Epstein didn't kill himself.
13363501	如果我当时有空，我一定会应邀的。	If I were free, I would accept your invitation.
13370284	这艘船穿过巴拿马运河	The ship went through the Panama Canal.
13386176	特朗普杀了爱泼斯坦。	Trump killed Epstein.
13455222	他们的评论很有启发性。	Their comments were illuminating.
13490135	整个框架由铁金属制成。	The whole framework was made of iron.
13490137	法律架构的存在，使战争罪犯的责任可以追究。	Legal frameworks exist to hold war criminals accountable.
13490138	我们需要让阿尔及利亚保持在社会主义框架内。	We need to keep Algeria within the socialist framework.
13495628	罗伯特的健康状况日益恶化。	Robert's health deteriorated day by day.
13504848	他快速浏览摘要，寻找要找的论文。	He quickly read through the abstracts to find the paper he was looking for.
13504852	萊拉很外向、有爱心、会照顾人。	Layla was very outgoing, loving, and caring.
13504855	陪审团看起来很震惊。	The jury looked shocked.
13507744	我要去商店给你买些酒。	I'll go to the store and buy you some wine.
13507746	瑪丽她很活跃，不是吗？	Mary is an active person, isn't she?
13511522	多款经典家庭游戏也将于下个月同步上架。	Several classic, family-friendly games will also join the service next month.
13511536	这款游戏让玩家能亲身体验球队经理的生活。	This title allows players to live the life of a football manager.
13513734	我不在乎你对我的看法。	I don't give a damn what you think of me.
13513754	汤姆重见光明。	Tom regained his sight.
13518859	汤姆发现自己是阴阳人。	Tom found out he was intersex.
13518861	阴阳人与跨性别是两码事。	Intersex and trans are two different things.
13519131	「今天谁值班？」「我值班。」	"Who's on duty today?" "I'm on duty."
13519136	拼音文字有助于让人更正确、更轻松地认读。	A text written with vocalisation helps in reading it more correctly and easily.
13519149	俄语动词的一个特征是存在体的范畴。	A special feature of verbs in the Russian language is the presence of the category of aspect.
13519175	我们会把人间变成天堂。	We will turn the world into a paradise.
13519184	设立「普丁法庭」的程序已经启动。	The process of creating a “tribunal for Putin” has been launched.
13519337	川普是俄罗斯的资产。	Trump is a Russian asset.
13519339	只要制定学习计划，就能有效地取得进步。	If you make a study plan, you can make progress efficiently.
13519345	这片地不适合发展农业。	This land is not suitable for agriculture.
13519349	他为什么仍然犹豫不决？	Why did he remain hesitant?
13519479	为什么要接受这个任务？	Why did you take it on?
13523572	他说话的语气好像是在害怕什么。	He speaks as though he were afraid of something.
13523744	四处奔跑的狗找到了骨头。	The dog that trots about finds a bone.
13523746	汤姆把这对耳环给了我。	Tom gave these earrings to me.
13523783	淑华说她明年想出国打工，结果被家人劝退。	Shu-hwa said she wanted to work abroad next year, but her family talked her out of it.
13523786	俊杰今天请假，好像去考公职。	Chun-chieh took the day off. I think he's taking the civil service exam.
13523787	慧如那个简报档还没传喔？客户在催。	Hasn't Huiru sent the slides yet? The client's pushing.
13523788	宗翰最近被调去高雄分公司，听说待遇不错。	Tsung-han got transferred to the Kaohsiung branch. I heard the pay's good.
13523793	子翔那个人太老实了，谈恋爱都被动得要命。	Tzu-hsiang's way too honest. He's hopelessly passive in relationships.
13524088	莎米的婚礼即将到来。	Sami was approaching his wedding.
13524159	谴责种族主义很重要，但光是谴责种族主义是不够的。	It is important to condemn racism, but that alone is not enough.
13524166	你最喜欢什么作业系统？	What's your favorite operating system?
13525484	你对这件事太过重视了。	You make too much of the event.
13525498	海格力斯有强健的肌肉。	Hercules had strong muscles.
13526168	伊戈尔非常不屑一顾。	Igor was very dismissive.
13526181	等一下，我得去趟洗手间。	Hang on, I need to go to the bathroom.
13527575	您对电脑文化有何看法？	What do you think about PC culture?
13527714	萨米是从客服部门调来的。	Sami was transferred from customer service.
13527718	莎米拨打了客服热线。	Sami called the customer service line.
13527727	这家汽车租赁公司提供了优质的客服业务。	The car rental agency provided excellent customer service.
13527799	如果装置无法正常运作，请联络对应的客服专线。	Contact the appropriate customer service helpline if the device does not operate properly.
13528949	这片区域已隔离。	This area has been quarantined.
13531845	我们没出过问题。	We haven't had problems.
13537166	拉伸是运动前后不可忽略的重要环节。	Stretching is an important part of exercise that should not be ignored before and after workouts.
13537650	新竹的贡丸和米粉非常有名，吸引不少游客品尝。	Hsinchu's meatballs and rice noodles are very famous, attracting many tourists to taste them.
13539447	查尔斯剥开了你的香蕉。	Charles peels your banana.
13539910	这名士兵被授予紫心勳章。	This soldier was awarded the Purple Heart.
13539985	俗话说：高丽菜汤和粥是我们的食物。	There is a saying: cabbage soup and porridge are our food.
13540026	汤姆用叉子戳我的手臂。	Tom stuck a fork in my arm.
13540036	我们来到了岔路口。	We've come to a fork in the road.
13540037	我需要一把干净的叉子。	I need a clean fork.
13540046	萨米将生锈的叉子放进了洗碗机。	Sami put the rusty fork in the dishwasher.
13543146	用本生灯加热鉀，火焰就会呈现淡紫色。	Potassium, heated with a Bunsen burner, gives the flame a lilac color.
13543147	胡萝卜为我的餐点增添了色彩。	Carrots add color to my meals.
13543148	艺术家必须拥有敏锐的色彩眼光。	An artist has to have a color-sensitive eye.
13543149	加热器发出美丽的橙色光芒。	The heater is aglow with a beautiful orange color.
13543156	线条艺术强调形式和轮廓，而不是颜色、阴影和纹理。	Line art emphasizes form and outline, over color, shading, and texture.
13543158	橡树的果实是什么？	What is the fruit of the oak?
13543700	我把起酥油涂抹在鹿肉上。	I daub the venison with shortening.
13543825	碳酸氢鈉通常被称为小苏打。	Sodium bicarbonate is commonly known as baking soda.
13544331	服务员，请给我三杯咖啡。	Waiter, three coffees, please.
13545609	汤姆把胡子编成了辫子。	Tom has braided his beard.
13545612	你想让我帮你编辫子吗？	Would you like me to braid your hair?
13545650	我求你了，鮑勃，放轻松点。	For God's sake Bob, lighten up.
13546216	这天气最适合晾衣服了。	This is perfect weather for drying clothes.
13547804	基隆的海鲜餐厅非常有名。	The seafood restaurants in Keelung are very famous.
13549533	如今肉类价格昂贵。	Meat is expensive nowadays.
13549549	妈妈，你这个发型显得老气。	Mom, that hairstyle makes you look old.
13549577	雅尼刚刚对他的挤奶桶进行了消毒。	Yanni has just sterilized his milking bucket.
13549587	充分氧化反应赋予红茶浓郁醇厚的风味和深琥珀色。	Full oxidation gives black tea its deep, robust flavor and dark amber color.
13549621	派对上有很多美味的小吃。	There were many delicious snacks at the party.
13549624	炸肉丸不是一种健康的零食。	A frikandel is not a healthy snack.
13549630	雅尼买了些零食给我们。	Yanni got us some snacks.
13549661	美国在中东的行为如同恐怖主义势力。	The USA is acting like a terrorist force in the Middle East.
13549664	许多人能够非法进入美国。	Many are able to enter the USA illegally.
13549670	其他人已经舔干净锅底了。	The others have already licked the bottom of the pot.
13551866	他看起来完全无法镇定。	Looks like he has completely lost his composure.
13552105	唐纳德去清理镜子碎片。	Donald went to clean up the mirror fragments.
13552113	房间里的镜面墙营造出宽敞的错觉。	A mirror wall in the room creates an illusion of spaciousness.
13552123	他打开了浴缸里的水龙头。	He has the water running in the bathtub.
13552155	我在监狱里打扫过厕所。	I cleaned toilets in a prison.
13552158	齐里去了员工专用洗手间。	Ziri went to a staff-only toilet.
13552162	萨米以为萊拉在上厕所。	Sami thought Layla was using the toilet.
13552165	我儿子正在锻炼上厕所。	My son is being toilet trained.
13552186	我居住的地方风比较大。	I live in a rather windy area.
13552208	巴西是一个幅员辽阔的国家。	Brazil is a huge country.
13552259	周五上午时间非常紧迫。	Time was in short supply on Friday morning.
13552260	工作日包括：星期一、二、三、四、五。	The weekdays are: Monday, Tuesday, Wednesday, Thursday, and Friday.
13552273	汤姆找不到锅铲了，只好用夹子为煎饼翻面。	Unable to find a spatula, Tom used tongs to flip the pancakes.
13556454	我把蔬菜在煎锅里糖漬。	I candy the vegetables in the frying pan.
13556456	我每天至少用一次煎锅。	I use a frying pan at least once a day.
13556480	明天星期一是复活节。	Tomorrow is Easter Monday.
13556502	她缓缓消失在雾气弥漫的森林中。	She slowly disappeared into the foggy forest.
13556515	中国正将阿尔及利亚纳入「一带一路」战略。	China is incorporating Algeria into its Belt and Road strategy.
13556521	苗瑤语系的语言分布于东南亚和中国南方山区。	Languages in the Hmong-Mien language family, also referred to as the Miao-Yao language family, are spoken across Southeast Asia and mountainous areas of southern China.
13556529	烤箱内如有液体洒出，应立即清理，以免留下顽固污漬。	Clean up spills inside the oven as soon as they happen to avoid stubborn stains.
13556538	烹饪结束后请清洁炉灶和烤箱。	Clean the stove and oven after cooking.
13556569	在法国的时候，你是在大使馆工作还是在领事馆工作？	In France did you work at the embassy or in the consulate?
13557588	黄昏时分，天空染上了紫色的光。	At dusk, the sky was dyed with purple light.
13561189	那里有大型花店吗？	Is there a large flower shop there?
13561233	石楠花通常是淡紫色的。	Heather flowers are usually mauve.
13563275	主机板的包装盒在哪里？	Where's the box the motherboard came in?
13563276	电源转接器的包装盒在哪里？	Where's the box the power supply came in?
13564957	汤姆想在发出录取通知前先确认申请人的品行证明。	Tom wanted to check the applicant's character reference before extending an offer.
13564963	这起空难是迄今为止加拿大境内最严重的空难。	The crash was and remains to date the deadliest airplane accident on Canadian soil.
13564964	唐纳德彻底告别了那种虚假的生活。	Donald said goodbye to that fake life forever.
13573145	眼前的景色让齐里感到自身的渺小。	Ziri felt humbled by such a scenery.
13573146	他们欣赏了美丽的风景。	They admired the lovely scenery.
13573229	我们爬山的时候绳子断了。	The rope broke when we were climbing the mountain.
13573399	图阿雷格人该把他们的牲畜转移到山谷去了。	It's time for the Tuaregs to transfer their herds to the valley.
13573450	我学生时代也做过一次。	I did that once when I was a student.
13573481	她在黑板上写了什么？	What did she write on the blackboard?
13573491	汤姆在黑板上写了什么？	What did Tom write on the blackboard?
13573498	他组织了一场关于时事的课堂辩论。	He organized a classroom debate on current events.
13573548	成熟的枇杷很容易从树上摘下来。	Ripe medlars come away easily from the tree.
13573774	她怀念自己的青春岁月。	She pines for the days of her youth.
13573942	乐队正在进行音响测试。	The band is now doing a sound check.
13575526	体育场内已搭建起舞台。	A stage has been set up in the stadium.
13575532	这场四分之一决赛的胜者将晋级半决赛。	The winner of this quarter-final match will advance to the semi-final stage.
13575748	在日本，梅雨季节从六月初持续到七月中旬。	In Japan, the rainy season lasts from the beginning of June to the middle of July.
13575750	他就像七月四日的烟火一样耀眼！我心想：「哇！」	He was bright like the 4th of July! "Wow!", I thought!
13575761	阿尔卑斯山脉义大利一侧的海拔通常较低。	The Alps are generally lower on the Italian side.
13575790	明天，我将飞越雄伟的喜马拉雅山脉。	Tomorrow, I'll fly over the magnificent Himalayas.
13575861	他曾四次攀登富士山。	He climbed Mount Fuji four times.
13575863	富士山是日本的象征。	Mt. Fuji is a symbol of Japan.
13575868	我们想攀登富士山。	We want to climb Mt. Fuji.
13575906	这是安第斯山脉的最高峰。	It's the highest mountain in the Andes.
13579012	汤姆是位考古学家，在领导罗马附近的发掘项目。	Tom is an archaeologist leading the excavations near Rome.
13579988	我强烈推荐任何想学习一门手艺的人都去读这本书。	I greatly recommend reading it to anybody thinking of learning a craft.
13579998	孩子们常用彩纸制作手工艺品。	Children often use construction paper to make crafts.
13580006	我们必须加强经济实力。	We must strengthen our economy.
13583611	我需要检查一下你的血压。	I need to check your blood pressure.
13598167	汤姆，你能帮我掩护吗？	Tom, will you cover for me?
13598703	汤姆有家属需要赡养。	Tom has dependents.
13600256	汤姆想一个人待一会儿。	Tom wanted some time alone.
13656769	他们企图突破敌军的防线。	They attempted to break through the enemy line.
13656774	我正在传递正能量。嗡——	I'm sending positive vibes. Ommmmmm.
13663168	我们没取得什么成果。	We didn't accomplish much.
13663186	汤姆正在接受瑪丽的采访。	Tom is being interviewed by Mary.
13665604	汤姆帮助瑪莉装饰圣诞树。	Tom helped Mary decorate her Christmas tree.
13666063	矿里能找到宝贵的矿物质。	A mine is where you find precious minerals.
13667843	汤姆只不过是实习生。	Tom is just an intern.
13667866	速成好身材。	Get fit fast.
13671103	住宅围栏应该多高？	How high should a home fence be?
13729349	我毫无顾虑。	I don't have a care in the world.
13734198	行动迟缓的蓝色美洲狮从勤奋的猫身下滑过。	The slow blue puma slides under the diligent cat.
13734207	他累坏了，需要有人扛着。	He's exhausted and need to be carried.
13734230	你更喜欢滑冰还是轮滑？	Which do you enjoy more, ice skating or roller skating?
13736363	他从未踩过那块地毯。	He never stepped on that rug.
13736369	汤姆有点调皮捣蛋。	Tom is somewhat mischievous.
13736377	这张图片经过数位修改。	The image was digitally altered.
13750269	汤姆说我当初应该去找玛丽帮我。	Tom said that I should've asked Mary for help.
13751701	我会毫不犹豫嫁给你。	I would marry you without hesitation.
13753047	她很清楚自己该怎么做。	She knows exactly what she should do.
13753099	幸好丹正在赶来的路上。	Fortunately, Dan was on the way.
13753103	我们在澳洲有一位同事。	We have a colleague in Australia.
13754358	这周的经历真是太棒了。	This week has been an amazing experience.
13779664	汤姆和瑪丽要发财了。	Tom and Mary are going to be rich.
13786724	我们有个优惠要给你。	We've got an offer for you.
13788176	他们把我的限制提高了。	They've upped my limit.
13795585	我可以在这里兑换这张支票吗？	Can I cash this check here?
13799565	任人唯贤是一个童话。	Meritocracy is a fairy tale.
13799584	哼，我就知道事情会变成这样。	Hmph, I just knew things would turn out this way.
13825932	汤姆伸长脖子四处张望。	Tom craned his neck in every direction.
13825939	我厌恶这位新总统。	I abhor the new president.
13826474	汤姆吃力地去碰脚趾。	Tom struggled to touch his toes.
13831731	革命不是请客吃饭。	A revolution is not a dinner party.
13832487	在异乡生活，偶尔收到朋友的关怀让人倍感温暖。	As a stranger in a strange land, the sporadic solicitude from friends can be especially heart-warming.
13833969	那是出车祸了吗？可恶，我现在绝对来不及准时上班了！	Is that a car accident? Crap, now I'll never make it to work on time!
13833972	这需要加免责声明吗？	Does this need a disclaimer?
13835347	扭转治疗是酷刑。	Conversion therapy is torture.
13835759	这片人造草皮踩在脚下感觉富有弹性。	The astroturf feels springy under your feet.
13837434	营辅员应负责为学生提供指引和辅导。	The camp counselors are supposed to provide guidance and mentorship to the students.
13837435	总重量过大，导致卡车抛錨。	Their combined weight was too much and caused the truck to break down.
13837441	用这种好事来威胁我？我巴不得呢。	Don't threaten me with a good time.
13839302	你上个月减了多少公斤？	How many kilograms did you lose last month?
13839303	为啥汤姆要吃这些药片？	Why does Tom take those pills?
13840837	我讨厌前面的车毫无缘故地突然煞车。	I hate when the driver in front of me hits the brakes for no reason.
13843537	我是个所谓的局外人。	I was an outsider, so to speak.
13844475	真是轰动一时。	It was sensational.
13846654	他从事考古学工作。	He works in archeology.
13846669	角斗士在罗马竞技场中搏斗。	Gladiators fought in the Colosseum.
13847481	齐里移动的速度快多了。	Ziri was moving much faster.
13847492	他独自坐在柜台旁。	He was sitting at the counter by himself.
13847525	今天是农历几号？	What day is today in the Chinese calendar?
13849247	市府应补贴经常性开支庞大的产业中的小型企业。	The city should subsidize small businesses in industries with large overhead costs.
13849249	我在这里有家人，离开时会很舍不得他们。	I have family here that I'll be sad to leave behind.
13850441	他拄拐󠄆杖。	He walks on crutches.
13850759	萨米试图从精神病院逃跑。	Sami tried to escape from the psychiatric hospital.
13852524	你会抄我的句子。	You will copy my phrases.
13854224	我只能看到闪烁的灯光。	All I could see was the flickering lights.
13855608	今天我和汤姆一起上班。	Today, I was at work with Tom.
13855619	他真的让我很反感。	He really turns me off.
13855620	民间运动表达了民间的不满。	Popular movements express popular displeasure.
13857134	我正好有你需要的东西。	I have exactly what you need.
13857140	哪些原因可能导致男性高潮障碍？	What can cause orgasm problems in men?
13858602	我只用一天就用铲子挖了一个大坑。	I dug a huge pit with my shovel in just one day.
13858742	你无法阻止他们的行动。	You were not able to check their movements.
13860122	汤姆遭遇了诈骗。	Tom got catfished.
13860184	看到鬼的时候，我吓得汗毛直竖。	When I saw the ghost, I was so frightened that my hair stood on end.
13861311	他将面临什么样的惩罚？	What punishment awaits him?
13861313	隔壁房间有个孩子在哭。	A kid was crying in the neighboring room.
13861335	求三角形内切圆的半径。	Find the radius of the incircle of the triangle.
13861338	我存在银行的钱利息非常低。	The money I have in the bank earns very low interest.
13862475	我不喜欢虚伪的信徒。	I don't like false believers.
13863120	我们当前的危机绝非单纯的经济危机。	Our current crisis is no mere economic crisis.
13863125	我没意识到汤姆在睡觉。	I didn't realize that Tom was asleep.
13867665	齐里向里瑪示范如何正确修剪棕櫚树。	Ziri showed Rima how to properly prune her palm trees.
13869030	我向国旗宣誓效忠。	I pledge allegiance to the flag.
13876572	汤姆无法反驳瑪丽的论点。	Tom was unable to refute Mary's arguments.
13876601	我不打算反驳你的论点。	I won't try to refute your theses.
13877239	他突然良心发现。	His conscience suddenly awoke in him.
13878209	辣椒是我最喜欢的香料之一。	Capsicum is one of my favorite spices.
13878938	一项新的法律生效了。	A new law has come into existence.
13879065	真理的语言必定是朴实无华、毫无矫饰的。	The language of truth must be, with no doubt, simple and without artifice.
13879867	汤姆指认了盗窃的职员。	Tom accused the employee of stealing.
13880546	你对这一切有什么感想？	How did you feel about all that?
13880616	我愿意无偿接下这件活。	I'd be willing to do that for free.
13880619	你有什么特殊的天赋吗？	Do you have any special talents?
13881212	我不认为我们能证明它。	I don't think that we'll be able to prove it.
13881215	他家的布局非常温馨。	His home is furnished in a very cozy way.
13881228	你看起来气色不太好。	You look pretty ill.
13881232	面包吃多了会难受的。	Too much bread makes you sick.
13881333	萨米建立了自己的队伍。	Sami formed his own team.
13881499	你认为汤姆很无耻吗？	Do you think Tom is unscrupulous?
13882166	汤姆清楚自己的局限。	Tom is aware of his own limitations.
13882177	改变同时蕴含着新生与毁灭。	Transformation is birth and death at the same time.
13884028	裁缝师要帮我重新修裤脚。	The tailor is going to redo the hem of my pants.
13884578	侧边栏显示在网站标志下方的页面边缘。	The sidebar is displayed on the edge of the page below the site logo.
13884917	汤姆饱受忧郁症之苦。	Tom struggles with depression.
13887453	汤姆挣扎着站了起来。	Tom struggled to his feet.
13887455	我明明没招惹任何人。	I didn't ask to be abused.
13887460	詹姆斯差不多该成年了。	James is almost a grown-up.
13889023	拉拉队的选拔在明天。	Cheerleading tryouts are tomorrow.
13890311	你可以尽管放心。	You can depend on it.
13890324	这个想法本身还可以。	The idea is not in itself a bad one.
13890334	这些失踪案件可能是谋杀。	These disappearances are probably murders.
13890335	我想知道我能怎样减肥。	I want to know how I can lose weight.
13890569	总体来说，贵族受到税收的影响微乎其微。	Generally speaking, nobles were only very slightly affected by taxes.
13891929	他毕竟是那个时代的人。	He's a product of his time.
13892065	我想向你打听点他的事。	I want to ask you about him.
13892981	我今晚没心力应付这件事。	I don't have the energy for this tonight.
13893631	新的社区中心在昨天隆重落成。	The new community center was inaugurated yesterday with pomp and circumstance.
13893669	汤姆认为答案是否定的。	Tom thinks the answer is no.
13893682	我眯了一会之后把作业写了。	I did my homework after I took a nap.
13893776	天气到现在竟然依旧很好。	It's hard to believe that it has been clear and sunny until now.
13893802	萨米手上的割伤犯痛了。	Sami's cut bit his hand.
13893804	我的阿姨因肺癌去世了。	My aunt died of lung cancer.
13893813	他的成功是必然的。	That he will succeed is certain.
13894754	我很讨厌没有边界感的人。	I don't like people who have no sense of boundaries.
13897750	这则报告在最近发布了。	The report has been recently published.
13899840	这款笔记型电脑价格亲民，技术领先。	The laptop provides cutting-edge technology at an affordable price.
13901891	斑尾塍鷸从阿拉斯加迁徙至纽西兰。	The bar-tailed godwit migrates from Alaska to New Zealand.
13902321	庞大而精妙的体系往往建立在几个简单的规则之上。	A vast and sophisticated system is usually based on a few simple rules.
13903349	我和汤姆轮流开车。	Tom and I took turns driving the car.
13904671	宗教不过是有组织的迷信加上一本畅销书。	Religion is just organised superstition with a bestseller.
13906303	我在找一份周末的零工。	I'm looking for a part-time job on weekends.
13907644	你不用担心宣传的事。	You don't have to worry about publicity.
13911353	我是个委托人。	I'm a client.
13911376	汤姆不会让步的。	Tom isn't going to back down.
13912409	我对你有所戒备。	I'm wary of you.
13916178	我们未曾说出口的话，份量沉重。	The weight of our unspoken words is heavy.
13916226	王冠上镶嵌着数十颗光彩夺目的宝石。	The crown is adorned with dozens of divinely lustrous gemstones.
13920544	一团尘土与瓦礫腾空而起，在空中盘旋了数分钟。	A cloud of dust and debris rose and lingered in the sky for a few minutes afterward.
13922403	不管你信不信，我和你一样巴不得想把这件事搞定。	Whether you believe it or not, I want to get this thing over with as much as you do.
13922478	你们俩什么时候见面的？	When did you two meet?
13929206	她为了完成生物学作业，研究了蝙蝠的解剖构造。	She studied the bat's anatomy for her biology project.
13931521	你的想法简直无可挑剔。	Your idea leaves nothing to be desired.
13938577	萨米收到了一大堆邮件。	Sami received tons of e-mails.
13938594	眨个眼的功夫，贡特就不见了。	In a wink, Gunter was gone.
13942378	但这是诽谤！	But this is libel!
13942862	清单依字母顺序排序。	The list was in alphabetical order.
13943178	在一整天工作的奔波中，她的腿变得酸痛。	Her feet were tired after a long day at work.
13943737	我正在变苗条！	I am getting slim!
13944419	我们不在一个水平上。	We are on the same level.
13947112	佳节时期，京都人山人海。	Kyoto is packed with people during the holiday season.
13949958	你一个月大概洗几次车？	About how many times a month do you wash your car?
13949962	我不知道他请假的原因。	I don't know the reason why he was absent.
13952261	老狗学不出新把戏。	An old dog cannot learn new tricks.
13953764	杭州是浙江省的省会。	Hangzhou is the provincial capital of Zhejiang Province.
13956876	我给他们烤了一些饼干。	I baked some cookies for them.
13958067	汤姆是他们最大的障碍。	Tom was the biggest obstacle for them.
13958069	汤姆很霸道。	Tom was bossy.
13958090	瑪莉不是有一些刺青吗？	Mary has a few tattoos, doesn't she?
13958137	丹尼尔开始花更多时间陪伴阿曼达，从而帮助她康复。	Daniel started spending more time with Amanda to help her heal.
13959011	这个人需要氧气。	This guy needs oxygen.
13964093	媒体抹黑了他的名誉。	The media stuck a shiv into his reputation.
13964123	她哼着四拍子的歌。	She hummed a song in four beats.
13964415	汤姆去学校学习调琴手艺。	Tom went to school to learn how to tune pianos.
13967744	这场讲座是浪费时间。	That lecture was a waste of time.
13967748	我去年动了青光眼手术。	I had an operation for glaucoma last year.
13971861	这是一段诡异的旋律。	This is a singable melody.
13971865	这段旋律的演绎真是完美无瑕。	The melody's execution was flawless.
13987326	我不想发财。	I don't want to be rich.
13990017	汤姆希望委员会采纳他的提案。	Tom was hoping the committee would adopt his proposal.
13990823	这是一场没有实质内容的争论。	It was an argument of little substance.
13992470	萨米十分了解这片区域。	Sami knows the area very well.
13992471	汤姆想要在郊区有个家。	Tom wanted a home in the suburbs.
13992586	汤姆不感到惭愧。	Tom doesn't feel ashamed.
13992594	请汤姆大声朗读纸上的内容。	I'd like Tom to read what's written on that paper aloud.
13994834	科技领域爆发了一场革命。	A revolution has occurred in technology.
13994840	你为什么不直接炒了他？	Why don't you just fire him?
13998065	我们姑且认为它是对的。	Let's assume this is correct for now.
13998248	我们的爱情就像肥皂泡一样脆弱。	Our love affair was as short-lived as a soap bubble.
13999968	「人道主义轰炸」一词是自相矛盾的。	The phrase "humanitarian bombing" is an oxymoron.
14003270	乱发誓会遭雷劈的。	If you swear reckless oaths, lightning will strike you.
14006241	汤姆和玛丽从他们各自的书桌前站起身来。	Tom and Mary got up from their desks.
14007080	他跟其他女生说话我会吃醋。	I get jealous when he talks to other girls.
14007081	这是舒缓的东方节奏。	It's a slow Oriental rhythm.
14007946	我买了一套新的音响。	I bought a set of brand new speakers.
14011172	打喷嚏是因为有人在想你。	When you sneeze, it means someone is thinking of you.
14013494	他遭遇了一场严重的意外。	He suffered from a bad accident.
14013546	汤姆长得比较成熟。	Tom is younger than he looks.
14013568	掰掰，明天见。	See you tomorrow, goodbye.
14013602	布雷特卡瓦诺是个强姦犯，应该予以撤职。	Brett Kavanaugh is a rapist and should be removed from office.
14013603	一般来说，日本人很勤奋。	Generally, the Japanese are diligent.
14013611	加博养的罗威纳犬肌肉极其发达。	Gabor's Rottweiler was massively muscular.
14013616	我知道你学得非常刻苦。	I know you've been studying very hard.
14014431	我刚刚脑中突然迸发一股意识流。	I just had an unexpected stream of consciousness.
14023294	我的磁带录音机需要维修。	My cassette tape recorder needs fixing.
14027271	伤口发炎后，他感到难忍无比的剧痛。	When the wound got infected, he experienced a bout of unbearable pain.
14027274	朋友伤心时，她轻声安慰他。	When her friend was sad, she comforted him.
14027279	这件事情真是太不可思议了。	This situation is truly unimaginable.
14028315	他在这次比赛中获得了冠军。	During this competition, he won first place (became the champion).
14028761	不要把个人行为上升到集体。	Don't generalize individual behavior to an entire group.
14028816	我吃了药，但完全没效果。	I took the medicine, but it didn't work at all.
14028832	对乙酰氨基酚是一种退烧药。	Acetaminophen is an antipyretic.
14028835	医生给我开了两粒酚咖片。	The doctor prescribed two acetaminophen‑caffeine tablets for me.
14033424	我可以指望从宽处理吗？	Can I count on leniency?
14037667	汤姆是一位青少年偶像。	Tom is a teen idol.
14037685	您的特长是什么？	What's your speciality?
14037692	弗罗里达有几个县？	How many counties are there in Florida?